name,Total_NF,NegativeNF,PositiveNF,name,Total_F,NegativeF,PositiveF,Name,TotalNF,NegNF,PosNF,name,Total_F_Added,NegF-added,posF-added
a2lettsome,0.11,0.00,0.11,a_epic,0.00,-0.18,0.18,a2lettsome,0.11,0.00,0.11,a_epic,0.00,-0.18,0.18
Aabbbyy_,0.64,-0.48,1.12,Aakarsh_sree,0.26,-0.22,0.48,Aabbbyy_,0.64,-0.48,1.12,Aakarsh_sree,0.26,-0.22,0.48
abcdefgayy,-0.19,-0.66,0.46,aarold01,0.26,-0.29,0.55,abcdefgayy,-0.19,-0.66,0.46,aarold01,0.26,-0.29,0.55
abdogmy1,0.00,-0.01,0.02,aaronpc59,-0.04,-0.09,0.05,abdogmy1,0.00,-0.01,0.02,aaronpc59,-0.04,-0.09,0.05
abelsniaz,0.06,-0.56,0.62,AboutIt_Tay,-0.09,-0.21,0.12,abelsniaz,0.06,-0.56,0.62,AboutIt_Tay,-0.09,-0.21,0.12
abydarmz,0.03,-0.58,0.61,ach_ayuneram,0.13,-0.04,0.17,abydarmz,0.03,-0.58,0.61,ach_ayuneram,0.13,-0.04,0.17
adamfleming96,-0.31,-0.78,0.47,adila145,0.09,-0.05,0.14,adamfleming96,-0.32,-0.78,0.47,adila145,0.09,-0.05,0.14
Adjoa_alldAy,0.20,-0.38,0.58,Admoretta,-0.11,-0.13,0.02,Adjoa_alldAy,0.20,-0.38,0.58,Admoretta,-0.11,-0.13,0.02
AGattoB_TCH16,0.33,-0.21,0.54,afifaabdjalil,0.12,-0.19,0.31,AGattoB_TCH16,0.33,-0.21,0.54,afifaabdjalil,0.12,-0.19,0.31
aj_emmanuel,0.25,-0.23,0.48,ahhh_dee,0.03,-0.47,0.50,aj_emmanuel,0.25,-0.23,0.48,ahhh_dee,0.02,-0.47,0.50
akaShelbs,-0.03,-0.66,0.63,ahhsahh,0.00,0.00,0.00,akaShelbs,-0.03,-0.66,0.63,ahhsahh,0.00,0.00,0.00
Al3nziBdr,0.00,0.00,0.00,ahmadniyzar_,0.09,-0.11,0.20,Al3nziBdr,0.00,0.00,0.00,ahmadniyzar_,0.09,-0.11,0.20
alanalovee,0.25,-0.45,0.70,ahxinnn_,-0.15,-0.51,0.36,alanalovee,0.25,-0.45,0.70,ahxinnn_,-0.15,-0.51,0.36
AliGaberAli,0.00,0.00,0.00,aida_almiron,-0.16,-0.18,0.03,AliGaberAli,0.00,0.00,0.00,aida_almiron,-0.16,-0.18,0.03
allstarsings,0.01,-0.41,0.43,aishanura,-0.36,-0.76,0.40,allstarsings,0.01,-0.41,0.43,aishanura,-0.36,-0.76,0.40
alvaromontes725,0.41,-0.10,0.51,AJHayez,0.12,-0.67,0.78,alvaromontes725,0.41,-0.10,0.51,AJHayez,0.12,-0.67,0.78
AmandaTaylor08,0.62,-0.30,0.92,akaasartule,0.14,-0.53,0.68,AmandaTaylor08,0.62,-0.30,0.92,akaasartule,0.14,-0.54,0.67
amerr_aref,0.14,-0.12,0.26,aldisha_tamara,0.22,-0.22,0.44,amerr_aref,0.14,-0.12,0.26,aldisha_tamara,0.22,-0.22,0.44
AmierBitch,-0.14,-0.52,0.38,Alex_Siber,0.66,-0.28,0.94,AmierBitch,-0.14,-0.52,0.38,Alex_Siber,0.66,-0.28,0.94
amit_chodhary,0.40,-0.02,0.42,alexa_grant,0.02,-0.48,0.49,amit_chodhary,0.40,-0.02,0.42,alexa_grant,0.01,-0.48,0.49
amndlno,0.13,-0.06,0.19,Alexandra__Rock,0.12,-0.21,0.33,amndlno,0.13,-0.06,0.19,Alexandra__Rock,0.11,-0.22,0.33
anaaryhn,0.25,-0.13,0.39,AlexandraaCasoo,0.10,-0.61,0.71,anaaryhn,0.25,-0.14,0.39,AlexandraaCasoo,0.10,-0.61,0.71
anabibah_,0.13,-0.08,0.21,AlexJimenezDj,-0.02,-0.07,0.05,anabibah_,0.13,-0.08,0.21,AlexJimenezDj,-0.02,-0.07,0.05
AndrewBunbury,-0.01,-0.65,0.64,alexxthorntonn,0.45,-0.32,0.77,AndrewBunbury,-0.01,-0.65,0.64,alexxthorntonn,0.45,-0.32,0.77
Ank_yuma1209,0.00,0.00,0.00,allenarayne,0.43,-0.52,0.95,Ank_yuma1209,0.00,0.00,0.00,allenarayne,0.43,-0.52,0.95
anoodii_72,0.00,0.00,0.00,allie_catt13,0.11,-0.37,0.48,anoodii_72,0.00,0.00,0.00,allie_catt13,0.10,-0.38,0.48
anyaxamor,-5.33,-5.33,0.00,AmandaJihan,0.24,-0.10,0.34,anyaxamor,-5.33,-5.33,0.00,AmandaJihan,0.24,-0.10,0.34
AOL28,0.23,-0.04,0.27,AmiliaPermataS,0.16,-0.04,0.20,AOL28,0.23,-0.04,0.27,AmiliaPermataS,0.16,-0.04,0.20
AREONE27,-0.04,-0.57,0.53,AmniiF_,0.10,-0.16,0.26,AREONE27,-0.04,-0.57,0.53,AmniiF_,0.10,-0.16,0.26
ArthaBliss,0.35,-0.04,0.40,AmyWilkes15,-0.09,-0.63,0.54,ArthaBliss,0.35,-0.05,0.39,AmyWilkes15,-0.09,-0.63,0.54
asdfgkxjd1,0.00,0.00,0.00,anacristina1227,0.03,-0.18,0.20,asdfgkxjd1,0.00,0.00,0.00,anacristina1227,0.03,-0.18,0.20
AshiAkira,0.84,-0.22,1.07,andrewdaaboul,0.14,-0.45,0.59,AshiAkira,0.84,-0.23,1.07,andrewdaaboul,0.14,-0.45,0.59
atah_ovagob91,0.00,0.00,0.00,AndyWeldon1,0.33,-0.38,0.71,atah_ovagob91,0.00,0.00,0.00,AndyWeldon1,0.33,-0.38,0.71
aussiesharapova,0.56,-0.29,0.85,AngelitaRam,-0.02,-0.09,0.07,aussiesharapova,0.56,-0.29,0.85,AngelitaRam,-0.02,-0.09,0.07
AustinTodd11,0.36,-0.09,0.45,anjeljaneh,0.80,-0.18,0.99,AustinTodd11,0.36,-0.09,0.45,anjeljaneh,0.80,-0.18,0.99
awaljani4,0.00,0.00,0.00,Anna8x8,0.64,-0.18,0.82,awaljani4,0.00,0.00,0.00,Anna8x8,0.64,-0.18,0.82
axia_yoon,0.73,-0.08,0.81,AnonDitto,-0.12,-0.63,0.51,axia_yoon,0.73,-0.08,0.80,AnonDitto,-0.12,-0.63,0.51
Ayeneellasoxx,0.27,-0.10,0.37,arctichowll,0.63,-0.29,0.92,Ayeneellasoxx,0.27,-0.10,0.37,arctichowll,0.63,-0.29,0.92
Ayo_Antwan41,-0.27,-0.72,0.45,Are_U_Hungry,0.72,-0.17,0.89,Ayo_Antwan41,-0.27,-0.72,0.45,Are_U_Hungry,0.72,-0.17,0.89
azimrajak,0.25,-0.11,0.37,ARTORICAL,0.40,-0.21,0.61,azimrajak,0.25,-0.11,0.37,ARTORICAL,0.40,-0.21,0.61
bakerbungle,1.71,-0.08,1.79,AryaSetiadharma,0.72,-0.07,0.78,bakerbungle,1.71,-0.08,1.79,AryaSetiadharma,0.72,-0.07,0.78
bakerstreetbee,0.38,-0.39,0.77,ASBuford,0.45,-0.11,0.56,bakerstreetbee,0.38,-0.39,0.77,ASBuford,0.45,-0.11,0.56
balbiie,0.08,-0.03,0.11,ashishk199463,0.05,-0.05,0.09,balbiie,0.08,-0.03,0.11,ashishk199463,0.04,-0.06,0.09
BalrajInsan,0.50,-0.03,0.53,Ashleey_Dallas,0.45,-0.24,0.68,BalrajInsan,0.50,-0.03,0.53,Ashleey_Dallas,0.45,-0.24,0.68
banditcab,-0.27,-0.66,0.39,AshleyChrysler,0.15,-0.48,0.63,banditcab,-0.27,-0.66,0.39,AshleyChrysler,0.15,-0.48,0.63
bangtanhomies,0.29,-0.08,0.37,AshMeLater__,0.36,-0.42,0.78,bangtanhomies,0.29,-0.08,0.37,AshMeLater__,0.36,-0.42,0.78
BarackObama_top,0.25,-0.39,0.64,astrology_day,0.61,-0.43,1.04,BarackObama_top,0.25,-0.39,0.64,astrology_day,0.61,-0.43,1.04
Barmenhr,0.06,-0.02,0.07,auliasantosa29,0.11,-0.05,0.16,Barmenhr,0.06,-0.02,0.07,auliasantosa29,0.11,-0.05,0.16
bekkysabasaba,0.00,0.00,0.00,AuraPOPofficial,1.26,-0.19,1.45,bekkysabasaba,0.00,0.00,0.00,AuraPOPofficial,1.26,-0.19,1.45
BethanyRaferty,0.04,-0.52,0.56,austinmohr00,0.00,0.00,0.00,BethanyRaferty,0.04,-0.52,0.56,austinmohr00,0.00,0.00,0.00
BicPEN_,0.06,-0.46,0.51,Autumnkylie1026,-0.29,-0.80,0.51,BicPEN_,0.05,-0.46,0.51,Autumnkylie1026,-0.29,-0.80,0.51
BIGBaller___,-0.46,-0.96,0.51,avecLamourCASSI,0.21,-0.39,0.60,BIGBaller___,-0.46,-0.96,0.51,avecLamourCASSI,0.21,-0.39,0.60
BilyRobledo,0.05,-0.12,0.17,Axis22,0.26,-0.40,0.66,BilyRobledo,0.05,-0.12,0.17,Axis22,0.26,-0.40,0.66
BiskuitOreo,0.02,-0.05,0.08,AyeeeBri,-0.06,-0.62,0.56,BiskuitOreo,0.02,-0.06,0.08,AyeeeBri,-0.06,-0.62,0.56
BlackDeath6371,-0.15,-0.46,0.30,Baileeyylynnn,0.40,-0.40,0.80,BlackDeath6371,-0.18,-0.48,0.30,Baileeyylynnn,0.40,-0.40,0.80
blessedis_me,0.09,-0.39,0.49,bambamtwins,0.34,-0.39,0.74,blessedis_me,0.09,-0.39,0.49,bambamtwins,0.34,-0.39,0.74
bo3li_alsalmi,0.02,-0.03,0.04,Bankruptcy2mBoo,0.52,-0.30,0.82,bo3li_alsalmi,0.02,-0.03,0.04,Bankruptcy2mBoo,0.52,-0.30,0.82
BrandonKobe_,0.15,-0.36,0.51,basedelena,-0.12,-0.67,0.56,BrandonKobe_,0.15,-0.36,0.51,basedelena,-0.12,-0.67,0.56
brilicarixx,0.07,-0.38,0.46,bbcof83,0.39,-0.32,0.72,brilicarixx,0.07,-0.38,0.46,bbcof83,0.39,-0.32,0.72
brk_news_now,-0.28,-0.75,0.47,beatriz_bieber9,0.05,-0.02,0.07,brk_news_now,-0.28,-0.75,0.47,beatriz_bieber9,0.05,-0.02,0.07
brownieji,0.11,-0.36,0.47,becca_hoffman22,0.18,-0.42,0.61,brownieji,0.11,-0.36,0.47,becca_hoffman22,0.18,-0.43,0.61
bureyy,0.14,-0.39,0.54,Becci_Chan,-0.09,-0.20,0.10,bureyy,0.14,-0.39,0.54,Becci_Chan,-0.09,-0.20,0.10
buritclosed,0.02,-0.03,0.05,BeckstromStacey,0.32,-0.32,0.65,buritclosed,0.02,-0.03,0.05,BeckstromStacey,0.32,-0.32,0.65
butl31006,0.00,0.00,0.00,Becky__Patten,0.05,-0.45,0.50,butl31006,0.00,0.00,0.00,Becky__Patten,0.05,-0.45,0.50
BuyMore_Condoms,-0.57,-0.96,0.39,beechEdesignz,0.60,-0.09,0.69,BuyMore_Condoms,-0.57,-0.97,0.39,beechEdesignz,0.59,-0.09,0.69
bxndhearts,0.17,-0.42,0.59,belieberxx97,1.28,-0.10,1.38,bxndhearts,0.17,-0.42,0.59,belieberxx97,1.28,-0.10,1.38
caesquivel04,0.49,-0.31,0.80,believier,0.10,-0.14,0.24,caesquivel04,0.48,-0.31,0.80,believier,0.10,-0.14,0.24
CANNIBOOTY,0.23,-0.34,0.57,BelSeQueMeAmas,-0.05,-0.12,0.07,CANNIBOOTY,0.23,-0.34,0.57,BelSeQueMeAmas,-0.05,-0.13,0.07
carlenefraser,0.41,-0.43,0.84,BeneGae,0.30,-0.30,0.60,carlenefraser,0.41,-0.43,0.84,BeneGae,0.30,-0.30,0.60
Carlos04185143,0.36,-0.14,0.50,Benfellows7,-0.23,-0.83,0.60,Carlos04185143,0.36,-0.14,0.50,Benfellows7,-0.23,-0.83,0.60
carlotafranco2,0.00,-0.04,0.04,bengillam,0.50,-0.43,0.93,carlotafranco2,0.00,-0.04,0.04,bengillam,0.50,-0.44,0.93
cdamodel,0.80,-0.25,1.05,BerdugoTamy,-0.21,-0.22,0.01,cdamodel,0.80,-0.25,1.05,BerdugoTamy,-0.21,-0.22,0.01
cel_1982,0.38,-0.04,0.42,Billgateslove,0.36,-0.45,0.81,cel_1982,0.38,-0.04,0.42,Billgateslove,0.36,-0.45,0.81
CelineDionFans2,0.95,-0.19,1.14,BLAC_MONA_LISA,-0.32,-0.93,0.61,CelineDionFans2,0.95,-0.19,1.14,BLAC_MONA_LISA,-0.33,-0.93,0.61
CheennyC,0.16,-0.14,0.30,blairecap,-0.55,-1.08,0.54,CheennyC,0.16,-0.14,0.30,blairecap,-0.55,-1.08,0.54
christine_cope,0.23,-0.11,0.33,BlogdaTM,-0.05,-0.06,0.02,christine_cope,0.23,-0.11,0.33,BlogdaTM,-0.05,-0.06,0.02
christinejbr_,0.41,-0.13,0.53,bowma02,0.17,-0.49,0.66,christinejbr_,0.40,-0.13,0.53,bowma02,0.17,-0.49,0.66
churchmarquis,0.25,-0.27,0.52,breendapillai_,0.42,-0.32,0.75,churchmarquis,0.25,-0.27,0.52,breendapillai_,0.42,-0.33,0.75
CiscoEngineers,0.56,-0.07,0.64,brhnita,0.04,-0.06,0.09,CiscoEngineers,0.56,-0.07,0.64,brhnita,0.03,-0.06,0.09
cjmyxhe,0.00,0.00,0.00,briannazeyhnn,0.05,-0.66,0.71,cjmyxhe,0.00,0.00,0.00,briannazeyhnn,0.05,-0.66,0.71
claaassic_alex,0.38,-0.37,0.75,bronXraised,0.01,-0.82,0.83,claaassic_alex,0.38,-0.37,0.75,bronXraised,0.01,-0.82,0.83
Claire_Ros27,0.25,-0.02,0.27,Brooklynnn_R,0.15,-0.60,0.75,Claire_Ros27,0.25,-0.02,0.27,Brooklynnn_R,0.15,-0.60,0.75
classi4u,1.32,-0.05,1.37,Brooklynnnn3,-0.36,-0.86,0.50,classi4u,1.32,-0.05,1.37,Brooklynnnn3,-0.36,-0.86,0.50
ClusterCOD,0.13,-0.41,0.54,BrownskinTee_1,0.52,-0.26,0.79,ClusterCOD,0.13,-0.41,0.54,BrownskinTee_1,0.52,-0.26,0.79
colbythecreator,-0.14,-0.65,0.51,bthurm85,-0.07,-0.55,0.47,colbythecreator,-0.14,-0.65,0.51,bthurm85,-0.08,-0.55,0.47
ColsAndrea20,0.29,-0.44,0.72,Bunnyloversyou,0.20,-0.50,0.70,ColsAndrea20,0.29,-0.44,0.72,Bunnyloversyou,0.20,-0.50,0.70
conqasport,1.69,-0.17,1.86,BVBfansUK_NW,0.73,-0.17,0.91,conqasport,1.69,-0.17,1.86,BVBfansUK_NW,0.73,-0.17,0.91
craicallaic,0.25,0.00,0.25,bwisebw,0.17,-0.37,0.54,craicallaic,0.25,0.00,0.25,bwisebw,0.17,-0.37,0.54
cramerreece,0.11,-0.11,0.22,C_mentzer,0.24,-0.40,0.63,cramerreece,0.11,-0.11,0.22,C_mentzer,0.23,-0.40,0.63
crueinvest,0.60,-0.20,0.80,camiich1D,-0.02,-0.15,0.13,crueinvest,0.60,-0.20,0.80,camiich1D,-0.02,-0.15,0.13
csickem4,0.27,-0.29,0.57,caparica1975,0.04,-0.30,0.34,csickem4,0.27,-0.29,0.57,caparica1975,0.04,-0.30,0.34
DaaYusof,0.04,-0.14,0.18,cARAbALSAM0,0.28,-0.35,0.64,DaaYusof,0.04,-0.14,0.18,cARAbALSAM0,0.28,-0.35,0.64
daddylyrical,-0.33,-0.62,0.29,carina_andrada,-0.20,-0.22,0.02,daddylyrical,-0.33,-0.62,0.29,carina_andrada,-0.20,-0.22,0.02
DaILLEST_Nick,-0.44,-0.77,0.33,CarloosGaarza7,-0.06,-0.13,0.07,DaILLEST_Nick,-0.44,-0.77,0.33,CarloosGaarza7,-0.06,-0.13,0.07
danikaharrod,0.27,-0.23,0.51,carlyjophillips,0.34,-0.33,0.67,danikaharrod,0.27,-0.23,0.51,carlyjophillips,0.34,-0.33,0.67
danisfahreza,0.21,-0.13,0.34,catarinaiaraujo,0.00,-0.04,0.03,danisfahreza,0.21,-0.13,0.34,catarinaiaraujo,0.00,-0.04,0.03
DawayneGadis,0.01,-0.60,0.61,cathyca_,-0.10,-0.21,0.11,DawayneGadis,0.01,-0.60,0.61,cathyca_,-0.10,-0.21,0.11
daymyanroberta,0.88,-0.16,1.04,CayleeCake_,0.45,-0.32,0.77,daymyanroberta,0.88,-0.16,1.04,CayleeCake_,0.45,-0.32,0.77
dazzsb,0.05,0.00,0.05,CBiscuit213,0.07,-0.38,0.45,dazzsb,0.05,0.00,0.05,CBiscuit213,0.07,-0.38,0.45
Delossantosccp,-0.63,-1.20,0.58,CCUSABiz,0.67,-0.08,0.76,Delossantosccp,-0.63,-1.20,0.58,CCUSABiz,0.67,-0.08,0.76
demihomo,0.01,-0.03,0.04,chanel_merp,0.39,-0.33,0.72,demihomo,0.01,-0.03,0.04,chanel_merp,0.39,-0.33,0.72
DestinoDaGod,-0.19,-0.77,0.58,chifumnanyao,0.63,-0.31,0.94,DestinoDaGod,-0.19,-0.77,0.58,chifumnanyao,0.63,-0.31,0.94
Destinyuhva,0.25,-0.56,0.81,ChildersMorgan,0.87,-0.26,1.13,Destinyuhva,0.25,-0.56,0.81,ChildersMorgan,0.87,-0.26,1.13
DFK007,0.32,-0.41,0.73,chinchilla_310,-0.16,-0.55,0.39,DFK007,0.32,-0.41,0.73,chinchilla_310,-0.16,-0.56,0.39
DianaMSharpton,0.43,-0.09,0.52,chizu0611,0.60,-0.01,0.62,DianaMSharpton,0.43,-0.09,0.52,chizu0611,0.60,-0.02,0.62
djgeemix,0.55,-0.16,0.71,Christiana1114,0.07,-0.63,0.70,djgeemix,0.54,-0.17,0.71,Christiana1114,0.07,-0.63,0.70
djsdrive,-0.17,-0.20,0.02,Christinaaa__xo,0.37,-0.26,0.63,djsdrive,-0.17,-0.20,0.02,Christinaaa__xo,0.37,-0.26,0.63
dmfa20871,0.00,0.00,0.00,ChunkyCheek1,-0.01,-0.28,0.27,dmfa20871,0.00,0.00,0.00,ChunkyCheek1,-0.01,-0.28,0.27
dmfa20915,0.00,0.00,0.00,cissatimm,-0.05,-0.11,0.05,dmfa20915,0.00,0.00,0.00,cissatimm,-0.05,-0.11,0.05
Do_Not_Honk,-0.08,-0.25,0.16,Cjrussell6,-1.01,-1.21,0.20,Do_Not_Honk,-0.09,-0.25,0.16,Cjrussell6,-1.01,-1.21,0.20
dohahamad6,0.00,0.00,0.00,cl4ppyG,-0.06,-0.15,0.09,dohahamad6,0.00,0.00,0.00,cl4ppyG,-0.07,-0.16,0.09
doili_tv,-0.25,-0.25,0.00,Claudiaahumada_,0.39,-0.47,0.85,doili_tv,-0.25,-0.25,0.00,Claudiaahumada_,0.39,-0.47,0.85
dOLLjayy,-0.43,-0.95,0.53,CliftonCafe,0.93,-0.08,1.01,dOLLjayy,-0.43,-0.95,0.53,CliftonCafe,0.93,-0.08,1.01
doublex2Dee,-0.51,-0.81,0.30,clioweb,0.66,-0.18,0.83,doublex2Dee,-0.51,-0.81,0.30,clioweb,0.66,-0.18,0.83
douglas_bowley,0.04,-0.64,0.67,clpauwels,0.46,-0.31,0.77,douglas_bowley,0.03,-0.64,0.67,clpauwels,0.46,-0.32,0.77
Dragger65,0.00,0.00,0.00,ColeBlooded16,-0.15,-0.83,0.69,Dragger65,0.00,0.00,0.00,ColeBlooded16,-0.15,-0.83,0.69
dream_chaser_10,-0.04,-0.55,0.51,ConorTheKing,0.77,-0.30,1.07,dream_chaser_10,-0.04,-0.55,0.51,ConorTheKing,0.77,-0.30,1.07
Druckinator,-0.32,-0.65,0.34,coughssparkles,0.65,-0.29,0.94,Druckinator,-0.33,-0.66,0.34,coughssparkles,0.65,-0.29,0.94
drzevetchin,0.09,-0.23,0.32,courrtsmithh,0.00,-0.62,0.62,drzevetchin,0.09,-0.24,0.32,courrtsmithh,0.00,-0.62,0.62
duanyien96,0.50,-0.06,0.55,CPVDAR23,0.38,-0.35,0.73,duanyien96,0.50,-0.06,0.55,CPVDAR23,0.38,-0.35,0.73
Ducks_P,0.18,-0.50,0.68,crystalarachnid,0.00,-0.26,0.26,Ducks_P,0.18,-0.50,0.68,crystalarachnid,0.00,-0.26,0.26
Dyosalevel999,0.21,-0.10,0.31,CrystalKuehl,1.25,-0.16,1.41,Dyosalevel999,0.21,-0.10,0.31,CrystalKuehl,1.25,-0.16,1.41
edwinhe70948041,-0.39,-0.85,0.46,CupidStunt_,0.13,-0.61,0.74,edwinhe70948041,-0.39,-0.85,0.46,CupidStunt_,0.13,-0.61,0.74
EiyzadChibi,0.11,-0.09,0.21,cwmpbb,-0.13,-0.67,0.54,EiyzadChibi,0.11,-0.09,0.21,cwmpbb,-0.13,-0.67,0.54
elardo_john,0.93,-0.06,0.99,czlivelovelaugh,0.86,-0.13,0.99,elardo_john,0.93,-0.06,0.99,czlivelovelaugh,0.86,-0.13,0.99
elibluejay,0.17,-0.35,0.51,damnrainydays,-0.39,-0.89,0.50,elibluejay,0.17,-0.35,0.51,damnrainydays,-0.39,-0.89,0.50
EliteGroupAlain,0.26,-0.19,0.45,danielle4334,0.25,-0.36,0.60,EliteGroupAlain,0.26,-0.20,0.45,danielle4334,0.24,-0.36,0.60
ellonor,0.33,-0.03,0.36,danielleburgoyn,-0.19,-0.71,0.52,ellonor,0.33,-0.04,0.36,danielleburgoyn,-0.19,-0.71,0.52
Elsie_geselsie,0.18,0.00,0.18,DarkheartUnique,0.04,-0.31,0.35,Elsie_geselsie,0.18,0.00,0.18,DarkheartUnique,0.04,-0.31,0.35
ema_1a,0.00,0.00,0.00,David_Nagy13,0.77,-0.18,0.95,ema_1a,0.00,0.00,0.00,David_Nagy13,0.77,-0.19,0.95
emacosc,-0.08,-0.41,0.33,davidclee818,-0.22,-0.54,0.32,emacosc,-0.08,-0.42,0.33,davidclee818,-0.22,-0.54,0.32
Emclub7,0.21,-0.30,0.51,DayleGifford,0.20,-0.56,0.76,Emclub7,0.21,-0.30,0.51,DayleGifford,0.20,-0.56,0.76
EmilyHara,0.10,-0.43,0.53,dead_babyy,0.04,-0.09,0.14,EmilyHara,0.10,-0.43,0.53,dead_babyy,0.04,-0.09,0.14
emogrl420,-0.59,-1.05,0.45,DebiSnyder,0.42,-0.29,0.71,emogrl420,-0.59,-1.05,0.45,DebiSnyder,0.42,-0.29,0.71
erectionchan,0.00,0.00,0.00,DecimusHilarius,-0.05,-1.00,0.95,erectionchan,0.00,0.00,0.00,DecimusHilarius,-0.05,-1.00,0.95
EstellePedreira,0.00,0.00,0.00,Deluxe_922,0.27,-0.24,0.51,EstellePedreira,0.00,0.00,0.00,Deluxe_922,0.27,-0.24,0.51
Eudogg,0.03,-0.68,0.70,denistancl,0.59,-0.16,0.75,Eudogg,0.03,-0.68,0.70,denistancl,0.59,-0.16,0.75
eunjiluveunji,0.35,-0.05,0.40,dhegan17,0.07,-0.51,0.58,eunjiluveunji,0.35,-0.05,0.40,dhegan17,0.07,-0.51,0.58
evandwizra,0.14,-0.21,0.36,diaspradiptaa,0.23,-0.04,0.27,evandwizra,0.14,-0.22,0.36,diaspradiptaa,0.23,-0.04,0.27
extra_royalty,0.43,-0.11,0.54,dickclucas,0.36,-0.26,0.62,extra_royalty,0.43,-0.11,0.54,dickclucas,0.36,-0.26,0.62
Eyyy_Flaca,0.39,-0.40,0.79,DJG1NUCS,-0.05,-0.12,0.07,Eyyy_Flaca,0.39,-0.40,0.79,DJG1NUCS,-0.05,-0.12,0.07
FaiiFanism,0.13,-0.02,0.15,DMariette,-0.05,-0.10,0.06,FaiiFanism,0.13,-0.02,0.15,DMariette,-0.05,-0.10,0.06
Faklasher,0.02,-0.35,0.36,docktimus_prime,0.29,-0.45,0.75,Faklasher,0.01,-0.35,0.36,docktimus_prime,0.29,-0.46,0.75
FamilyFirstGlos,0.81,-0.16,0.97,domingotrejo1,0.07,-0.10,0.17,FamilyFirstGlos,0.81,-0.16,0.97,domingotrejo1,0.07,-0.10,0.17
fannyy_babee,0.11,-0.70,0.81,DominickAzores1,0.21,-0.56,0.76,fannyy_babee,0.11,-0.71,0.81,DominickAzores1,0.21,-0.56,0.76
faridpier,0.11,-0.11,0.22,dopee_bitches,-0.51,-1.12,0.61,faridpier,0.11,-0.12,0.22,dopee_bitches,-0.51,-1.12,0.61
fatimaxox1,0.59,-0.28,0.88,dr_tatas,-0.35,-0.82,0.47,fatimaxox1,0.59,-0.28,0.88,dr_tatas,-0.35,-0.82,0.47
fawwazfarhan,0.19,-0.10,0.29,dreahelfer,0.43,-0.12,0.56,fawwazfarhan,0.19,-0.10,0.29,dreahelfer,0.43,-0.12,0.56
Federicoperez_8,-0.10,-0.12,0.02,dreayaya_WGP,0.03,-0.55,0.58,Federicoperez_8,-0.10,-0.12,0.02,dreayaya_WGP,0.03,-0.55,0.58
Fellywanjiku,0.18,-0.07,0.24,DrStrangeLove22,0.07,-0.37,0.44,Fellywanjiku,0.18,-0.07,0.24,DrStrangeLove22,0.07,-0.37,0.44
filpap,0.04,-0.02,0.06,Drunkbrunettes,-0.17,-0.65,0.48,filpap,0.04,-0.02,0.06,Drunkbrunettes,-0.17,-0.65,0.48
Fiona_Bruce,0.97,-0.29,1.26,DThcknSexc1,-0.23,-0.75,0.53,Fiona_Bruce,0.97,-0.29,1.26,DThcknSexc1,-0.23,-0.75,0.53
FirmacionShane,0.13,-0.17,0.30,dudeblood,0.07,-0.35,0.42,FirmacionShane,0.13,-0.17,0.30,dudeblood,0.07,-0.35,0.42
FlockWithFlacko,0.15,-0.38,0.52,Dukong_taeng,0.31,-0.10,0.41,FlockWithFlacko,0.15,-0.38,0.52,Dukong_taeng,0.31,-0.10,0.41
followme_ok,0.05,-0.03,0.07,dutchmaster_lex,0.38,-0.45,0.83,followme_ok,0.05,-0.03,0.07,dutchmaster_lex,0.38,-0.45,0.83
frjessie,0.03,-0.03,0.06,dwellenstein,4.18,-0.02,4.20,frjessie,0.03,-0.03,0.06,dwellenstein,4.18,-0.02,4.20
fxzxe,0.07,-0.07,0.14,dygmln,-0.06,-0.11,0.04,fxzxe,0.07,-0.07,0.14,dygmln,-0.07,-0.11,0.04
gadgetifo,0.10,-0.32,0.42,eastersss,0.23,-0.36,0.59,gadgetifo,0.10,-0.32,0.42,eastersss,0.23,-0.36,0.59
GaleTammy,0.09,-0.03,0.12,eddyvera0,0.03,-0.63,0.66,GaleTammy,0.09,-0.03,0.12,eddyvera0,0.03,-0.63,0.66
gavinparle,0.11,-0.41,0.51,elliee_baynham,-0.05,-0.64,0.59,gavinparle,0.11,-0.41,0.51,elliee_baynham,-0.06,-0.64,0.59
GcHekk,0.00,0.00,0.00,EllieHall8,0.25,-0.23,0.48,GcHekk,0.00,0.00,0.00,EllieHall8,0.25,-0.23,0.48
gen_karin,0.00,0.00,0.00,elliemcwilliams,1.28,-0.31,1.60,gen_karin,0.00,0.00,0.00,elliemcwilliams,1.28,-0.31,1.60
geonews_en,-0.70,-0.91,0.21,emilywoodford55,0.43,-0.48,0.91,geonews_en,-0.70,-0.91,0.21,emilywoodford55,0.43,-0.48,0.91
GERARDDDDoo,-0.18,-0.56,0.38,EmmaDarch,0.46,-0.24,0.71,GERARDDDDoo,-0.18,-0.56,0.38,EmmaDarch,0.46,-0.25,0.71
Gianna_Yates,0.05,-0.49,0.54,emmanicoleee__,0.22,-0.44,0.67,Gianna_Yates,0.05,-0.49,0.54,emmanicoleee__,0.22,-0.44,0.67
gilhakuno,0.18,-0.15,0.34,emmett_fox,0.08,-0.47,0.55,gilhakuno,0.18,-0.16,0.34,emmett_fox,0.08,-0.47,0.55
gocyjepaw,0.11,-0.11,0.22,erin_jamieson,0.23,-0.61,0.84,gocyjepaw,0.11,-0.11,0.22,erin_jamieson,0.23,-0.61,0.84
gtfbh,0.00,0.00,0.00,erinurban,0.41,-0.39,0.80,gtfbh,0.00,0.00,0.00,erinurban,0.41,-0.39,0.80
hafsahailey1,0.00,0.00,0.00,eromerox13,-0.39,-0.82,0.43,hafsahailey1,0.00,0.00,0.00,eromerox13,-0.39,-0.82,0.43
hanalakuzail,0.00,-0.01,0.01,EServanF,-0.03,-0.12,0.09,hanalakuzail,0.00,-0.01,0.01,EServanF,-0.03,-0.12,0.09
HarishBhaiJi,0.02,-0.25,0.27,essam71312,0.00,0.00,0.00,HarishBhaiJi,0.00,-0.26,0.27,essam71312,0.00,0.00,0.00
harshrajrox01,-0.27,-0.44,0.17,essmaxwell,0.40,-0.42,0.82,harshrajrox01,-0.27,-0.45,0.17,essmaxwell,0.39,-0.42,0.82
hartotodinataok,0.30,-0.19,0.49,ethanshumski4L,0.07,-0.70,0.77,hartotodinataok,0.30,-0.19,0.49,ethanshumski4L,0.07,-0.70,0.77
Haruto_osomathu,0.00,0.00,0.00,exim_102,0.01,-0.01,0.02,Haruto_osomathu,0.00,0.00,0.00,exim_102,0.01,-0.01,0.02
Haylee_Mccray,0.09,-0.59,0.68,exoternal,0.50,-0.20,0.70,Haylee_Mccray,0.09,-0.59,0.68,exoternal,0.50,-0.20,0.70
HCXBS,0.15,-0.03,0.17,FadyOnsy2,0.59,-0.05,0.64,HCXBS,0.15,-0.03,0.17,FadyOnsy2,0.56,-0.08,0.64
hdygdt2,0.00,0.00,0.00,FaisalBasrah,-0.01,-0.53,0.51,hdygdt2,0.00,0.00,0.00,FaisalBasrah,-0.01,-0.53,0.51
health_google,-0.44,-0.78,0.34,falcondelta81,0.10,-0.45,0.55,health_google,-0.44,-0.78,0.34,falcondelta81,0.10,-0.45,0.55
HeatonJoleen,0.04,-0.60,0.63,FaZePryZee,0.73,-0.31,1.04,HeatonJoleen,0.04,-0.60,0.63,FaZePryZee,0.72,-0.31,1.04
heyitsmeMARKKK,0.53,-0.10,0.64,Federiko21,0.09,-0.07,0.16,heyitsmeMARKKK,0.53,-0.10,0.64,Federiko21,0.09,-0.07,0.16
hkky49mi,0.03,0.00,0.03,fedesammartin,-0.19,-0.20,0.02,hkky49mi,0.03,0.00,0.03,fedesammartin,-0.19,-0.20,0.02
holleymarvin123,0.36,-0.29,0.65,FemiMykael,0.16,-0.23,0.38,holleymarvin123,0.36,-0.29,0.65,FemiMykael,0.16,-0.23,0.38
honeylito17,0.34,-0.03,0.38,FikriFiq1,0.13,-0.08,0.21,honeylito17,0.34,-0.03,0.37,FikriFiq1,0.13,-0.08,0.21
hopeforever72,0.25,-0.15,0.40,Floor_Sarmiento,0.00,0.00,0.00,hopeforever72,0.25,-0.15,0.40,Floor_Sarmiento,0.00,0.00,0.00
hsrryestyIes,-0.01,-0.07,0.06,fnspoon,0.13,-0.59,0.72,hsrryestyIes,-0.01,-0.07,0.06,fnspoon,0.13,-0.59,0.72
IaIaIander,0.00,0.00,0.01,foneribby,0.82,-0.17,0.99,IaIaIander,0.00,0.00,0.01,foneribby,0.82,-0.17,0.99
iamChaiiAbesia,0.20,-0.17,0.37,fournippalos,0.15,-0.44,0.59,iamChaiiAbesia,0.20,-0.17,0.37,fournippalos,0.15,-0.44,0.59
iammaf_,0.09,-0.10,0.19,foxconfessors,0.00,0.00,0.00,iammaf_,0.09,-0.10,0.19,foxconfessors,0.00,0.00,0.00
iamporgy,0.03,-0.45,0.47,Fr3nchfry1,0.06,-0.49,0.54,iamporgy,0.02,-0.45,0.47,Fr3nchfry1,0.06,-0.49,0.54
IamStevieAllen,0.29,-0.18,0.46,FriidaaNilsson,0.20,-0.16,0.36,IamStevieAllen,0.29,-0.18,0.46,FriidaaNilsson,0.20,-0.16,0.36
iamwizzz,0.07,-0.22,0.29,fsmerseyside,2.17,-0.07,2.24,iamwizzz,0.07,-0.22,0.29,fsmerseyside,2.17,-0.07,2.24
ice_cold_sky_,0.00,0.00,0.00,G_Amber,-0.05,-0.17,0.12,ice_cold_sky_,0.00,0.00,0.00,G_Amber,-0.05,-0.17,0.12
Idksok,0.34,-0.47,0.82,gabbi_tafoya,0.38,-0.64,1.02,Idksok,0.34,-0.48,0.82,gabbi_tafoya,0.38,-0.64,1.02
IfomaOkaye,-0.18,-0.62,0.44,GadgetShopNG,-0.32,-0.78,0.47,IfomaOkaye,-0.18,-0.62,0.44,GadgetShopNG,-0.32,-0.78,0.47
iGetCurved,-0.32,-0.72,0.40,GeorgeArmitage1,0.70,-0.48,1.19,iGetCurved,-0.32,-0.72,0.40,GeorgeArmitage1,0.70,-0.48,1.19
iHateDineshaa,-0.15,-0.75,0.60,GeorgeHicks_,-0.07,-0.66,0.59,iHateDineshaa,-0.15,-0.75,0.60,GeorgeHicks_,-0.07,-0.66,0.59
ijatsnake,-0.22,-0.55,0.33,geraldin_cf,0.62,-0.12,0.74,ijatsnake,-0.22,-0.55,0.33,geraldin_cf,0.62,-0.12,0.74
il_35i,0.00,0.00,0.00,ghh_ohh,-0.17,-0.68,0.51,il_35i,0.00,0.00,0.00,ghh_ohh,-0.17,-0.68,0.51
Im_Am_Cereal,0.22,0.00,0.22,gjdhddd,0.00,0.00,0.00,Im_Am_Cereal,0.22,0.00,0.22,gjdhddd,0.00,0.00,0.00
in2o14,0.24,-0.02,0.26,glassbeadian,-0.41,-0.62,0.21,in2o14,0.24,-0.02,0.26,glassbeadian,-0.42,-0.63,0.21
indotix,0.23,-0.03,0.26,glynncharn,0.60,-0.31,0.91,indotix,0.23,-0.03,0.26,glynncharn,0.60,-0.31,0.91
inejghvfa,0.23,-0.31,0.54,gntran,-0.26,-0.79,0.53,inejghvfa,0.22,-0.32,0.54,gntran,-0.27,-0.80,0.53
InvGurInd,0.05,-0.06,0.10,Goldiexantana,-0.58,-0.82,0.23,InvGurInd,0.03,-0.07,0.10,Goldiexantana,-0.58,-0.82,0.23
irenegorde,0.11,-0.28,0.39,gracegrace090,0.70,-0.22,0.92,irenegorde,0.11,-0.28,0.39,gracegrace090,0.70,-0.22,0.92
IsaiahWallace5,-0.26,-0.62,0.37,graceharpeer,0.77,-0.26,1.03,IsaiahWallace5,-0.26,-0.62,0.37,graceharpeer,0.77,-0.26,1.03
ITAINTCAD,0.00,-0.01,0.01,gracianana,0.54,-0.07,0.61,ITAINTCAD,0.00,-0.01,0.01,gracianana,0.54,-0.07,0.61
Its_3mmak,0.00,0.00,0.00,greer_court,0.14,-0.48,0.62,Its_3mmak,0.00,0.00,0.00,greer_court,0.14,-0.48,0.62
itsAnu_,-0.04,-0.47,0.43,GuguJue,0.13,-0.23,0.36,itsAnu_,-0.04,-0.47,0.43,GuguJue,0.13,-0.23,0.36
itslinamarie,0.49,-0.29,0.78,Guimasax,-0.05,-0.07,0.02,itslinamarie,0.49,-0.29,0.78,Guimasax,-0.05,-0.07,0.02
itsmeyayel,0.25,-0.03,0.28,gurnardd,-0.39,-0.77,0.38,itsmeyayel,0.25,-0.03,0.28,gurnardd,-0.39,-0.77,0.38
ItsSubject,0.12,-0.43,0.56,Guy_B13,-0.14,-0.66,0.53,ItsSubject,0.12,-0.43,0.56,Guy_B13,-0.14,-0.66,0.53
itzel_mtz11,-0.11,-0.66,0.55,gzmmocall,-0.03,-0.05,0.02,itzel_mtz11,-0.11,-0.66,0.55,gzmmocall,-0.03,-0.05,0.02
iwritefordrake,-0.12,-0.56,0.44,Haileyamanduhhh,0.23,-0.66,0.89,iwritefordrake,-0.12,-0.56,0.44,Haileyamanduhhh,0.23,-0.66,0.89
jackbumn,-0.02,-0.09,0.07,HAIRTRlCKS,0.62,-0.08,0.69,jackbumn,-0.03,-0.10,0.07,HAIRTRlCKS,0.62,-0.08,0.69
Jackelyn_xx,0.73,-0.27,1.00,Haitian_Hero,0.01,-0.61,0.62,Jackelyn_xx,0.73,-0.27,1.00,Haitian_Hero,0.01,-0.61,0.62
JaclynBradley,0.47,-0.36,0.83,HanFreakinSolo,0.15,-0.52,0.67,JaclynBradley,0.46,-0.36,0.83,HanFreakinSolo,0.15,-0.52,0.67
jainmonjain2009,0.56,-0.05,0.61,hatice_guvenc,0.00,0.00,0.00,jainmonjain2009,0.56,-0.05,0.61,hatice_guvenc,0.00,0.00,0.00
jamiefoster,1.57,0.00,1.57,hawaiiianlion,-0.06,-0.68,0.62,jamiefoster,1.57,0.00,1.57,hawaiiianlion,-0.06,-0.68,0.62
Jarshan990,0.00,0.00,0.00,hayleymccutie,0.46,-0.32,0.79,Jarshan990,0.00,0.00,0.00,hayleymccutie,0.46,-0.32,0.79
jasenty_x,0.13,-0.54,0.67,hazal_89,0.58,-0.33,0.90,jasenty_x,0.12,-0.54,0.67,hazal_89,0.58,-0.33,0.90
jav_girl,0.00,0.00,0.00,HelgeLeduc,0.94,-0.38,1.32,jav_girl,0.00,0.00,0.00,HelgeLeduc,0.94,-0.38,1.32
JBR_AlK,0.29,-0.14,0.43,Hello_jars,0.69,-0.41,1.10,JBR_AlK,0.29,-0.14,0.43,Hello_jars,0.69,-0.41,1.10
jennachiapas,0.32,-0.32,0.64,hermann_taylor,0.32,-0.32,0.65,jennachiapas,0.32,-0.32,0.64,hermann_taylor,0.32,-0.32,0.65
jesensjovan,0.02,-0.03,0.05,heyymaisarah,0.33,-0.28,0.61,jesensjovan,0.02,-0.04,0.05,heyymaisarah,0.33,-0.28,0.61
jessica___ruiz,0.12,-0.50,0.63,hidayahaha,0.27,-0.13,0.41,jessica___ruiz,0.12,-0.50,0.63,hidayahaha,0.27,-0.13,0.41
jill_jull,0.44,-0.19,0.63,HinaFood,0.00,0.00,0.00,jill_jull,0.44,-0.19,0.63,HinaFood,0.00,0.00,0.00
jimoanism,0.41,-0.25,0.66,HoiElvis,-0.06,-0.28,0.22,jimoanism,0.41,-0.25,0.66,HoiElvis,-0.06,-0.28,0.22
JINACONDA,0.09,-0.03,0.12,hoosierdaddytdh,0.51,-0.45,0.97,JINACONDA,0.08,-0.03,0.12,hoosierdaddytdh,0.51,-0.45,0.97
JkJkbabu6707,0.03,-0.02,0.05,Hozer12,0.21,-0.39,0.59,JkJkbabu6707,0.03,-0.02,0.05,Hozer12,0.21,-0.39,0.59
joanna230687,0.36,-0.05,0.41,Hozer93,0.56,-0.38,0.94,joanna230687,0.35,-0.06,0.41,Hozer93,0.56,-0.38,0.94
joedealsallday,0.10,-0.07,0.17,HunnyyyDipp,0.18,-0.59,0.78,joedealsallday,0.10,-0.07,0.17,HunnyyyDipp,0.18,-0.59,0.78
JoeZeejose,0.01,-0.46,0.47,hx_chen99,0.11,-0.15,0.25,JoeZeejose,0.01,-0.47,0.47,hx_chen99,0.11,-0.15,0.25
josweddingdress,0.21,-0.05,0.26,HyacinthieHannu,0.40,-0.61,1.02,josweddingdress,0.21,-0.05,0.26,HyacinthieHannu,0.40,-0.61,1.02
jrmnkng,0.00,0.00,0.00,Hypest_Nikku,-0.27,-0.61,0.34,jrmnkng,0.00,0.00,0.00,Hypest_Nikku,-0.27,-0.61,0.34
JunhuiHanWooSVT,0.20,-0.08,0.28,Iceberg942,-0.03,-0.07,0.04,JunhuiHanWooSVT,0.20,-0.08,0.28,Iceberg942,-0.03,-0.07,0.04
Jus_Stu,0.35,-0.28,0.63,imalwaysarusher,0.82,-0.11,0.93,Jus_Stu,0.34,-0.28,0.63,imalwaysarusher,0.82,-0.11,0.93
justintimeOO,0.15,-0.22,0.37,imbackUmbach,0.31,-0.42,0.74,justintimeOO,0.15,-0.22,0.37,imbackUmbach,0.31,-0.43,0.74
jxilimuy,0.12,-0.02,0.14,incorrperated,-0.13,-0.41,0.28,jxilimuy,0.12,-0.02,0.14,incorrperated,-0.13,-0.41,0.28
jyuken_eitango,0.00,0.00,0.00,indy_velez,-0.06,-0.54,0.48,jyuken_eitango,0.00,0.00,0.00,indy_velez,-0.07,-0.54,0.48
K9DoodiePatolr,0.45,-0.17,0.62,insha325_SM,0.96,-0.10,1.06,K9DoodiePatolr,0.45,-0.17,0.62,insha325_SM,0.96,-0.10,1.06
k__K2617,0.01,0.00,0.01,IntensiveAIM,0.05,-0.38,0.42,k__K2617,0.01,0.00,0.01,IntensiveAIM,0.05,-0.38,0.42
K_Smith_NZ,0.11,-0.70,0.80,IqbaalleBaale,0.33,-0.05,0.38,K_Smith_NZ,0.11,-0.70,0.80,IqbaalleBaale,0.33,-0.05,0.38
karlylemonroe,0.51,-0.30,0.81,iRenjiAbarai,0.38,-0.24,0.62,karlylemonroe,0.51,-0.30,0.81,iRenjiAbarai,0.38,-0.24,0.62
KatchHQ,0.28,-0.11,0.39,isaias_pereyra,-0.16,-0.17,0.01,KatchHQ,0.28,-0.11,0.39,isaias_pereyra,-0.16,-0.17,0.01
kavitac18,0.32,-0.02,0.33,iSandraRosado,-0.15,-0.17,0.02,kavitac18,0.32,-0.02,0.33,iSandraRosado,-0.15,-0.17,0.02
kaybabbyyy,0.39,-0.26,0.65,iTeshura,0.45,-0.19,0.63,kaybabbyyy,0.39,-0.26,0.65,iTeshura,0.45,-0.19,0.63
Kayshire_Cat,-0.15,-0.46,0.32,its_devinnnn,0.14,-0.45,0.59,Kayshire_Cat,-0.16,-0.47,0.32,its_devinnnn,0.14,-0.45,0.59
keeeen91019,0.00,0.00,0.00,Its_Shalom,0.21,-0.38,0.59,keeeen91019,0.00,0.00,0.00,Its_Shalom,0.21,-0.39,0.59
KeiradonnachieX,0.69,-0.48,1.17,itsbieberrs,0.08,-0.07,0.16,KeiradonnachieX,0.69,-0.48,1.17,itsbieberrs,0.08,-0.07,0.16
kelslynna,-0.17,-0.65,0.48,Itslexx16,-0.01,-0.55,0.54,kelslynna,-0.17,-0.65,0.48,Itslexx16,-0.02,-0.56,0.54
KhpalWaziristan,0.03,-0.02,0.05,itswhittt,0.77,-0.31,1.08,KhpalWaziristan,0.03,-0.02,0.05,itswhittt,0.77,-0.31,1.08
KhuloodAlNaqbi1,0.00,0.00,0.00,IvanAllanPoe,-0.02,-0.54,0.53,KhuloodAlNaqbi1,0.00,0.00,0.00,IvanAllanPoe,-0.02,-0.54,0.53
kiala3nidad,0.37,-0.12,0.50,iWonHunnit,-1.36,-1.81,0.45,kiala3nidad,0.37,-0.12,0.50,iWonHunnit,-1.36,-1.81,0.45
Kimmyjustsayinn,-0.11,-0.76,0.65,IzazagaJr,0.01,-0.56,0.57,Kimmyjustsayinn,-0.11,-0.76,0.65,IzazagaJr,0.01,-0.56,0.57
kina_yanae15,-0.11,-0.73,0.62,IzzatiMatSaberi,0.17,-0.19,0.36,kina_yanae15,-0.11,-0.73,0.62,IzzatiMatSaberi,0.17,-0.19,0.36
KingTBerry,0.23,-0.32,0.55,j0hnw0lf,0.19,-0.21,0.40,KingTBerry,0.23,-0.32,0.55,j0hnw0lf,0.19,-0.21,0.40
kopiarap,0.09,-0.04,0.13,j_aki_8,1.22,-0.14,1.37,kopiarap,0.09,-0.04,0.13,j_aki_8,1.22,-0.14,1.37
Koroccann,0.04,-0.58,0.62,j_wils96,0.72,-0.45,1.18,Koroccann,0.04,-0.58,0.62,j_wils96,0.72,-0.45,1.18
KroarRadio,0.67,-0.08,0.75,JacamusTaddamus,0.31,-0.36,0.67,KroarRadio,0.67,-0.08,0.75,JacamusTaddamus,0.31,-0.36,0.67
krpn444,0.00,0.00,0.01,JacobWampler18,0.45,-0.17,0.62,krpn444,0.00,0.00,0.01,JacobWampler18,0.45,-0.17,0.62
kvnyeshrug,-0.08,-0.56,0.47,JadeJones009,0.15,-0.43,0.58,kvnyeshrug,-0.09,-0.56,0.47,JadeJones009,0.15,-0.43,0.58
KyleChauvin,0.20,-0.37,0.57,jakevball,0.02,-0.45,0.47,KyleChauvin,0.20,-0.37,0.57,jakevball,0.02,-0.45,0.47
LakeshaAntoniew,0.00,0.00,0.00,jamoharvey,0.52,-0.23,0.75,LakeshaAntoniew,0.00,0.00,0.00,jamoharvey,0.52,-0.23,0.75
lalitweb,0.41,-0.22,0.62,Jana_Lamb,0.33,-0.37,0.69,lalitweb,0.40,-0.22,0.62,Jana_Lamb,0.32,-0.37,0.69
Le_Tebz,0.17,-0.34,0.51,JarbyDent,-0.10,-0.15,0.05,Le_Tebz,0.17,-0.34,0.51,JarbyDent,-0.10,-0.16,0.05
LetsGoKato,0.32,-0.39,0.72,javierbarkley,-0.03,-0.06,0.03,LetsGoKato,0.32,-0.39,0.72,javierbarkley,-0.03,-0.06,0.03
lexivalvo,-0.29,-0.78,0.50,jazzy_alejandra,0.18,-0.46,0.65,lexivalvo,-0.29,-0.78,0.50,jazzy_alejandra,0.18,-0.47,0.65
lhynneirish,0.41,-0.13,0.53,jelitaesther,0.03,-0.10,0.13,lhynneirish,0.40,-0.13,0.53,jelitaesther,0.03,-0.10,0.13
llllivv,1.06,-0.43,1.49,jenconroy___,0.79,-0.31,1.10,llllivv,1.06,-0.43,1.49,jenconroy___,0.79,-0.31,1.10
LostAtSea96,0.17,-0.49,0.66,jennayeshulas,0.18,-0.59,0.77,LostAtSea96,0.16,-0.50,0.66,jennayeshulas,0.18,-0.59,0.77
Louiestowell,0.65,-0.22,0.87,JennELo,0.44,-0.35,0.79,Louiestowell,0.65,-0.22,0.87,JennELo,0.44,-0.35,0.79
lovelynnapicog,0.47,-0.05,0.53,jeppersannn,-0.04,-0.64,0.60,lovelynnapicog,0.47,-0.05,0.53,jeppersannn,-0.04,-0.65,0.60
lovettejam,0.60,-0.10,0.70,jerome49k,-0.13,-0.21,0.09,lovettejam,0.60,-0.10,0.70,jerome49k,-0.13,-0.21,0.09
lsl_xo,0.13,-0.51,0.64,jerome559,-0.05,-0.51,0.46,lsl_xo,0.13,-0.51,0.64,jerome559,-0.05,-0.51,0.46
luisangel201410,-0.05,-0.16,0.11,jessica_wilcock,0.15,-0.51,0.66,luisangel201410,-0.05,-0.16,0.11,jessica_wilcock,0.15,-0.51,0.66
LukewarmCth,0.13,-0.32,0.45,JessiFreerickss,0.32,-0.69,1.01,LukewarmCth,0.13,-0.32,0.45,JessiFreerickss,0.32,-0.69,1.01
Lungstablaze,-0.13,-0.67,0.54,jesusemmanuelMV,-0.11,-0.14,0.03,Lungstablaze,-0.13,-0.67,0.54,jesusemmanuelMV,-0.11,-0.14,0.03
m62247576101,0.00,0.00,0.00,jesyadoin,0.16,-0.11,0.27,m62247576101,0.00,0.00,0.00,jesyadoin,0.16,-0.11,0.27
MackNSweetJones,-0.92,-1.40,0.48,JG90210,0.20,-0.12,0.32,MackNSweetJones,-0.92,-1.40,0.48,JG90210,0.20,-0.12,0.32
macsdr,0.26,-0.04,0.30,JJMORGAN9122,-0.40,-0.81,0.41,macsdr,0.26,-0.04,0.30,JJMORGAN9122,-0.40,-0.81,0.41
Madaaaam_,-0.34,-0.83,0.49,jkshukla87,0.07,0.00,0.07,Madaaaam_,-0.35,-0.83,0.49,jkshukla87,0.07,0.00,0.07
MagazineAlbania,-0.01,-0.02,0.01,Jlinewautier,0.00,-0.02,0.02,MagazineAlbania,-0.01,-0.02,0.01,Jlinewautier,0.00,-0.02,0.02
mahendrakdatu,0.60,-0.20,0.79,JMinords,-0.09,-0.53,0.44,mahendrakdatu,0.60,-0.20,0.79,JMinords,-0.09,-0.53,0.44
MakeIt1M,0.36,-0.07,0.43,Joanna_Mitton,0.34,-0.33,0.67,MakeIt1M,0.36,-0.08,0.43,Joanna_Mitton,0.34,-0.33,0.67
malayZii,0.05,-0.01,0.06,Joebar22,-0.17,-0.28,0.11,malayZii,0.05,-0.01,0.06,Joebar22,-0.17,-0.28,0.11
MalindaSmink,0.00,0.00,0.00,Joey_Bray1,-0.10,-0.48,0.38,MalindaSmink,0.00,0.00,0.00,Joey_Bray1,-0.10,-0.48,0.38
Mamdouhmone,0.00,0.00,0.00,johnantoine9,0.42,-0.28,0.69,Mamdouhmone,0.00,0.00,0.00,johnantoine9,0.42,-0.28,0.69
MandyHudack,0.43,0.00,0.43,JohnLouca,0.09,-0.53,0.63,MandyHudack,0.43,0.00,0.43,JohnLouca,0.09,-0.53,0.63
manicalIy,0.38,-0.40,0.78,johnnychronix,0.07,-0.45,0.53,manicalIy,0.38,-0.40,0.78,johnnychronix,0.07,-0.45,0.53
margweston,-0.01,-0.46,0.45,jokeyrhyme,-0.08,-0.51,0.43,margweston,-0.02,-0.47,0.45,jokeyrhyme,-0.09,-0.52,0.43
mariahmendez__,0.38,-0.27,0.65,jordan_kugler,-0.33,-0.65,0.32,mariahmendez__,0.38,-0.27,0.65,jordan_kugler,-0.34,-0.65,0.32
marissafierro,0.23,-0.44,0.68,jordanbroown,0.19,-0.55,0.74,marissafierro,0.23,-0.44,0.68,jordanbroown,0.19,-0.55,0.74
MarjorieDickins,0.71,-0.14,0.86,jordangroeningx,0.14,-0.39,0.54,MarjorieDickins,0.71,-0.14,0.86,jordangroeningx,0.14,-0.40,0.54
MarketThought1,1.38,-0.11,1.49,JoshInnes_WIP,-0.97,-1.58,0.61,MarketThought1,1.38,-0.11,1.49,JoshInnes_WIP,-0.97,-1.58,0.61
MarlenVina,0.00,0.00,0.00,joverman16,0.33,-0.36,0.69,MarlenVina,0.00,0.00,0.00,joverman16,0.33,-0.36,0.69
maryumizme,0.20,-0.20,0.40,jr_firefight68,0.06,-0.59,0.65,maryumizme,0.19,-0.20,0.40,jr_firefight68,0.05,-0.59,0.65
mathanagopal,0.12,-0.03,0.15,JRockErrday,-0.33,-0.88,0.55,mathanagopal,0.12,-0.03,0.15,JRockErrday,-0.33,-0.88,0.55
MayliR,1.14,-0.18,1.32,jswagsostupid,0.23,-0.53,0.76,MayliR,1.14,-0.18,1.32,jswagsostupid,0.23,-0.53,0.76
MaysRiney,-0.05,-0.09,0.04,judithjosee,0.21,-0.46,0.67,MaysRiney,-0.05,-0.09,0.04,judithjosee,0.21,-0.46,0.67
mDAVIDrr_,0.27,-0.13,0.40,JuggaMagicNinja,0.03,-0.70,0.73,mDAVIDrr_,0.27,-0.13,0.40,JuggaMagicNinja,0.03,-0.70,0.73
meagbelline19,0.59,-0.27,0.86,JungnanKang,0.00,0.00,0.00,meagbelline19,0.59,-0.27,0.86,JungnanKang,0.00,0.00,0.00
meanherrera,0.28,-0.14,0.42,JusnKng,0.38,-0.32,0.71,meanherrera,0.28,-0.14,0.42,JusnKng,0.38,-0.33,0.71
meganmcgee_,-0.39,-1.01,0.62,justianahmad,0.13,-0.03,0.16,meganmcgee_,-0.40,-1.02,0.62,justianahmad,0.13,-0.03,0.16
mengjiabae,0.17,-0.05,0.22,JWPoulin,0.17,-0.57,0.74,mengjiabae,0.17,-0.05,0.22,JWPoulin,0.17,-0.57,0.74
Mike_T_Lopez,-0.10,-0.44,0.34,K_Fdes,-0.07,-0.14,0.07,Mike_T_Lopez,-0.11,-0.44,0.34,K_Fdes,-0.07,-0.14,0.07
milksebaek,0.22,-0.12,0.33,kahlil_glenn,-0.02,-0.39,0.37,milksebaek,0.21,-0.12,0.33,kahlil_glenn,-0.02,-0.40,0.37
MLB_Scores_,0.34,-0.15,0.49,kaitlinrak,0.10,-0.41,0.52,MLB_Scores_,0.34,-0.15,0.49,kaitlinrak,0.10,-0.42,0.52
MMohsen29,0.00,0.00,0.00,kaitlint66,-0.33,-0.33,0.00,MMohsen29,0.00,0.00,0.00,kaitlint66,-0.33,-0.33,0.00
mochekke,0.22,-0.33,0.55,KaitlynnAjzensz,0.38,-0.60,0.98,mochekke,0.22,-0.34,0.55,KaitlynnAjzensz,0.38,-0.60,0.98
MohdAriadi,0.09,-0.09,0.18,kanabaa,0.02,0.00,0.02,MohdAriadi,0.09,-0.09,0.18,kanabaa,0.02,0.00,0.02
moxyfruvous,0.31,-0.36,0.67,karencopeland94,0.36,-0.52,0.88,moxyfruvous,0.31,-0.36,0.67,karencopeland94,0.36,-0.52,0.88
mozxa,0.01,0.00,0.01,karlaisakoolkat,0.47,-0.45,0.92,mozxa,0.01,0.00,0.01,karlaisakoolkat,0.47,-0.45,0.92
mr_iklan,0.03,-0.01,0.04,KaseyWarmington,0.23,-0.41,0.64,mr_iklan,0.03,-0.01,0.04,KaseyWarmington,0.23,-0.41,0.64
mr_solivigant,0.04,-0.46,0.50,katherine_nolem,0.42,-0.28,0.70,mr_solivigant,0.04,-0.46,0.50,katherine_nolem,0.42,-0.28,0.70
MrBurnett4,0.84,-0.12,0.96,KatieLovesBands,0.36,-0.44,0.79,MrBurnett4,0.84,-0.12,0.96,KatieLovesBands,0.35,-0.44,0.79
MrNoahItALL,-0.15,-0.48,0.33,katmbenno,0.83,-0.16,1.00,MrNoahItALL,-0.15,-0.48,0.33,katmbenno,0.83,-0.16,1.00
Mw2Alsaif,0.02,-0.02,0.04,katybugg_,0.46,-0.31,0.77,Mw2Alsaif,0.02,-0.02,0.04,katybugg_,0.46,-0.31,0.77
n_Clouds,0.94,-0.06,1.01,kayla_watt13,-0.14,-0.75,0.61,n_Clouds,0.94,-0.06,1.01,kayla_watt13,-0.14,-0.75,0.61
nadaaax0,0.07,-0.57,0.64,kaylagovernor,0.03,-0.56,0.59,nadaaax0,0.07,-0.57,0.64,kaylagovernor,0.03,-0.56,0.59
nadine_roca,0.11,-0.66,0.77,kaylancarlsonB,0.10,-0.70,0.80,nadine_roca,0.11,-0.66,0.77,kaylancarlsonB,0.10,-0.70,0.80
nahbutsrsly,0.53,-0.30,0.83,Kayzalfante,0.39,-0.22,0.61,nahbutsrsly,0.53,-0.30,0.83,Kayzalfante,0.39,-0.22,0.61
Nastsukii,0.14,-0.06,0.20,kazmiraemery,0.30,-0.37,0.67,Nastsukii,0.14,-0.06,0.20,kazmiraemery,0.30,-0.37,0.67
nawachad,0.04,-0.01,0.04,kdwhite81,0.49,-0.25,0.74,nawachad,0.04,-0.01,0.04,kdwhite81,0.49,-0.25,0.74
neezussays,-0.06,-0.65,0.59,kelsterwhytey,0.74,-0.25,0.99,neezussays,-0.06,-0.65,0.59,kelsterwhytey,0.74,-0.25,0.99
nextto16,0.12,-0.60,0.72,KendallRegina,-0.01,-0.59,0.58,nextto16,0.12,-0.60,0.72,KendallRegina,-0.01,-0.59,0.58
NhannaniMKamal,0.27,-0.11,0.38,kenilworthBar,0.68,-0.16,0.84,NhannaniMKamal,0.27,-0.11,0.38,kenilworthBar,0.68,-0.16,0.84
nicolaedwards5,0.96,-0.02,0.98,kenjeong,1.03,-0.15,1.18,nicolaedwards5,0.96,-0.02,0.98,kenjeong,1.03,-0.15,1.18
nicoleplayer16,-0.13,-0.59,0.46,kirstopher,0.73,-0.26,0.98,nicoleplayer16,-0.13,-0.60,0.46,kirstopher,0.73,-0.26,0.98
NikesBest37,-0.58,-0.92,0.33,kissmeimkitt,-0.44,-1.05,0.61,NikesBest37,-0.58,-0.92,0.33,kissmeimkitt,-0.44,-1.05,0.61
nmbleke,0.00,0.00,0.00,kitenge,0.25,-0.34,0.59,nmbleke,0.00,0.00,0.00,kitenge,0.25,-0.34,0.59
NOH8ER,-0.42,-0.75,0.34,KJenks11,0.54,-0.36,0.90,NOH8ER,-0.42,-0.76,0.34,KJenks11,0.54,-0.36,0.90
NokeAnn,0.38,-0.37,0.76,KnuteNutr,0.98,-0.06,1.04,NokeAnn,0.38,-0.37,0.76,KnuteNutr,0.98,-0.06,1.04
NorburyEva,0.37,-0.37,0.74,Kobe2333,0.44,-0.25,0.69,NorburyEva,0.37,-0.37,0.74,Kobe2333,0.43,-0.25,0.69
norihure_ne8949,0.00,0.00,0.00,Korinna10,0.67,-0.25,0.92,norihure_ne8949,0.00,0.00,0.00,Korinna10,0.67,-0.25,0.92
norma_dunham,0.37,-0.36,0.74,KSwarringin,0.85,-0.53,1.39,norma_dunham,0.37,-0.36,0.74,KSwarringin,0.85,-0.53,1.39
NormaBurton18,0.37,-0.37,0.74,KWEEN_Ci,0.23,-0.54,0.77,NormaBurton18,0.37,-0.37,0.74,KWEEN_Ci,0.22,-0.55,0.77
NotMyMoney_,0.01,-0.07,0.09,kyunggaysoo,0.03,-0.11,0.15,NotMyMoney_,0.01,-0.07,0.09,kyunggaysoo,0.03,-0.11,0.15
nouranatasha,0.29,-0.16,0.45,la_chica_marcia,-0.07,-0.10,0.04,nouranatasha,0.29,-0.16,0.45,la_chica_marcia,-0.07,-0.10,0.04
nrlnzhh,0.34,-0.13,0.48,laatee_,-0.21,-0.63,0.43,nrlnzhh,0.34,-0.13,0.48,laatee_,-0.21,-0.63,0.43
nrppp__,0.03,-0.04,0.07,laceyweisshull,-0.15,-0.62,0.47,nrppp__,0.03,-0.04,0.07,laceyweisshull,-0.16,-0.63,0.47
NS_bink,0.02,-0.01,0.03,LaCretiaWomack,0.90,-0.10,1.00,NS_bink,0.02,-0.01,0.03,LaCretiaWomack,0.90,-0.10,1.00
nt9909,0.00,0.00,0.00,LATibbetts,0.53,-0.20,0.73,nt9909,0.00,0.00,0.00,LATibbetts,0.53,-0.20,0.73
Nu_Dicklicious,0.17,-0.01,0.18,Lau_deRiiveyra,-0.11,-0.14,0.03,Nu_Dicklicious,0.17,-0.01,0.18,Lau_deRiiveyra,-0.11,-0.14,0.03
numykyferin,0.11,-0.11,0.22,lazer_laz,-0.04,-0.77,0.73,numykyferin,0.11,-0.11,0.22,lazer_laz,-0.04,-0.77,0.73
nursyxh,0.21,-0.37,0.58,lena_grace,0.34,-0.38,0.72,nursyxh,0.21,-0.37,0.58,lena_grace,0.34,-0.38,0.72
Nuubbiiaaa,0.23,-0.33,0.55,Leo_Bancroft,1.54,-0.12,1.65,Nuubbiiaaa,0.23,-0.33,0.55,Leo_Bancroft,1.54,-0.12,1.65
olt160,0.00,0.00,0.00,LeonyEmaHulerr,0.13,-0.02,0.15,olt160,0.00,0.00,0.00,LeonyEmaHulerr,0.13,-0.02,0.15
oproprioTEKNIK,-0.03,-0.11,0.09,LEXthePEX,0.55,-0.30,0.84,oproprioTEKNIK,-0.03,-0.12,0.09,LEXthePEX,0.55,-0.30,0.84
ovidiuebufnila,1.22,-0.03,1.25,lifenutrition,0.85,-0.32,1.17,ovidiuebufnila,1.22,-0.03,1.25,lifenutrition,0.85,-0.32,1.17
PangilinanZher,0.30,-0.12,0.42,Liguirofobico,-0.01,-0.13,0.12,PangilinanZher,0.30,-0.12,0.42,Liguirofobico,-0.01,-0.13,0.12
ParsonsBrett2,3.38,-0.09,3.47,liiisss_,0.01,-0.53,0.54,ParsonsBrett2,3.38,-0.09,3.47,liiisss_,0.01,-0.53,0.54
Pascacelio,-0.02,-0.11,0.09,lilee_rose,0.66,-0.17,0.82,Pascacelio,-0.02,-0.12,0.09,lilee_rose,0.66,-0.17,0.82
Pass_Da_Canobis,-0.33,-0.81,0.47,Lilllllaaaaay,-0.39,-0.94,0.55,Pass_Da_Canobis,-0.33,-0.81,0.47,Lilllllaaaaay,-0.39,-0.94,0.55
pavinsmommy,1.50,0.00,1.50,Live_Love_Nice,2.35,-0.57,2.91,pavinsmommy,1.50,0.00,1.50,Live_Love_Nice,2.35,-0.57,2.91
pcQnm2yC38KXUTk,0.00,0.00,0.00,lixjacky,0.61,-0.42,1.03,pcQnm2yC38KXUTk,0.00,0.00,0.00,lixjacky,0.61,-0.42,1.03
pem_cocoa,0.00,0.00,0.00,loa_marissa,0.07,-0.48,0.56,pem_cocoa,0.00,0.00,0.00,loa_marissa,0.07,-0.48,0.56
Phawazz,0.10,-0.42,0.52,lobakerrr,0.44,-0.39,0.82,Phawazz,0.10,-0.42,0.52,lobakerrr,0.44,-0.39,0.82
Physique_Pride,-0.22,-0.65,0.43,lomuellzzz3,0.90,-0.33,1.23,Physique_Pride,-0.22,-0.65,0.43,lomuellzzz3,0.89,-0.34,1.23
PrimateMgmt,0.18,-0.02,0.20,LongLiveAnt,-0.23,-0.72,0.49,PrimateMgmt,0.18,-0.02,0.20,LongLiveAnt,-0.23,-0.72,0.49
PrimatePromo,0.18,-0.02,0.20,LuArellanoC,-0.10,-0.14,0.04,PrimatePromo,0.18,-0.02,0.20,LuArellanoC,-0.10,-0.14,0.04
Privitheus,1.01,-0.13,1.14,LucasGraells,-0.17,-0.20,0.03,Privitheus,1.01,-0.13,1.14,LucasGraells,-0.17,-0.20,0.03
PRIYANLAKSHMAN,0.45,-0.03,0.49,lucianasimoes,-0.05,-0.17,0.11,PRIYANLAKSHMAN,0.45,-0.03,0.49,lucianasimoes,-0.05,-0.17,0.11
prtmADIn,0.07,-0.04,0.12,LuciDeacon,0.37,-0.65,1.02,prtmADIn,0.07,-0.04,0.12,LuciDeacon,0.37,-0.65,1.02
pummimi,0.02,-0.01,0.03,luisb21_,0.12,-0.50,0.62,pummimi,0.02,-0.01,0.03,luisb21_,0.12,-0.50,0.62
Punga007,-0.14,-0.60,0.46,lujop83,0.54,-0.23,0.78,Punga007,-0.14,-0.60,0.46,lujop83,0.54,-0.23,0.78
queenaleezy,0.07,-0.56,0.64,Lukash_Money,0.00,-0.46,0.46,queenaleezy,0.07,-0.56,0.64,Lukash_Money,0.00,-0.46,0.46
rachelbleh,0.14,-0.34,0.48,luklovesgreenb1,0.09,-0.32,0.42,rachelbleh,0.13,-0.34,0.48,luklovesgreenb1,0.09,-0.32,0.42
RaelDanny,-0.10,-0.71,0.61,lukymere,-0.11,-0.13,0.02,RaelDanny,-0.10,-0.71,0.61,lukymere,-0.11,-0.13,0.02
RatanLang,0.10,-0.42,0.52,Lynnielou77,0.90,-0.27,1.17,RatanLang,0.10,-0.42,0.52,Lynnielou77,0.90,-0.27,1.17
rayanalnoh,0.00,0.00,0.00,m_liller,0.15,-0.31,0.46,rayanalnoh,0.00,0.00,0.00,m_liller,0.13,-0.33,0.46
rebeccawoford,0.00,-0.60,0.60,mackkieeee,0.24,-0.44,0.68,rebeccawoford,0.00,-0.60,0.60,mackkieeee,0.24,-0.44,0.68
ReganWoodard,0.07,-0.47,0.54,Maddawg_Davis,0.12,-0.55,0.67,ReganWoodard,0.07,-0.47,0.54,Maddawg_Davis,0.12,-0.55,0.67
RenzelMcSilver,0.14,-0.02,0.16,Maddlynn13,0.22,-0.45,0.67,RenzelMcSilver,0.14,-0.03,0.16,Maddlynn13,0.22,-0.45,0.67
Rep_World_Peace,-0.69,-1.11,0.41,Maddy_Stricks,0.21,-0.37,0.58,Rep_World_Peace,-0.69,-1.11,0.41,Maddy_Stricks,0.21,-0.37,0.58
ribkashi,0.00,0.00,0.00,Madison_Moore16,0.29,-0.44,0.73,ribkashi,0.00,0.00,0.00,Madison_Moore16,0.29,-0.44,0.73
rissa__09,-0.16,-0.66,0.50,MadisonUli,0.20,-0.45,0.64,rissa__09,-0.16,-0.67,0.50,MadisonUli,0.20,-0.45,0.64
roberta25s,0.08,-0.27,0.35,MadisonUlm,0.33,-0.21,0.54,roberta25s,0.08,-0.27,0.35,MadisonUlm,0.33,-0.21,0.54
rochaiko,-0.07,-0.58,0.50,MadisonW44,0.29,-0.33,0.62,rochaiko,-0.07,-0.58,0.50,MadisonW44,0.29,-0.33,0.62
RogerVolcano52,-0.30,-0.59,0.29,MadMacdonald,0.51,-0.31,0.82,RogerVolcano52,-0.31,-0.60,0.29,MadMacdonald,0.51,-0.31,0.82
royallyhurt,0.09,-0.31,0.40,MaDStaR91,-0.14,-0.17,0.03,royallyhurt,0.09,-0.31,0.40,MaDStaR91,-0.14,-0.17,0.03
rpillamaweather,1.70,0.00,1.70,MahoneMaBoy,0.44,-0.11,0.55,rpillamaweather,1.70,0.00,1.70,MahoneMaBoy,0.44,-0.11,0.55
RTfeet,0.12,-0.40,0.52,Makakaila,-0.12,-0.49,0.37,RTfeet,0.12,-0.40,0.52,Makakaila,-0.12,-0.49,0.37
Rugbykoutaro_11,0.00,0.00,0.00,maloney_hannah,0.50,-0.46,0.97,Rugbykoutaro_11,0.00,0.00,0.00,maloney_hannah,0.50,-0.46,0.97
ruthlessyesenia,-0.21,-0.65,0.44,ManuSolivella7,-0.06,-0.10,0.03,ruthlessyesenia,-0.21,-0.65,0.44,ManuSolivella7,-0.06,-0.10,0.03
rxmez,-0.03,-0.51,0.48,MarcPatterson89,0.14,-0.67,0.80,rxmez,-0.04,-0.52,0.48,MarcPatterson89,0.14,-0.67,0.80
samacharsar,0.00,0.00,0.00,MarijoSalaas,-0.21,-0.22,0.01,samacharsar,0.00,0.00,0.00,MarijoSalaas,-0.21,-0.22,0.01
SamiBhai22,0.00,0.00,0.00,Marim0419,-0.11,-0.64,0.54,SamiBhai22,0.00,0.00,0.00,Marim0419,-0.11,-0.64,0.54
SamsungSupport,0.93,-0.18,1.11,marteeenez,-0.17,-0.69,0.52,SamsungSupport,0.93,-0.18,1.11,marteeenez,-0.17,-0.69,0.52
sanjayator,-0.07,-0.25,0.18,martmannion,0.21,-0.44,0.65,sanjayator,-0.08,-0.25,0.18,martmannion,0.21,-0.44,0.65
sanomaru02251,0.00,0.00,0.00,marv_p,0.18,-0.10,0.28,sanomaru02251,0.00,0.00,0.00,marv_p,0.18,-0.10,0.28
SarbjeetInsan1,0.35,-0.01,0.36,Marvel_Life,0.50,0.00,0.50,SarbjeetInsan1,0.35,-0.01,0.36,Marvel_Life,0.50,0.00,0.50
sarsha121,0.00,0.00,0.00,mashy2,0.17,-0.32,0.49,sarsha121,0.00,0.00,0.00,mashy2,0.17,-0.32,0.49
sayir07,0.02,-0.01,0.03,Masta_Blasta47,0.26,-0.39,0.65,sayir07,0.02,-0.01,0.03,Masta_Blasta47,0.26,-0.39,0.65
ScarfFash,0.04,-0.46,0.51,mathewflorence3,0.02,-0.49,0.51,ScarfFash,0.04,-0.46,0.51,mathewflorence3,0.02,-0.49,0.51
ScienciaGeograp,0.11,-0.11,0.22,mathewmm28,0.33,-0.45,0.79,ScienciaGeograp,0.11,-0.11,0.22,mathewmm28,0.33,-0.45,0.79
ScottyPenguin,-0.37,-0.73,0.36,matttiiiii,1.04,-0.21,1.26,ScottyPenguin,-0.37,-0.73,0.36,matttiiiii,1.04,-0.21,1.26
seandoncito,-0.05,-0.52,0.48,maybebecca,0.11,-0.56,0.67,seandoncito,-0.05,-0.52,0.48,maybebecca,0.11,-0.56,0.67
secretmixerx,0.34,-0.10,0.44,mayraylikesmen,0.27,-0.42,0.69,secretmixerx,0.34,-0.10,0.44,mayraylikesmen,0.27,-0.42,0.69
sena_kishito,0.00,0.00,0.00,maythesegura,-0.06,-0.15,0.10,sena_kishito,0.00,0.00,0.00,maythesegura,-0.06,-0.15,0.10
sesamakaltim,-0.10,-0.21,0.11,MecitTUFEKCIOLU,-0.01,-0.01,0.00,sesamakaltim,-0.10,-0.21,0.11,MecitTUFEKCIOLU,-0.01,-0.01,0.00
SevenEasyWays,1.86,-0.07,1.94,Megadethchic,0.37,-0.53,0.90,SevenEasyWays,1.86,-0.07,1.94,Megadethchic,0.37,-0.53,0.90
SGDinero97,-0.41,-0.90,0.48,melaniesunshine,0.26,-0.43,0.69,SGDinero97,-0.41,-0.90,0.48,melaniesunshine,0.26,-0.43,0.69
ShanenRein,0.26,-0.20,0.46,Melizmelon,0.17,-0.50,0.68,ShanenRein,0.25,-0.21,0.46,Melizmelon,0.17,-0.50,0.68
ShannonSibbell,0.62,-0.19,0.81,MeLza_17,0.81,-0.09,0.90,ShannonSibbell,0.62,-0.19,0.81,MeLza_17,0.81,-0.09,0.90
SharanAdlem,0.94,-0.54,1.48,MeralKyncck,0.05,-0.03,0.08,SharanAdlem,0.94,-0.54,1.48,MeralKyncck,0.05,-0.03,0.08
sheila0314,0.44,-0.04,0.48,Meryconley,-0.17,-0.26,0.10,sheila0314,0.44,-0.04,0.48,Meryconley,-0.17,-0.26,0.10
SheilaBabington,0.63,-0.19,0.81,MESSinAZ5,-0.17,-0.39,0.23,SheilaBabington,0.63,-0.19,0.81,MESSinAZ5,-0.18,-0.41,0.23
shelby_knight36,-0.07,-0.48,0.41,mexico_jojo,-0.63,-1.02,0.39,shelby_knight36,-0.07,-0.48,0.41,mexico_jojo,-0.63,-1.02,0.39
shishuworld,0.59,-0.08,0.67,michaelaianaki,0.76,-0.29,1.04,shishuworld,0.59,-0.08,0.67,michaelaianaki,0.76,-0.29,1.04
SianEBones,0.57,-0.30,0.87,michaelbarbz22,0.22,-0.47,0.70,SianEBones,0.57,-0.30,0.87,michaelbarbz22,0.22,-0.48,0.70
SilberWorldNews,-0.37,-0.72,0.35,midnightcrawls,-0.20,-0.83,0.63,SilberWorldNews,-0.37,-0.72,0.35,midnightcrawls,-0.20,-0.83,0.63
Silent_J_,-0.13,-0.55,0.42,mikemeginnis,0.26,-0.46,0.72,Silent_J_,-0.13,-0.55,0.42,mikemeginnis,0.26,-0.46,0.72
SimpleDee_22,-0.06,-0.53,0.46,mirandalhouse,0.56,-0.30,0.86,SimpleDee_22,-0.06,-0.53,0.46,mirandalhouse,0.56,-0.30,0.86
singladeepak551,0.44,-0.01,0.45,MissJess_x,0.21,-0.37,0.57,singladeepak551,0.44,-0.01,0.45,MissJess_x,0.21,-0.37,0.57
smearedeyes,0.10,-0.51,0.61,Missus_Johnson,0.73,-0.44,1.17,smearedeyes,0.10,-0.51,0.61,Missus_Johnson,0.73,-0.44,1.17
SnipinSully,0.31,-0.22,0.53,MisterKwakuJ,0.37,-0.34,0.70,SnipinSully,0.31,-0.22,0.53,MisterKwakuJ,0.36,-0.34,0.70
sooso61,0.00,0.00,0.00,mitchmalady,0.27,-0.33,0.59,sooso61,0.00,0.00,0.00,mitchmalady,0.27,-0.33,0.59
SoundCityMiz,0.03,-0.38,0.40,mmargot94,-0.22,-0.23,0.01,SoundCityMiz,0.03,-0.38,0.40,mmargot94,-0.22,-0.23,0.01
spe77pp,0.00,0.00,0.00,mocamylo,0.08,-0.09,0.18,spe77pp,0.00,0.00,0.00,mocamylo,0.08,-0.10,0.18
spunppppp,0.03,-0.01,0.04,mogulssitontop,0.57,-0.22,0.79,spunppppp,0.03,-0.01,0.04,mogulssitontop,0.57,-0.22,0.79
SQR_ghamed,0.00,0.00,0.00,MorenaCardella,-0.15,-0.18,0.03,SQR_ghamed,0.00,0.00,0.00,MorenaCardella,-0.15,-0.18,0.03
stephmarylee,-0.28,-0.80,0.52,MorganAshline,0.05,-0.44,0.49,stephmarylee,-0.28,-0.80,0.52,MorganAshline,0.05,-0.44,0.49
STEVGDE,0.15,-0.45,0.60,MorganStolpa,0.53,-0.32,0.85,STEVGDE,0.15,-0.45,0.60,MorganStolpa,0.53,-0.32,0.85
Stockfiendz,1.35,0.00,1.35,Morse781,-0.66,-1.00,0.33,Stockfiendz,1.35,0.00,1.35,Morse781,-0.67,-1.00,0.33
stwa29209,0.00,0.00,0.00,MSfunsize69,-0.64,-1.16,0.52,stwa29209,0.00,0.00,0.00,MSfunsize69,-0.64,-1.16,0.52
SueHoll09387870,0.19,-0.45,0.64,MSheikh313,0.35,-0.40,0.75,SueHoll09387870,0.19,-0.45,0.64,MSheikh313,0.35,-0.40,0.75
Sumankarki05,0.06,-0.03,0.09,MsKristii,0.31,-0.22,0.53,Sumankarki05,0.06,-0.03,0.09,MsKristii,0.31,-0.22,0.53
SunilAshi,0.39,-0.01,0.40,msmaddierae,0.21,-0.21,0.42,SunilAshi,0.39,-0.01,0.40,msmaddierae,0.21,-0.21,0.42
sunitanimbalkar,0.81,-0.03,0.84,MSP_Traffic,-0.46,-0.81,0.35,sunitanimbalkar,0.81,-0.03,0.84,MSP_Traffic,-0.46,-0.81,0.35
svnnyxlne,0.28,-0.25,0.53,MsTj_Siqila,0.07,-0.37,0.44,svnnyxlne,0.28,-0.25,0.53,MsTj_Siqila,0.07,-0.37,0.44
syaf106,0.25,-0.11,0.36,muhness,0.12,-0.51,0.64,syaf106,0.25,-0.11,0.36,muhness,0.12,-0.51,0.64
syphm1,-0.13,-0.46,0.33,muxiqboi,-0.03,-0.43,0.40,syphm1,-0.13,-0.46,0.33,muxiqboi,-0.03,-0.43,0.40
syqinnygenes,0.80,-0.25,1.05,NakelleLoveshim,-0.19,-0.70,0.50,syqinnygenes,0.80,-0.25,1.05,NakelleLoveshim,-0.19,-0.70,0.50
syriasIy,0.12,-0.52,0.64,Nannaklausen,0.91,-0.13,1.03,syriasIy,0.11,-0.52,0.64,Nannaklausen,0.90,-0.13,1.03
Taehyuns_ARMY,0.61,-0.21,0.82,Nat_xoo,0.07,-0.46,0.53,Taehyuns_ARMY,0.60,-0.22,0.82,Nat_xoo,0.07,-0.46,0.53
tamiaraeleen,-0.07,-0.64,0.57,naterwallace,0.35,-0.28,0.63,tamiaraeleen,-0.07,-0.64,0.57,naterwallace,0.35,-0.28,0.63
tanmanlaflaree,-0.47,-1.04,0.57,NDolegiewicz,0.39,-0.01,0.41,tanmanlaflaree,-0.47,-1.04,0.57,NDolegiewicz,0.39,-0.02,0.41
tanya_tiller,-0.64,-0.97,0.32,NeelakshiDon,0.98,-0.34,1.32,tanya_tiller,-0.65,-0.97,0.32,NeelakshiDon,0.98,-0.34,1.32
TashpointO0,0.05,-0.49,0.54,neetchi,0.15,-0.32,0.47,TashpointO0,0.05,-0.49,0.54,neetchi,0.15,-0.32,0.47
teamleaa,0.63,-0.08,0.71,negreteeashley,2.17,-0.21,2.38,teamleaa,0.63,-0.08,0.71,negreteeashley,2.17,-0.21,2.38
TechNewsTrend,0.30,-0.36,0.66,NellyOranje,-0.06,-0.14,0.08,TechNewsTrend,0.30,-0.36,0.66,NellyOranje,-0.06,-0.14,0.08
telehitamame,0.05,-0.05,0.10,ngrmhl,0.25,-0.07,0.31,telehitamame,0.05,-0.05,0.10,ngrmhl,0.25,-0.07,0.31
tembame2comey,-0.07,-0.07,0.00,niall4chicken,0.58,-0.19,0.78,tembame2comey,-0.07,-0.07,0.00,niall4chicken,0.58,-0.19,0.78
temporlarriefix,0.52,-0.07,0.59,nickmanchip,0.27,-0.22,0.48,temporlarriefix,0.52,-0.07,0.59,nickmanchip,0.27,-0.22,0.48
Tetteh_Obuobi,0.45,-0.36,0.81,nicoleherygers,0.21,-0.46,0.67,Tetteh_Obuobi,0.45,-0.36,0.81,nicoleherygers,0.21,-0.46,0.67
tewi_en,0.13,-0.30,0.42,nicolesmith_xo,1.08,-0.43,1.51,tewi_en,0.13,-0.30,0.42,nicolesmith_xo,1.08,-0.43,1.51
TEZY_T,0.11,-0.44,0.55,nmpanek,0.82,-0.10,0.91,TEZY_T,0.11,-0.44,0.55,nmpanek,0.81,-0.10,0.91
thegerb7,0.59,-0.36,0.95,NNGGMarbellaSP,0.03,-0.09,0.11,thegerb7,0.59,-0.36,0.95,NNGGMarbellaSP,0.03,-0.09,0.11
TheGunM4g,0.48,-0.27,0.75,nohup,0.00,0.00,0.00,TheGunM4g,0.48,-0.28,0.75,nohup,0.00,0.00,0.00
TheJhongTitle,0.56,-0.27,0.83,nokidrauhls,0.40,-0.09,0.49,TheJhongTitle,0.56,-0.27,0.83,nokidrauhls,0.40,-0.09,0.49
theKTB,0.40,-0.36,0.76,Nunu_Hope,0.48,-0.44,0.92,theKTB,0.40,-0.36,0.76,Nunu_Hope,0.48,-0.44,0.92
TheRealLumpen,0.28,-0.20,0.48,obeyastrid,-0.02,-0.71,0.69,TheRealLumpen,0.28,-0.20,0.48,obeyastrid,-0.02,-0.71,0.69
TheReelStevie_J,-0.07,-0.57,0.51,Oh_moreninha,0.09,0.00,0.09,TheReelStevie_J,-0.07,-0.57,0.51,Oh_moreninha,0.09,0.00,0.09
this_is_teyak,0.41,-0.04,0.45,ojfabolouslife,-0.44,-0.91,0.47,this_is_teyak,0.41,-0.04,0.45,ojfabolouslife,-0.44,-0.91,0.47
tigershark_69,0.02,-0.21,0.23,OlgaGoo,0.55,-0.12,0.66,tigershark_69,0.02,-0.21,0.23,OlgaGoo,0.55,-0.12,0.66
tonisheyasb,-0.02,-0.52,0.50,OlgaGpe,-0.27,-0.33,0.05,tonisheyasb,-0.02,-0.52,0.50,OlgaGpe,-0.27,-0.33,0.05
TrendyHuman,0.61,-0.12,0.72,omggaby,0.47,-0.40,0.87,TrendyHuman,0.61,-0.12,0.72,omggaby,0.47,-0.40,0.87
trevor_zmk,-0.20,-0.64,0.44,onj_forshort,0.05,-0.38,0.44,trevor_zmk,-0.20,-0.64,0.44,onj_forshort,0.05,-0.39,0.44
TrolleyMaushi,0.58,-0.11,0.69,ontarioweeds,-0.01,-0.52,0.52,TrolleyMaushi,0.58,-0.11,0.69,ontarioweeds,-0.01,-0.52,0.52
tumamilensi,-0.28,-0.75,0.47,OpulentCouture,1.08,-0.23,1.31,tumamilensi,-0.28,-0.75,0.47,OpulentCouture,1.08,-0.23,1.31
UdaipurKiran,-0.04,-0.36,0.32,OutlookFromHere,0.29,-0.41,0.71,UdaipurKiran,-0.04,-0.36,0.32,OutlookFromHere,0.29,-0.41,0.71
udaqueness,0.01,-0.01,0.01,OutSpoken_PB,-0.16,-0.72,0.57,udaqueness,0.01,-0.01,0.01,OutSpoken_PB,-0.16,-0.72,0.57
Ugbaad_,-0.03,-0.53,0.50,owen_main,0.11,-0.53,0.64,Ugbaad_,-0.03,-0.53,0.50,owen_main,0.11,-0.53,0.64
ukon993301611,0.00,0.00,0.00,pablogj14,0.09,-0.11,0.20,ukon993301611,0.00,0.00,0.00,pablogj14,0.09,-0.11,0.20
umisaeki,0.16,-0.11,0.27,PabloScordo1,-0.09,-0.12,0.04,umisaeki,0.16,-0.12,0.27,PabloScordo1,-0.09,-0.12,0.04
UnkleAce,1.86,-0.16,2.01,painofmalice,-0.08,-0.69,0.61,UnkleAce,1.86,-0.16,2.01,painofmalice,-0.09,-0.70,0.61
UppercutSlut,-0.18,-0.81,0.63,paredesmabel,-0.14,-0.17,0.03,UppercutSlut,-0.19,-0.82,0.63,paredesmabel,-0.14,-0.17,0.03
UPSLongitudes,0.57,-0.16,0.73,pattylawls,0.50,-0.27,0.76,UPSLongitudes,0.57,-0.16,0.73,pattylawls,0.50,-0.27,0.76
userOnlyEnglish,0.00,0.00,0.00,paulmcdermottt,0.12,-0.47,0.58,userOnlyEnglish,0.00,0.00,0.00,paulmcdermottt,0.12,-0.47,0.58
wanderlust1101,0.58,-0.11,0.69,Paulyne_,-0.02,-0.15,0.13,wanderlust1101,0.58,-0.11,0.69,Paulyne_,-0.02,-0.15,0.13
wastevocals,0.08,-0.55,0.63,PeaceSchmidt,0.27,-0.19,0.46,wastevocals,0.08,-0.55,0.63,PeaceSchmidt,0.27,-0.19,0.46
watany1974,0.01,0.00,0.01,peachy_keen21,0.19,-0.25,0.44,watany1974,0.01,0.00,0.01,peachy_keen21,0.19,-0.25,0.44
watsupafrica,-0.11,-0.40,0.29,pete_stanley,0.77,-0.33,1.10,watsupafrica,-0.11,-0.40,0.29,pete_stanley,0.77,-0.33,1.10
weeeeeeeei_ffrk,0.01,0.00,0.01,petermcgladdery,0.12,-0.27,0.39,weeeeeeeei_ffrk,0.01,0.00,0.01,petermcgladdery,0.12,-0.28,0.39
Wimwanud,0.05,-0.04,0.09,petermoore,1.10,-0.22,1.31,Wimwanud,0.05,-0.05,0.09,petermoore,1.10,-0.22,1.31
woolystyles,0.46,-0.27,0.74,PhatCapBeats,0.17,-0.33,0.50,woolystyles,0.46,-0.27,0.74,PhatCapBeats,0.17,-0.33,0.50
WorldRugby7s,0.83,-0.06,0.89,PhorthWonder,0.27,-0.27,0.54,WorldRugby7s,0.83,-0.06,0.89,PhorthWonder,0.27,-0.27,0.54
wovutyrukutu,0.11,-0.11,0.22,pngfootball50,0.45,-0.36,0.81,wovutyrukutu,0.11,-0.11,0.22,pngfootball50,0.45,-0.36,0.81
wrestlingnomad,0.56,-0.21,0.76,positone,0.98,-0.02,1.00,wrestlingnomad,0.56,-0.21,0.76,positone,0.98,-0.02,1.00
wssx_,0.04,-0.01,0.05,Pott_sey72,0.38,-0.32,0.69,wssx_,0.04,-0.01,0.05,Pott_sey72,0.38,-0.32,0.69
wz_p7,0.02,0.00,0.02,princee_josiah,0.13,-0.25,0.38,wz_p7,0.02,0.00,0.02,princee_josiah,0.13,-0.25,0.38
x3_lilChocolate,-0.70,-1.19,0.48,princess__jesse,-0.08,-0.61,0.53,x3_lilChocolate,-0.70,-1.19,0.48,princess__jesse,-0.08,-0.61,0.53
xDevin30,-0.30,-0.73,0.44,PromiseGrande_,0.90,-0.13,1.03,xDevin30,-0.30,-0.74,0.44,PromiseGrande_,0.90,-0.13,1.03
xjayalex,0.28,-0.39,0.66,Prosperos_isle,0.57,-0.06,0.63,xjayalex,0.27,-0.40,0.66,Prosperos_isle,0.57,-0.06,0.63
xskyhook,0.11,-0.63,0.74,Qtypie018,0.28,-0.50,0.79,xskyhook,0.11,-0.63,0.74,Qtypie018,0.28,-0.50,0.79
xxCuteHdsz,0.03,-0.03,0.05,qua_lowkeythoe,-0.28,-0.83,0.56,xxCuteHdsz,0.02,-0.03,0.05,qua_lowkeythoe,-0.28,-0.83,0.56
yayiez,0.02,0.00,0.02,queeen_kyaannna,-0.63,-1.09,0.46,yayiez,0.02,0.00,0.02,queeen_kyaannna,-0.63,-1.09,0.46
yenkasi,0.36,-0.08,0.44,QuentinBavridge,0.95,-0.57,1.52,yenkasi,0.36,-0.08,0.44,QuentinBavridge,0.95,-0.57,1.52
yogurl_skylar,-0.09,-0.57,0.48,Quinnadad_Jeff,0.08,-0.51,0.59,yogurl_skylar,-0.10,-0.57,0.48,Quinnadad_Jeff,0.08,-0.51,0.59
youngalexande15,-0.15,-0.25,0.11,RaceLies,-1.29,-1.47,0.17,youngalexande15,-0.15,-0.25,0.11,RaceLies,-1.29,-1.47,0.17
YourToyChest,-0.86,-1.19,0.33,Radio_V_L,-0.03,-0.11,0.08,YourToyChest,-0.86,-1.19,0.33,Radio_V_L,-0.03,-0.11,0.08
yvk60,0.00,0.00,0.00,raellita,-0.04,-0.06,0.02,yvk60,0.00,0.00,0.00,raellita,-0.04,-0.06,0.02
zaefromda9,-0.50,-0.76,0.26,rafaelkwesley,-0.22,-0.23,0.01,zaefromda9,-0.50,-0.76,0.26,rafaelkwesley,-0.22,-0.23,0.01
ZeusKoSnow,0.00,0.00,0.00,RageofFury,0.27,-0.32,0.59,ZeusKoSnow,0.00,0.00,0.00,RageofFury,0.26,-0.32,0.59
zhnll98,0.32,-0.28,0.59,razo_nestor,-0.10,-0.14,0.04,zhnll98,0.32,-0.28,0.59,razo_nestor,-0.10,-0.14,0.04
zvqrryobrien61,0.00,0.00,0.00,rbh502,0.33,-0.35,0.68,zvqrryobrien61,0.00,0.00,0.00,rbh502,0.33,-0.35,0.68
ZynbAl3rees,0.01,-0.01,0.01,Reach4MoJOYRN,1.25,-0.22,1.46,ZynbAl3rees,0.01,-0.01,0.01,Reach4MoJOYRN,1.25,-0.22,1.46
,,,,,,,,,,,,Rebecca_Skye,0.27,-0.41,0.69
,,,,,,,,,,,,red_eyelash,0.26,-0.13,0.39
,,,,,,,,,,,,red_fen,-0.41,-0.85,0.45
,,,,,,,,,,,,rename,0.00,0.00,0.00
,,,,,,,,,,,,rhiannetw_,0.39,-0.38,0.76
,,,,,,,,,,,,RichardYoungSt,-0.06,-0.50,0.44
,,,,,,,,,,,,Rikuninchen,0.06,-0.28,0.34
,,,,,,,,,,,,RJBoone14,0.26,-0.38,0.64
,,,,,,,,,,,,roberts_jillian,-0.12,-0.61,0.50
,,,,,,,,,,,,RocioKunath,-0.19,-0.21,0.02
,,,,,,,,,,,,Roma__Capoccia,0.43,-0.18,0.61
,,,,,,,,,,,,ronypoop,0.14,-0.20,0.34
,,,,,,,,,,,,RosewoodBAPE,-0.04,-0.32,0.28
,,,,,,,,,,,,RosVanesaPerez,-0.19,-0.21,0.01
,,,,,,,,,,,,rox_e_isfab,-0.09,-0.34,0.24
,,,,,,,,,,,,RoxanneShirazi,0.42,-0.24,0.66
,,,,,,,,,,,,rshska,0.13,-0.51,0.65
,,,,,,,,,,,,RudeMarto,-0.10,-0.14,0.04
,,,,,,,,,,,,RuebenDydell,0.29,-0.55,0.84
,,,,,,,,,,,,RueTheDayBand,0.86,-0.08,0.94
,,,,,,,,,,,,Saamhmz,-0.10,-0.17,0.07
,,,,,,,,,,,,SabriMartinez15,-0.15,-0.17,0.02
,,,,,,,,,,,,sadladygalo,-0.03,-0.44,0.41
,,,,,,,,,,,,salma_carrillo,0.30,-0.36,0.67
,,,,,,,,,,,,SalomeeHewitt,0.27,-0.37,0.64
,,,,,,,,,,,,Salomguez,0.01,-0.15,0.16
,,,,,,,,,,,,samife101,0.48,-0.10,0.58
,,,,,,,,,,,,samiran1109,0.11,-0.38,0.49
,,,,,,,,,,,,samxo__,0.31,-0.51,0.82
,,,,,,,,,,,,sandi_cheekss,0.08,-0.55,0.63
,,,,,,,,,,,,Savosaurus,0.16,-0.42,0.57
,,,,,,,,,,,,sayydayy,0.20,-0.59,0.79
,,,,,,,,,,,,Scott_McLellan1,0.20,-0.45,0.65
,,,,,,,,,,,,Scottiesls,0.41,-0.39,0.80
,,,,,,,,,,,,sdcmedia,0.81,-0.30,1.11
,,,,,,,,,,,,Seandonovan94,1.21,-0.18,1.39
,,,,,,,,,,,,seansumner10,-0.16,-0.65,0.49
,,,,,,,,,,,,sebaalegui,-0.10,-0.10,0.00
,,,,,,,,,,,,SebaCisternaas,-0.10,-0.18,0.07
,,,,,,,,,,,,SebaPelado2510,-0.12,-0.15,0.03
,,,,,,,,,,,,SelenaaBiancaa,0.30,-0.43,0.73
,,,,,,,,,,,,semnome1223,-0.07,-0.09,0.02
,,,,,,,,,,,,sgrovesss,0.15,-0.64,0.79
,,,,,,,,,,,,Shaawaaaa,0.02,-0.05,0.07
,,,,,,,,,,,,ShaniandTheCity,0.58,-0.25,0.83
,,,,,,,,,,,,Shannaaaa_,-0.09,-0.63,0.55
,,,,,,,,,,,,ShannonKRobson,-0.26,-1.00,0.74
,,,,,,,,,,,,ShayeWilkowske_,0.51,-0.40,0.91
,,,,,,,,,,,,ShayminKing,-0.18,-0.56,0.38
,,,,,,,,,,,,SheliceWallace,-0.05,-0.33,0.28
,,,,,,,,,,,,shellanancy_,0.10,-0.11,0.21
,,,,,,,,,,,,shilah_boo17,-0.05,-0.35,0.30
,,,,,,,,,,,,ShotByReggie,-0.12,-0.34,0.22
,,,,,,,,,,,,ShyY0shi,1.24,-0.12,1.36
,,,,,,,,,,,,sideSHOWtoma,0.15,-0.44,0.59
,,,,,,,,,,,,SillyLili_11,0.33,-0.39,0.71
,,,,,,,,,,,,SimonRiley1,-0.04,-0.53,0.49
,,,,,,,,,,,,SiouxieAbell,0.43,-0.65,1.08
,,,,,,,,,,,,Sir_pudge,-0.08,-0.64,0.56
,,,,,,,,,,,,Sir_Rubialex,0.04,-0.17,0.21
,,,,,,,,,,,,siunal,0.02,-0.14,0.15
,,,,,,,,,,,,skkelley_17,0.70,-0.26,0.96
,,,,,,,,,,,,sliceofcait,0.74,-0.18,0.92
,,,,,,,,,,,,Smoove_Religion,-0.56,-0.84,0.28
,,,,,,,,,,,,smriti449,0.16,-0.38,0.54
,,,,,,,,,,,,Snaildot,0.52,-0.30,0.83
,,,,,,,,,,,,SneakerDorian,-0.65,-1.09,0.43
,,,,,,,,,,,,snoopy_vass,1.04,-0.11,1.16
,,,,,,,,,,,,SnootyKyraK_,-1.37,-1.82,0.45
,,,,,,,,,,,,Soffia0620,-0.16,-0.23,0.07
,,,,,,,,,,,,spilacious001,0.28,-0.47,0.76
,,,,,,,,,,,,SpitOnMeNow,-0.19,-0.92,0.73
,,,,,,,,,,,,staceyNYCDC,0.33,-0.40,0.74
,,,,,,,,,,,,StarksWeek,0.00,0.00,0.00
,,,,,,,,,,,,steffanylopess1,-0.02,-0.04,0.02
,,,,,,,,,,,,StephanieT519,0.37,-0.54,0.91
,,,,,,,,,,,,StewWhitfield,0.16,-0.39,0.54
,,,,,,,,,,,,StSinner1,0.05,-0.16,0.21
,,,,,,,,,,,,Suck_myash,0.03,-0.65,0.68
,,,,,,,,,,,,SumMannShit,-1.65,-2.07,0.42
,,,,,,,,,,,,SuperErizzle,0.15,-0.50,0.65
,,,,,,,,,,,,sydneybanford,0.08,-0.42,0.50
,,,,,,,,,,,,syssa75_,0.08,-0.54,0.63
,,,,,,,,,,,,T_Rex93a,0.18,-0.51,0.69
,,,,,,,,,,,,TainTain_,0.00,0.00,0.00
,,,,,,,,,,,,TarnationTim,0.05,-0.14,0.19
,,,,,,,,,,,,TayskiOutInCali,-0.66,-1.07,0.41
,,,,,,,,,,,,TBankxx,0.25,-0.43,0.68
,,,,,,,,,,,,TeaHoover,0.62,-0.27,0.89
,,,,,,,,,,,,TeamUOT_Pics,0.29,-0.20,0.49
,,,,,,,,,,,,TeeDotsworld_,-0.49,-1.11,0.61
,,,,,,,,,,,,Tex2WestSeattle,0.15,-0.48,0.64
,,,,,,,,,,,,Thaisbfelippe,0.11,-0.17,0.28
,,,,,,,,,,,,The1stREDWAL,1.51,-0.06,1.57
,,,,,,,,,,,,the_closerr,-0.17,-0.64,0.47
,,,,,,,,,,,,thecindymiralxx,0.57,-0.18,0.74
,,,,,,,,,,,,TheCPU001,1.67,-0.08,1.75
,,,,,,,,,,,,TheHireRightGrl,0.35,-0.21,0.56
,,,,,,,,,,,,thejjbelanger,-0.25,-0.63,0.38
,,,,,,,,,,,,TheJoshlax,0.62,-0.42,1.04
,,,,,,,,,,,,TheOneMarcus_V,0.08,-0.63,0.71
,,,,,,,,,,,,thisbowman,0.02,-0.05,0.07
,,,,,,,,,,,,TIANNA302,0.70,-0.25,0.95
,,,,,,,,,,,,tildecauwenb,-0.09,-0.42,0.33
,,,,,,,,,,,,tim_zorich,0.58,-0.43,1.01
,,,,,,,,,,,,tinywiny101,0.11,-0.46,0.57
,,,,,,,,,,,,TitosTweets,0.34,-0.24,0.58
,,,,,,,,,,,,TJack2014,0.30,-0.43,0.73
,,,,,,,,,,,,tjasa_draksler,0.99,-0.10,1.09
,,,,,,,,,,,,TLengeling,0.80,-0.26,1.06
,,,,,,,,,,,,Tom_A_Murphy,0.50,-0.29,0.79
,,,,,,,,,,,,topceilingfans,0.35,-0.14,0.49
,,,,,,,,,,,,tracideannn,0.07,-0.58,0.66
,,,,,,,,,,,,Tranae_xo,0.26,-0.30,0.55
,,,,,,,,,,,,TriciaADay,0.73,-0.20,0.93
,,,,,,,,,,,,trinitytorii,-0.27,-0.79,0.52
,,,,,,,,,,,,Trip_Maverick,0.14,-0.49,0.63
,,,,,,,,,,,,tryanto_s,0.06,-0.07,0.13
,,,,,,,,,,,,TutRaygoza,0.15,-0.23,0.38
,,,,,,,,,,,,tvs7340,-0.11,-0.23,0.13
,,,,,,,,,,,,txmlintwerk,-0.04,-0.17,0.14
,,,,,,,,,,,,tya_s__,0.22,-0.39,0.61
,,,,,,,,,,,,Tyler_Stunt,0.33,-0.18,0.51
,,,,,,,,,,,,tyrRANAsaurous,-0.02,-0.58,0.55
,,,,,,,,,,,,UknoTez,-0.32,-0.81,0.48
,,,,,,,,,,,,ultimatepulse,0.60,-0.19,0.79
,,,,,,,,,,,,uristgo,-0.06,-0.07,0.01
,,,,,,,,,,,,userSet,0.00,0.00,0.00
,,,,,,,,,,,,uttunfan_,0.31,-0.10,0.42
,,,,,,,,,,,,valentinaaaaaxx,0.20,-0.31,0.51
,,,,,,,,,,,,valerietruewick,0.16,-0.30,0.46
,,,,,,,,,,,,valeyos,0.10,-0.12,0.22
,,,,,,,,,,,,Van_diesel45,-0.26,-0.74,0.48
,,,,,,,,,,,,varcel1d,1.13,-0.20,1.33
,,,,,,,,,,,,VennStRecords,0.97,-0.21,1.18
,,,,,,,,,,,,veronicareiner,0.08,-0.49,0.56
,,,,,,,,,,,,veroo_nickaa,0.57,-0.35,0.92
,,,,,,,,,,,,VickyyNieeeto98,-0.14,-0.18,0.04
,,,,,,,,,,,,Vinnie125VIP,0.01,-0.40,0.41
,,,,,,,,,,,,virgin_kakoti,0.08,-0.04,0.12
,,,,,,,,,,,,VoicePriestess,0.17,-0.46,0.63
,,,,,,,,,,,,VSaenz_17,0.30,-0.48,0.77
,,,,,,,,,,,,wendypauyon,0.33,-0.18,0.50
,,,,,,,,,,,,wgarrido_,-0.02,-0.05,0.03
,,,,,,,,,,,,wh__destiny,0.61,0.00,0.61
,,,,,,,,,,,,wheresmyCARlos,0.03,-0.52,0.55
,,,,,,,,,,,,WhitneyEricksen,0.26,-0.45,0.71
,,,,,,,,,,,,WINTER_004,0.79,-0.28,1.07
,,,,,,,,,,,,wvrglenn4,0.26,-0.15,0.41
,,,,,,,,,,,,WWERickGrimes,-0.38,-0.73,0.35
,,,,,,,,,,,,xkatiealishax,-0.02,-0.65,0.63
,,,,,,,,,,,,xOBLiViiOUS,1.05,-0.18,1.22
,,,,,,,,,,,,xotiaa_,-0.12,-0.82,0.70
,,,,,,,,,,,,yaboy_kell,-0.35,-0.77,0.42
,,,,,,,,,,,,yanovi_,0.20,-0.25,0.44
,,,,,,,,,,,,Yesenialuvz,0.25,-0.59,0.84
,,,,,,,,,,,,yogasetiawan08,0.19,-0.04,0.23
,,,,,,,,,,,,YolandaCruzCruz,-0.12,-0.16,0.05
,,,,,,,,,,,,yoooitsJordan,-0.14,-0.75,0.61
,,,,,,,,,,,,Your_Cambodian,-0.04,-0.52,0.47
,,,,,,,,,,,,yourfrehwre,0.04,-0.41,0.45
,,,,,,,,,,,,YunQian212121,-0.02,-0.47,0.45
,,,,,,,,,,,,yuukiandryuunen,0.21,-0.21,0.42
,,,,,,,,,,,,zeddikins,0.06,-0.42,0.48
,,,,,,,,,,,,zenn_enechi,0.50,-0.21,0.71
,,,,,,,,,,,,zion_diaz13,0.00,-0.64,0.64
,,,,,,,,,,,,ZombieBabyyy,-0.08,-0.99,0.90
,,,,,,,,,,,,zoogirltoo,0.00,0.00,0.00