Lukash_Money,0.27,0.46,0,0,0,0,0.06,0.2,0.01,0
mashy2,0.15,0.71,0,0,0,0.04,0.05,0.02,0,0.01
_chellllle,0.71,0,0,0,0,0,0,0.29,0,0
cathyca_,0.05,0.04,0.03,0.01,0.22,0,0.53,0,0.12,0
KINGPIZZ,0.4,0.2,0,0,0,0,0.03,0.36,0,0
David_Nagy13,0.08,0.9,0,0,0,0,0,0.02,0,0
AREONE27,0,0.4,0,0,0.01,0,0.05,0.55,0,0
xdaisy425x,0.95,0,0,0,0,0,0,0.05,0,0
LokilAQW,0.28,0.23,0,0,0,0.21,0.24,0.03,0.01,0
Alex_Siber,0.35,0.35,0.02,0,0,0.01,0.03,0.15,0.06,0
ettbrowneyes,0.65,0.29,0,0,0,0,0,0.03,0.01,0.01
wgarrido_,0,0.03,0.02,0,0.95,0,0,0,0,0
Savosaurus,0.63,0.13,0.02,0,0,0,0.13,0.01,0.08,0
therealCG502,0.21,0.72,0,0.06,0,0,0,0,0,0
margweston,0.04,0.03,0,0,0,0,0.55,0,0.36,0
_Farad,0.57,0,0.04,0.37,0,0,0,0.01,0,0.01
rofesta,0,0,0,0,1.0,0,0,0,0,0
Privitheus,0.03,0.7,0.04,0.2,0,0,0,0,0,0.02
gracianana,0.51,0,0.03,0.44,0,0,0,0,0,0.02
hawaiiianlion,0.68,0.03,0,0,0,0,0.02,0.26,0,0
FlockWithFlacko,0.31,0.11,0,0,0,0,0.02,0.53,0.02,0
jennamzh,0.98,0,0,0,0,0,0,0,0,0
ShaeMallory,0.84,0,0,0,0,0,0,0.16,0,0
iiFucked_Swagg,0.41,0,0,0,0,0,0,0.59,0,0
_anggithartiwi,0,0.03,0.05,0.13,0,0.02,0.03,0,0,0.74
MerabGro,0.14,0,0,0,0.84,0,0,0,0,0.02
dickclucas,0.27,0.16,0,0.02,0,0,0.44,0.02,0.09,0
syphm1,0.75,0.06,0,0.1,0,0,0,0.09,0,0
Ary_Bacardi,0.23,0.08,0,0,0,0,0,0.69,0,0
hkky49mi,0.03,0.03,0.03,0.03,0.03,0.03,0.03,0.77,0.03,0.03
AyyCeci,0.67,0.04,0.02,0,0,0,0.02,0.23,0.02,0
SneakerDorian,0.29,0.02,0,0,0,0,0,0.68,0,0
Prosperos_isle,0.19,0.28,0,0,0,0,0.02,0,0.48,0.04
Rikuninchen,0.25,0.24,0.03,0.02,0,0.3,0.13,0.01,0,0
K9DoodiePatolr,0.08,0.45,0.02,0,0,0,0.21,0.05,0.19,0
DFK007,0.16,0.46,0,0,0,0,0.33,0,0.04,0
AnaR915,0.47,0.31,0.01,0,0,0,0,0.04,0,0.16
davidsting414,0.04,0.25,0.02,0,0,0.03,0.39,0,0.25,0
CANNIBOOTY,0.86,0.03,0.04,0,0,0,0.04,0,0.01,0
FereshtehEmami,0.24,0.61,0,0,0,0,0.12,0,0.03,0
M4D31YN,0.75,0.23,0,0,0,0,0.01,0,0,0
_wadem,0.08,0.68,0,0,0,0,0.15,0,0.07,0.02
mightyreds,0,1.0,0,0,0,0,0,0,0,0
PabloScordo1,0,0.06,0,0,0.61,0,0.19,0,0.14,0
nextto16,0.65,0,0.27,0,0,0,0,0.08,0,0
Faklasher,0.58,0.17,0,0.02,0,0,0.14,0.05,0.02,0
Seandonovan94,0.1,0.08,0.02,0,0,0.71,0.06,0,0,0
JLee_Hadley,0.56,0.12,0,0,0,0,0.02,0.3,0,0
ceeyoutea,0.85,0.07,0,0,0,0,0.01,0.01,0.03,0.02
MCNtweets,0.3,0.41,0,0,0,0,0.21,0,0.05,0
skkelley_17,0.96,0.03,0,0,0,0,0,0,0,0
abcdefgayy,0.88,0,0,0,0,0,0,0.11,0,0
demihomo,0.75,0.06,0.01,0.02,0,0,0.07,0,0.05,0.03
LuciDeacon,1.0,0,0,0,0,0,0,0,0,0
Tony_Jorden,0.99,0,0,0,0,0,0,0,0,0
tasha_amy92,0.7,0.23,0,0,0,0,0,0.04,0.01,0
CajsaJacobsen,0.67,0.16,0.03,0,0,0.06,0,0,0,0.07
Ellie_Macintyre,0.69,0.26,0,0,0,0,0.02,0,0.02,0
TayelfylorKloss,0.41,0.11,0.38,0,0,0.01,0,0.03,0,0.04
daddylyrical,0.15,0,0,0,0,0,0,0.85,0,0
firripwang,0.28,0.07,0,0,0,0,0.02,0.63,0,0
IamCj005,0.04,0.67,0,0,0,0,0.19,0,0,0.09
Mw2Alsaif,0,0,0,0,0,1.0,0,0,0,0
OutSpoken_PB,0.58,0,0,0.09,0,0,0,0.32,0,0
stephengood08,0.24,0.76,0,0,0,0,0,0,0,0
temporlarriefix,0.56,0,0.4,0.04,0,0,0,0,0,0
OhHi_ImDamoo,0.57,0,0,0,0,0,0,0.42,0,0
wtvmollie,0.79,0,0.01,0,0,0.01,0.12,0.05,0.02,0
PureSoccerTV,0,0.91,0,0,0,0,0.09,0,0,0
EServanF,0.17,0.22,0,0.02,0.39,0.01,0.16,0,0,0.02
hidayahaha,0.27,0,0,0.73,0,0,0,0,0,0
Ank_yuma1209,0.05,0.05,0.05,0.05,0.05,0.05,0.05,0.55,0.05,0.05
CiscoEngineers,0,0.16,0,0.02,0,0,0.64,0,0.17,0
ontarioweeds,0.58,0,0.04,0,0,0,0,0.3,0,0.08
kina_yanae15,0.54,0,0,0,0,0,0,0.46,0,0
wssx_,0.49,0,0.02,0,0.02,0.01,0.07,0.03,0,0.36
opalitetears,0.75,0,0,0,0,0,0,0.23,0,0
jaileneeeeee_,0.77,0,0,0,0,0,0,0.23,0,0
WhitneyEricksen,1.0,0,0,0,0,0,0,0,0,0
nmpanek,0.13,0.2,0.02,0,0,0,0.25,0,0.39,0
samacharsar,0,0,0,0,0,0,0.85,0.14,0,0
bxndhearts,0.59,0.02,0.28,0,0,0,0,0.1,0,0.01
Jag3Dagster,0.46,0.37,0,0,0,0.03,0.1,0,0.03,0
NotMyMoney_,0.07,0.11,0,0.01,0,0,0.77,0,0.02,0
MeLza_17,0,0.96,0,0.02,0,0.02,0,0,0,0
SevenEasyWays,0,0.88,0,0,0,0,0,0,0.12,0
RaceLies,0,0,0,0,0.33,0,0.58,0.08,0,0
TikeGooden,0.13,0.8,0,0,0,0,0,0.07,0,0
CheennyC,0.6,0,0,0,0,0,0,0,0,0.38
_NYOx,0.41,0,0.03,0.49,0,0,0,0.07,0,0
wheresmyCARlos,0.53,0.33,0,0,0,0,0.02,0.12,0,0
WlassM,0,0,0.18,0,0.78,0,0,0,0,0
Saamhmz,0,0,1.0,0,0,0,0,0,0,0
owen_main,0.25,0.74,0,0,0,0,0,0.02,0,0
ARTORICAL,0.12,0.37,0.05,0,0,0.01,0.32,0,0.09,0.02
brilicarixx,0.84,0,0.02,0,0,0,0.01,0.09,0.03,0
LostAtSea96,0.93,0,0,0,0,0,0,0.07,0,0
freudianquips,0.76,0.08,0,0,0,0,0.07,0,0.07,0
D_Banx,0.35,0.19,0,0,0,0,0,0.44,0,0
FaiiFanism,0.05,0.03,0.07,0,0,0.04,0.03,0.03,0,0.74
CandisHooley,1.0,0,0,0,0,0,0,0,0,0
imbackUmbach,0.88,0.08,0,0,0,0,0,0.01,0,0
TitosTweets,0.17,0.77,0,0,0,0,0,0.06,0,0
ovidiuebufnila,0.14,0.02,0.01,0,0,0.01,0.03,0,0.43,0.35
NareshI87476843,0,0.1,0,0.14,0,0.56,0,0,0,0.19
Lindouush_,0,0,0.97,0,0.03,0,0,0,0,0
DawayneGadis,0.63,0.06,0,0,0,0,0,0.29,0.01,0
Missus_Johnson,0.5,0.5,0,0,0,0,0,0,0,0
rhylie_pantts,0.9,0.03,0,0,0,0,0.02,0.02,0.01,0
danaalarbeed_,0.96,0,0,0,0,0,0,0.03,0,0
syqinnygenes,0.69,0.16,0.03,0.03,0,0,0.02,0,0.03,0.02
wana35584931,0,0.06,0,0,0,0,0.9,0,0,0
political_ppl,0.13,0.16,0,0,0,0,0.14,0,0.57,0
mr_solivigant,0.27,0.1,0,0,0,0,0.39,0,0.24,0
ashishkelo,0,0,0,0,0,0,0.99,0,0,0.01
VennStRecords,0.14,0.84,0,0,0,0,0,0,0,0
dbigmark,0,0.94,0,0,0,0,0.06,0,0,0
sailonnarry,0.35,0.21,0.37,0,0,0,0,0.02,0,0.05
OSimoka,0.01,0.4,0.03,0.05,0,0.03,0.36,0.03,0.02,0.06
G_Amber,0.23,0.09,0.62,0,0,0,0.05,0,0,0
07307jcsc,0,0,0,0,1.0,0,0,0,0,0
amerr_aref,0.46,0.15,0,0.29,0,0,0.07,0,0,0.01
aida_almiron,0.03,0,0,0.01,0.96,0,0,0,0,0
L_PVCO,0.3,0.47,0,0,0,0,0,0.2,0.02,0
CarlaA_13,0,0,0,0,0.99,0,0,0,0,0
Rwan_alshehri83,0.47,0,0,0,0,0,0.47,0,0,0
Anna8x8,0.89,0.03,0.05,0.01,0,0,0,0,0,0.02
DayleGifford,0.44,0.56,0,0,0,0,0,0,0,0
norma_dunham,0.03,0,0,0,0,0.01,0.94,0,0,0
HanFreakinSolo,0.56,0.14,0,0,0,0,0.17,0,0.12,0
longliveniya,0.6,0.02,0,0,0,0,0.04,0.34,0,0
ItsSubject,0.31,0.26,0,0,0,0.06,0.11,0.26,0.01,0
UpasanaGagan,0.28,0,0,0,0,0.57,0.01,0,0.04,0.1
nokidrauhls,0.56,0.06,0.13,0,0.05,0,0,0.02,0,0.18
DapperDonDevin,0.51,0.06,0,0,0,0,0.05,0.37,0.01,0
__bartonn,0.92,0.07,0,0,0,0,0,0,0,0
boobearluvx,0.43,0.38,0.09,0.02,0,0.03,0,0.02,0,0.03
vaalouuz,0,0,1.0,0,0,0,0,0,0,0
PoloVargas_3,0.33,0.64,0,0,0,0,0.02,0,0,0
MorenaCardella,0,0,0,0,1.0,0,0,0,0,0
DarkheartUnique,0.83,0.04,0,0,0,0,0.1,0,0,0
jordangroeningx,0.98,0.01,0,0,0,0,0,0,0,0
TayskiOutInCali,0,0.13,0,0,0,0,0,0.87,0,0
Lifefactss__,0.72,0,0,0,0,0,0.15,0,0.13,0
LnceTbfnda,0.17,0.2,0,0.04,0,0,0,0,0,0.58
SillyLili_11,0.85,0.12,0,0,0,0,0,0.04,0,0
Mhalia11,0.18,0.01,0,0,0,0,0,0,0,0.8
Jenn_Benn,0.43,0.42,0,0,0,0,0.03,0,0.08,0.02
StSinner1,0,0.36,0.01,0,0.2,0.04,0.34,0,0,0.03
MohdAriadi,0.61,0,0,0.36,0,0,0.02,0,0,0
wh__destiny,0.24,0,0,0,0,0,0,0,0,0.75
SnipinSully,0.29,0.65,0,0,0,0,0.01,0.05,0,0
katiagalicia,0.47,0.39,0.08,0,0,0,0,0,0,0.05
Flavviie_,1.0,0,0,0,0,0,0,0,0,0
j_Chivas29,0.48,0.09,0,0,0.03,0,0.04,0.35,0,0
herr_rockn,0.12,0.25,0.03,0.04,0,0.05,0.4,0,0.1,0.02
ChriSaunders,0.79,0.12,0,0,0,0.01,0.04,0.04,0,0
juancaimarek,0,0,0,0,1.0,0,0,0,0,0
mochekke,0.86,0.03,0.01,0,0,0,0.04,0,0.03,0
cathi_serra,0.9,0.02,0,0,0,0,0,0.07,0,0
olddouche,0.81,0.05,0,0,0,0,0.05,0.06,0.02,0
Claire_Ros27,0.15,0.06,0,0,0,0.01,0,0,0,0.77
T_Rex93a,0.7,0,0,0,0,0,0,0.29,0,0
ArthaBliss,0.22,0,0.01,0,0,0,0,0,0,0.75
LaBella_Diamond,0.84,0.08,0,0,0,0,0,0.06,0.02,0
__RAWood,0.66,0.22,0,0,0,0,0,0.07,0.04,0
03872trdb,0,0,0,0,1.0,0,0,0,0,0
BeneGae,0.41,0.41,0,0.03,0,0,0,0.14,0,0
RudeMarto,0.11,0,0,0,0.86,0,0,0.02,0,0
alexa_grant,0.57,0.04,0,0,0,0,0.03,0.32,0.02,0
unboundpage,0.35,0.29,0.06,0,0,0,0.18,0,0.1,0
AarynMasangcay,0.75,0.02,0,0,0,0,0,0.21,0.01,0
Scoarnec2,0,0.12,0.86,0,0.01,0,0,0,0,0
alvaromontes725,0.05,0.91,0,0,0.04,0,0,0,0,0
yuka15918010,0.3,0.6,0.01,0.01,0.01,0.01,0.01,0.01,0.01,0.01
Iza_RochaMatos,0.38,0.25,0.1,0,0.05,0,0,0.06,0,0.13
eddyvera0,0.86,0,0,0,0,0,0,0.13,0,0
indy_velez,0.7,0.01,0,0,0,0,0,0.29,0,0
teeacupppp,0.79,0,0,0,0,0,0,0.2,0,0
arctichowll,0.77,0.03,0.02,0.05,0,0,0,0,0,0.13
difarmesa,0.01,0,0,0,0.99,0,0,0,0,0
LesslyDmgz,0.72,0.03,0,0,0.21,0,0,0.03,0,0
bbcottt,0.84,0,0,0,0,0,0,0.16,0,0
KathyBunny,0.85,0,0,0,0,0,0,0.15,0,0
samife101,0.31,0.08,0.39,0,0,0.04,0.06,0,0.13,0
dreamcastpop,0.8,0.13,0,0,0,0.02,0.03,0.02,0,0
rafaelkwesley,0,0,0,0,0.95,0,0.04,0,0,0
WickedAngelLil,0.65,0.07,0,0,0,0.02,0.17,0.01,0.07,0
hayleymccutie,0.93,0.06,0,0,0,0,0,0,0,0
EmmaDarch,0.86,0.02,0.01,0,0,0.02,0,0.04,0,0.04
FriidaaNilsson,0.92,0.04,0,0,0,0,0,0,0,0.02
glynncharn,0.02,0.97,0,0,0,0,0,0,0,0
FaZePryZee,0.18,0.22,0,0,0,0.45,0,0.14,0,0
followme_ok,0,0,0,0,0,0,0.99,0,0,0
Nick_Pettigrew,0.4,0.38,0.01,0,0,0,0.14,0,0.06,0
akshay_chauhan,0.33,0.3,0.01,0.01,0,0,0.23,0.03,0,0.09
Wimwanud,0.89,0,0.04,0,0,0,0.03,0,0,0.04
incorrperated,0.75,0.06,0,0,0,0,0.17,0.02,0,0
Nine_Inch_Beef,0.6,0.08,0,0,0,0,0,0.29,0,0.02
Lau_deRiiveyra,0,0.03,0,0,0.96,0,0,0,0,0
EventStylingZA,0,0.06,0.89,0,0,0.03,0.02,0,0,0
jak_paddy,0.76,0.17,0,0,0,0,0,0.07,0,0
Dino_Saur1,0.48,0.36,0,0,0,0.01,0.05,0.02,0.07,0
PhatCapBeats,0,0.05,0.02,0.01,0,0.24,0.02,0.66,0,0
amndlno,0.48,0,0,0,0,0,0,0,0,0.5
EskimoKeleher,0.2,0.76,0,0,0,0,0.03,0.01,0,0
katmbenno,0.1,0.86,0,0,0,0,0.02,0,0,0
norihure_ne8949,0.02,0.02,0.02,0.64,0.02,0.02,0.02,0.02,0.02,0.23
udaqueness,0.36,0.01,0.1,0,0.02,0,0.47,0,0,0.04
ellie_keller21,0.97,0.02,0,0,0,0,0,0,0,0
EnrichettaWarde,1.0,0,0,0,0,0,0,0,0,0
akash_emraan,0.23,0.16,0,0.06,0,0.03,0.04,0,0,0.48
kyunggaysoo,0,0,0.35,0.47,0.1,0,0,0,0,0.08
KingTBerry,0.24,0.46,0,0,0,0,0.02,0.27,0,0
stephmarylee,0.55,0,0,0,0,0,0,0.45,0,0
zaefromda9,0.28,0,0,0,0,0,0,0.72,0,0
MadMacdonald,0.86,0.09,0,0,0,0,0.02,0.02,0,0
IAintShxt_Yet,0.63,0.04,0,0,0,0,0.09,0.12,0.1,0
_chelllle_,0.72,0.24,0,0,0,0,0,0,0.02,0
sabrinamurphy_,0.82,0.08,0,0,0,0,0,0.08,0,0
valentinaaaaaxx,0.78,0.02,0.12,0,0,0,0,0.07,0,0
Live_Love_Nice,0.92,0,0.02,0,0,0,0,0.07,0,0
rentaterminal,0,0.05,0,0,0.02,0.02,0.91,0,0,0
TrolleyMaushi,0.13,0.22,0,0,0,0,0,0,0,0.65
samiran1109,0,0.13,0.03,0,0,0,0.81,0,0.01,0.01
ijatsnake,0.52,0.02,0,0.16,0,0,0.19,0.09,0.03,0
LakeshaAntoniew,0,0,0,0,0,0,0,1.0,0,0
amit_chodhary,0.19,0,0,0,0,0.66,0,0,0.07,0.08
mohammed7579,0,0.9,0,0,0,0,0,0,0,0.09
ZombieBabyyy,0.75,0,0,0,0,0,0,0.25,0,0
Louiestowell,0.48,0.2,0,0,0,0,0.11,0,0.21,0
teamleaa,0.04,0.49,0.06,0,0,0.02,0,0,0,0.38
AlexandraTihane,0.8,0,0.05,0,0,0,0.11,0.03,0,0
Liizzzzyyy,0.46,0.02,0.06,0.38,0,0,0,0.05,0,0.03
IntensiveAIM,0,0.77,0,0.06,0,0.03,0,0.11,0,0.02
yuukiandryuunen,0.42,0.14,0.26,0,0,0.03,0.08,0,0,0.06
foneribby,0.28,0.65,0,0,0,0.02,0.03,0,0,0
BilyRobledo,0,0.16,0.06,0,0.2,0.03,0.5,0,0.05,0
LadiiYams,0.32,0,0,0,0,0,0,0.67,0,0
carina_andrada,0,0,0,0,1.0,0,0,0,0,0
pete_stanley,0.19,0.74,0,0,0,0,0.04,0,0,0
davidclee818,0.52,0,0.28,0,0,0,0,0,0.17,0
AnonDitto,0.49,0.08,0,0,0,0,0.07,0.35,0,0
JoachimBeckh,0,0,0.08,0,0,0,0.91,0,0,0
dmfa20915,0,0,0,0,1.0,0,0,0,0,0
Dukong_taeng,0.2,0.08,0.1,0.07,0,0,0.03,0.03,0,0.47
Fr3nchfry1,0.81,0,0,0,0,0,0.01,0.15,0.02,0
ClusterCOD,0.25,0.53,0,0.02,0,0.02,0,0.17,0,0
nouranatasha,0.67,0,0,0.29,0,0,0,0.01,0,0.03
karaagetencho,0,0.97,0,0,0,0,0,0,0,0.02
Fuuggz,0.98,0,0,0,0,0,0,0.01,0,0
02633gnlc,0,0,0,0,1.0,0,0,0,0,0
Thaisbfelippe,0.66,0,0.06,0,0.13,0,0,0.07,0,0.08
formvalidation,0.02,0.04,0,0.02,0,0,0.57,0,0.34,0
iammaf_,0.17,0.19,0,0.54,0,0,0.06,0.03,0,0.02
shilah_boo17,0.72,0,0,0.04,0,0,0.16,0.07,0,0
RichardYoungSt,0.5,0.27,0.01,0,0,0,0.11,0.05,0.05,0
meganmcgee_,0.96,0,0.01,0,0,0,0,0.02,0,0
MustWantedMX,0.1,0.14,0.1,0,0.47,0.02,0.05,0,0,0.12
lillie_stark,0.87,0.02,0.01,0,0,0,0.03,0.06,0,0
KristieGnar,0.85,0.07,0,0,0,0,0.03,0.04,0,0
BiskuitOreo,0,0.05,0.12,0.59,0,0,0.04,0,0,0.2
johnnychronix,0.4,0.3,0.04,0.05,0,0.02,0.11,0.02,0.05,0
riccardossigeno,0,0.09,0.13,0,0.71,0,0.05,0,0.02,0
indotix,0,0.03,0,0.96,0,0,0,0,0,0
Qubammish,0.56,0.1,0.02,0.02,0,0,0.08,0.02,0.18,0
Christinaaa__xo,0.85,0.1,0.02,0,0,0,0,0,0,0
CrystalKuehl,0.48,0.43,0.04,0,0,0,0,0,0.02,0.03
brk_news_now,0,0,0,0,0,0.01,0.99,0,0,0
_Marseille,0.31,0.36,0.01,0.11,0,0,0.04,0.1,0.03,0.04
Lesbicanarias,0.18,0.26,0.04,0,0.36,0.01,0.09,0,0.01,0.04
cindyjuarez6,0.74,0,0.13,0,0,0,0.04,0.07,0.02,0
breendapillai_,0.87,0,0.09,0.02,0,0,0,0.01,0,0
erectionchan,0.01,0.01,0.55,0.01,0.01,0.01,0.01,0.01,0.37,0.01
_romelie22,0.86,0,0,0,0,0,0,0,0,0.14
_Telebah,0.83,0,0,0,0,0,0.05,0.11,0,0
CelineDionFans2,0,0,0.06,0,0,0,0,0.76,0,0.19
Tyler_Stunt,0.09,0.22,0,0,0,0,0,0.66,0,0.02
KendallRegina,0.94,0,0,0,0,0,0,0.06,0,0
Scottiesls,0.9,0.08,0,0,0,0,0,0.02,0,0
maryumizme,0.8,0,0,0.13,0,0,0.04,0,0.01,0
Deluxe_922,0.37,0.24,0,0.02,0,0.17,0.03,0.17,0,0
DebiSnyder,0.33,0.53,0,0,0,0,0.09,0,0.02,0
sideSHOWtoma,0.46,0.11,0,0.03,0,0.01,0.18,0.14,0.06,0
jakevball,0.54,0.29,0,0,0,0,0.03,0.12,0.02,0
Delossantosccp,0.52,0,0,0,0,0,0,0.48,0,0
kiala3nidad,0.72,0,0.03,0.03,0,0,0,0.02,0,0.2
MarketThought1,0.04,0.09,0,0.02,0,0,0,0,0.86,0
LucasGraells,0,0,0,0,0.97,0,0,0.02,0,0
NaraLeidy,0,0,0,0.02,0.96,0,0.02,0,0,0
TheJhongTitle,0.79,0,0,0.01,0,0,0,0,0,0.19
NorpolFootball,0,0.79,0,0,0,0,0.21,0,0,0
wz_p7,0.03,0.03,0.03,0.03,0.03,0.03,0.47,0.33,0.03,0.03
Babthorpe,0.49,0.51,0,0,0,0,0,0,0,0
belieberxx97,0.43,0.31,0.05,0.04,0,0.02,0,0,0,0.16
Neptbell,0.27,0.37,0.07,0,0.21,0,0.05,0,0,0.03
PrimateMgmt,0,0,0,0.97,0,0.03,0,0,0,0
gjdhddd,0.05,0.05,0.05,0.05,0.05,0.05,0.05,0.55,0.05,0.05
itslinamarie,0.65,0.28,0,0,0,0.02,0,0.02,0,0.02
swadeshnews,0,0,0,0,0,0.09,0.9,0,0,0
lifenutrition,0,0,0,0,0,0,0,0,0.02,0.98
wiz_ibro,0.21,0,0,0.75,0,0,0,0.04,0,0
MecitTUFEKCIOLU,0,0,0,0.75,0.21,0,0,0,0,0
__XIXVIII,0.31,0,0,0,0,0,0,0.69,0,0
Makakaila,0.38,0.15,0,0,0,0,0.34,0,0.12,0
krohn_dome,0.3,0.45,0,0,0,0,0.13,0,0.08,0
i_hjoor,0.96,0,0,0.04,0,0,0,0,0,0
viDhavii_,0,0.08,0,0.92,0,0,0,0,0,0
Isabellaa_h,0.25,0.01,0.02,0.54,0.16,0,0,0,0,0.02
seandoncito,0.11,0.5,0,0,0,0,0.02,0.36,0,0
MyBoysMumx2,0.71,0.21,0,0,0,0,0.06,0,0,0
CaliGamer87,0,0,0,0,0.41,0.59,0,0,0,0
JessiFreerickss,0.99,0,0,0,0,0,0,0.01,0,0
gurnardd,0.64,0.23,0,0,0,0,0,0.12,0,0
nntacya,0.86,0,0.04,0.09,0,0,0,0,0,0
fxzxe,0.26,0,0,0.69,0,0,0.04,0,0,0
JohnLouca,0.88,0.02,0,0,0,0,0.03,0.07,0,0
0313sexy_kento,0,0,0.65,0,0,0,0,0.3,0,0
_amysantillan,0.79,0.04,0,0,0,0,0,0.16,0,0
Taehyuns_ARMY,0.56,0.02,0.08,0,0,0,0,0.03,0,0.3
malayZii,0.06,0,0.27,0.1,0,0.04,0,0,0,0.53
IvanAllanPoe,0.18,0.32,0,0,0,0,0.25,0.25,0,0
ScuderiaF1Fan,0.46,0.48,0,0,0,0,0.04,0.02,0,0
exoternal,0.53,0,0.03,0,0,0,0,0.05,0,0.38
Itslexx16,0.94,0,0,0,0,0,0,0.04,0.02,0
SheliceWallace,0.95,0,0,0,0,0,0,0.05,0,0
tanya_tiller,0.03,0,0,0,0,0,0.95,0,0,0
stwa29209,0,0,0,0,1.0,0,0,0,0,0
YBMGMRep,0.06,0.16,0.2,0.06,0,0.05,0.05,0.39,0.02,0
_tibbyyy,0.77,0.02,0,0,0,0,0.01,0.18,0.01,0
Alexandra__Rock,0.87,0,0.02,0,0,0.01,0.05,0,0,0.03
drzevetchin,0.15,0.13,0,0,0,0,0.45,0.01,0.24,0.01
FaraahMA,0.08,0,0,0.89,0,0,0,0.03,0,0
jerome559,0.67,0.15,0,0,0,0,0.04,0.12,0.01,0
ashtonthegoat,0.97,0,0,0,0,0,0,0.02,0,0
VSaenz_17,0.87,0,0,0,0,0,0,0.13,0,0
cokegold,0.59,0.02,0.04,0,0,0.02,0,0.3,0.02,0
kenilworthBar,0.02,0.89,0,0.02,0,0,0,0,0.03,0.02
hdygdt2,0.03,0.03,0.03,0.03,0.03,0.03,0.03,0.7,0.03,0.03
_NDubayan,0.14,0.81,0,0,0,0,0,0.04,0,0
Federicoperez_8,0,0,0,0,1.0,0,0,0,0,0
TEZY_T,0.32,0.14,0,0.18,0,0,0,0.36,0,0
kaylagovernor,0.89,0,0,0,0,0,0,0.11,0,0
spe77pp,0.65,0.01,0.01,0.01,0.01,0.01,0.24,0.01,0.01,0.01
rxmez,0.12,0.18,0,0.01,0,0.02,0.05,0.59,0.02,0
alimaraty,0,0,0.1,0.73,0,0.12,0.05,0,0,0
abydarmz,0.67,0,0,0.03,0,0,0.06,0.24,0,0
kentavius_3,0.23,0.14,0,0,0,0,0,0.63,0,0
Tranae_xo,0.66,0.19,0.01,0,0,0,0.03,0.06,0.01,0.02
jyuken_eitango,0.05,0.05,0.05,0.05,0.05,0.05,0.05,0.55,0.05,0.05
TheCurtisBlow,0.04,0.16,0,0,0,0,0,0.8,0,0
Maracunt,0.64,0.01,0.04,0.02,0,0.15,0.1,0.04,0,0
Olivia_Howship,0.8,0.18,0,0,0,0,0,0,0,0
dutchmaster_lex,0.14,0.54,0,0.02,0,0,0.03,0.25,0.01,0
SilberWorldNews,0,0,0.02,0,0,0,0.97,0,0,0
jxilimuy,0.37,0.03,0,0.04,0,0,0,0,0.01,0.54
arialldat,0.31,0.04,0,0,0,0,0.04,0.61,0,0
xxCuteHdsz,0.85,0,0,0,0,0,0.02,0.12,0,0
michaelbarbz22,0.23,0.68,0,0,0,0,0.02,0.06,0,0
painofmalice,0.98,0,0,0,0,0,0,0.01,0,0
gabyacanales,0.41,0,0,0,0.57,0,0,0,0,0.02
sandi_cheekss,0.89,0,0,0,0,0,0,0.11,0,0
_caragordon,0.7,0.2,0.01,0,0,0,0.05,0,0.04,0
MeganCauserx,0.97,0,0.01,0,0,0,0,0.01,0,0
bekkysabasaba,0.05,0.05,0.05,0.05,0.05,0.05,0.05,0.55,0.05,0.05
__HAYOON,0.65,0,0.3,0,0,0,0,0,0,0
jesusflorescon,0,0.1,0,0,0.88,0,0,0,0,0
Mike_T_Lopez,0.56,0.04,0,0,0,0,0.17,0.08,0.14,0
karencopeland94,0.82,0.15,0,0,0,0,0,0,0.01,0
26102stwa,0,0,0,0,1.0,0,0,0,0,0
roberta25s,0,0.29,0.11,0,0,0,0.41,0,0.18,0
_NXMO,0.29,0.21,0,0,0,0,0.03,0.45,0.02,0
aSouthIndian,0.38,0.13,0.02,0.12,0,0,0.14,0,0.03,0.17
rhiannetw_,0.82,0,0,0,0,0,0.07,0,0.06,0.05
valicolea,0,0,0,0.02,0.05,0,0.78,0,0.04,0.11
Pigsblow1,0.36,0.26,0,0,0,0.03,0,0.35,0,0
n_Clouds,0,0.15,0,0,0,0.03,0.46,0,0.36,0
Scott_McLellan1,0.45,0.33,0.17,0,0,0,0.02,0,0.02,0
BarackObama_top,0,0.02,0,0,0,0,0.36,0,0.61,0
cavechic,0.5,0.39,0,0,0,0,0.03,0,0.01,0.06
GEArchitects,0,0.96,0,0,0,0.01,0,0,0.03,0
MasonMagruder,0.71,0.09,0,0,0,0,0.12,0.01,0.07,0
tryanto_s,0.32,0,0,0.67,0,0,0,0,0,0
balldontlie9,0,0.33,0,0,0.64,0,0,0,0,0
MrNoahItALL,0.17,0.15,0,0,0,0,0.58,0,0.09,0
dianaxtrejo,0.72,0,0,0,0,0,0,0.28,0,0
FikriFiq1,0.61,0,0,0.38,0,0,0,0,0,0
MisterKwakuJ,0.07,0.71,0,0,0,0,0.05,0.16,0,0
ITAINTCAD,0.02,0.52,0,0,0,0,0.09,0.36,0,0
gocyjepaw,0,0,0,0,0,0,0,0,1.0,0
SianEBones,0.49,0.42,0,0,0,0,0.04,0,0.05,0
MotorPartsDir,0,0.71,0,0.14,0,0,0.12,0,0.02,0.01
19stavros81,0.12,0.43,0,0.09,0,0,0.34,0,0.02,0
hx_chen99,0.94,0,0.01,0.03,0,0,0,0,0,0.01
hafsahailey1,0.05,0.05,0.05,0.05,0.05,0.05,0.05,0.55,0.05,0.05
jeppersannn,0.82,0,0,0,0,0,0.04,0.07,0.06,0
natsuyuri019,0.02,0.02,0.02,0.02,0.02,0.02,0.02,0.85,0.02,0.02
lilginger_360,0.46,0,0,0,0,0,0,0.53,0,0
cl4ppyG,0.03,0.01,0.92,0,0,0.01,0,0.02,0,0
bangtan1306_,0.18,0.05,0.14,0.36,0.01,0.02,0,0,0,0.24
Idksok,0.88,0.03,0.05,0,0,0,0.01,0.01,0,0.01
Aakarsh_sree,0.12,0.02,0.04,0.11,0,0,0.45,0,0.26,0
chrisophren,0.08,0.22,0,0.1,0,0.33,0.2,0.03,0,0.02
kev_jago,0.48,0.48,0,0,0,0,0,0.05,0,0
joantanzuen,0.94,0.01,0,0,0,0,0,0.01,0.02,0
isara36,0.05,0.05,0.05,0.05,0.05,0.05,0.05,0.55,0.05,0.05
Melizmelon,0.86,0,0,0,0,0,0.08,0.06,0,0
portonathalia,0.27,0.05,0.2,0,0.41,0,0,0,0.03,0.03
jessica_wilcock,0.96,0.02,0,0,0,0,0,0,0.02,0
todd_diesel95,0.35,0.46,0,0,0,0,0,0.19,0,0
94Fifty,0,0.93,0,0,0,0,0.03,0,0.03,0
_loveeaij,0.5,0,0,0,0,0,0.09,0.36,0.04,0
BlogdaTM,0,0,0,0,0.93,0.01,0.04,0,0,0.02
erinurban,0.91,0.02,0,0,0,0,0,0.06,0,0
GeorgeArmitage1,0.58,0.35,0.02,0,0,0,0.03,0,0,0
HoiElvis,0.05,0,0,0.78,0,0,0,0.18,0,0
Sir_Rubialex,0.07,0.46,0,0.16,0.22,0,0.04,0.04,0,0.01
gavinparle,0.81,0.09,0.02,0,0,0,0.05,0,0.03,0
insha325_SM,0.4,0.2,0.02,0.02,0,0,0.02,0,0,0.34
chloeebennett22,0.95,0.04,0,0,0,0,0,0,0,0
aldisha_tamara,0.75,0,0,0.24,0,0,0,0.01,0,0
nicoleplayer16,0.78,0,0,0,0,0,0,0.22,0,0
JennSTEM,0.18,0.38,0,0.03,0,0,0.05,0,0.35,0
duanyien96,0.22,0.2,0.03,0,0,0,0,0,0,0.54
LongLiveAnt,0.33,0.05,0,0.02,0.02,0,0,0.58,0,0
Barmenhr,0,0.24,0.59,0.12,0.01,0,0.01,0,0,0.02
wolfinhd,0.3,0.47,0,0,0,0,0.02,0.21,0,0
tim_zorich,0.18,0.8,0,0,0,0,0,0,0,0
semnome1223,0.21,0,0,0,0.61,0,0,0.13,0,0.05
connmack30,0.68,0.25,0,0,0,0,0.01,0.05,0.01,0
Nuubbiiaaa,0.96,0,0,0,0,0,0,0.03,0,0
MLB_Scores_,0,0.78,0,0,0,0,0.21,0,0,0
obeyastrid,0.62,0,0,0,0,0,0,0.37,0,0
SebaCisternaas,0.52,0,0.04,0.02,0.25,0,0.04,0.13,0,0
MujeresPlay,0,0,0.15,0,0.76,0.06,0.03,0,0,0
raulmerom,0,0.59,0.11,0,0.2,0,0.04,0,0,0.06
princee_josiah,0,0.5,0,0,0,0,0,0.49,0,0
clpauwels,0.31,0.24,0,0,0,0,0.1,0,0.34,0
Haruto_osomathu,0.7,0.03,0.03,0.03,0.03,0.03,0.03,0.03,0.03,0.03
javi_alanis,0,0.05,0.03,0,0.62,0.01,0.18,0,0.09,0.01
crueinvest,0.09,0.05,0.11,0,0,0,0.21,0,0.52,0
Drhm1234,0,0,0.24,0.76,0,0,0,0,0,0
Mali,0,0,0,0,0,0,0.88,0,0.12,0
Prmhavika6gmail,0,0,0.06,0.11,0,0,0.68,0,0,0.14
zeddikins,0.35,0.23,0.08,0,0,0.03,0.23,0.06,0,0
barbieriqkdwane,0,0,0,0,0,0,0,0,0,1.0
SantinoPanone,0.43,0.35,0,0.07,0,0,0.03,0.09,0.04,0
Bankruptcy2mBoo,0.21,0.32,0.02,0,0,0,0.33,0,0.08,0.01
nomaslosers,0,0.05,0,0.57,0.24,0.14,0,0,0,0
TeaHoover,0.57,0.23,0,0,0,0.01,0.11,0,0.06,0
emely_danielle_,0.93,0.06,0,0,0,0,0,0,0,0
xSaabss_,0.82,0,0.02,0.1,0,0,0,0.05,0,0
namastx,0.51,0.05,0.02,0,0.09,0.02,0,0.02,0,0.29
pem_cocoa,0.05,0.05,0.05,0.05,0.05,0.05,0.05,0.55,0.05,0.05
Ayo_Antwan41,0.19,0.14,0,0,0,0,0,0.68,0,0
tppomi,0.8,0.02,0,0,0,0,0.02,0.14,0,0
omggaby,0.82,0.15,0.01,0,0,0,0,0,0,0
emmett_fox,0.44,0.52,0,0,0,0,0,0.03,0,0
Akashtv1,0.08,0.04,0,0,0,0,0.83,0,0.02,0.02
Jackelyn_xx,0.71,0.21,0.05,0,0,0,0,0,0,0.02
itsbieberrs,0.29,0,0.4,0.04,0.18,0,0,0.03,0,0.05
roberts_jillian,0.89,0,0,0,0,0,0.02,0.07,0,0
1DLittleSecret,0.37,0.19,0.4,0,0,0,0,0,0,0.03
lentoicortel,0.69,0.16,0.01,0,0,0,0.03,0.01,0,0.1
tonisheyasb,0.53,0.02,0,0,0,0,0,0.45,0,0
Smoove_Religion,0.15,0,0,0,0,0,0,0.85,0,0
Yesenialuvz,0.96,0,0,0,0,0,0,0.04,0,0
YEHI209,0.7,0.16,0,0,0,0,0,0.14,0,0
yoooitsJordan,0.38,0.22,0,0,0,0,0,0.4,0,0
ItTraynor,0.76,0,0.06,0,0,0.06,0,0,0,0.12
Mphoputini,0.45,0.42,0,0,0,0,0.07,0,0.02,0.03
rachelbleh,0.7,0,0.08,0.02,0,0,0,0.1,0,0.08
lovettejam,0.07,0.13,0,0.02,0,0.01,0.4,0.02,0.33,0.02
caesquivel04,0.42,0.28,0.02,0,0,0,0.21,0,0.05,0.01
butterflyburgos,0.78,0,0.02,0,0,0,0,0.12,0,0.07
valeyos,0.46,0.08,0.11,0,0.27,0.08,0,0,0,0
claaassic_alex,0.62,0.29,0.04,0,0,0,0,0.02,0,0.01
The1stREDWAL,0.07,0,0,0,0,0.92,0,0,0,0
Fabio_Natali,0,0.16,0.02,0,0,0.02,0.74,0,0.03,0.03
emogrl420,0.67,0,0,0,0,0,0.04,0.26,0.01,0
yaboy_kell,0.25,0.19,0,0,0,0,0.01,0.55,0,0
sianroberts670,0.42,0.37,0.12,0.01,0,0,0,0,0,0.07
joverman16,0.62,0.31,0,0,0,0,0.05,0,0.01,0
RosewoodBAPE,0,0.07,0.03,0,0,0,0,0.88,0,0
iDanColeman,0.39,0.16,0,0,0,0.05,0.07,0,0.32,0
pipitnyots,0,0,0,0.89,0,0.03,0,0,0,0.08
NickMendieta,0.45,0.21,0,0,0,0,0,0.34,0,0
Big_mag1,0.69,0.22,0,0,0,0,0.06,0,0.02,0
KhuloodAlNaqbi1,0.05,0.05,0.05,0.05,0.05,0.05,0.05,0.55,0.05,0.05
akaasartule,0.29,0.22,0,0,0,0,0.38,0.04,0.06,0
tswiftandbands,0.75,0.11,0.09,0,0,0,0,0,0,0.03
LOVATOPDOWN,0.24,0.08,0.13,0.01,0.1,0,0,0.02,0,0.41
dwellenstein,0.03,0.03,0,0,0,0.94,0,0,0,0
adila145,0.42,0,0.02,0.54,0,0,0,0,0,0.02
mitchmalady,0.65,0.19,0.03,0,0,0,0.12,0,0,0
arrobalipee_,0,0,0,0,0.97,0,0.03,0,0,0
ruthlessyesenia,0.63,0,0,0,0,0,0,0.36,0,0
FadyOnsy2,0.16,0.12,0,0.64,0.08,0,0,0,0,0
graceharpeer,0.88,0.09,0,0,0,0,0,0.02,0,0
elliemcwilliams,0.84,0.13,0.02,0,0,0,0,0,0,0
Physique_Pride,0.58,0,0,0,0,0,0.03,0.4,0,0
geraldin_cf,0.33,0.43,0.08,0,0.03,0.01,0,0,0,0.1
itzel_mtz11,0.8,0,0,0,0,0,0,0.19,0,0
BRUNOCANQUERINI,0,0.05,0,0,0.95,0,0,0,0,0
camdollarsign,0.02,0.18,0,0.01,0,0,0,0.79,0,0
hsrryestyIes,0.15,0,0.33,0,0.32,0,0,0.19,0,0
essam71312,0.05,0.05,0.05,0.05,0.05,0.05,0.05,0.55,0.05,0.05
KJenks11,0.25,0.69,0,0,0,0,0,0.06,0,0
aayush2101,0.45,0,0.05,0.02,0,0,0.38,0,0,0.11
Mamdouhmone,0.05,0.05,0.05,0.05,0.05,0.05,0.05,0.55,0.05,0.05
erin_jamieson,0.93,0,0,0,0,0,0,0.07,0,0
behro00oz,0,0.35,0,0,0.01,0.05,0.59,0,0,0
bureyy,0.05,0.6,0,0,0,0,0,0.35,0,0
brookins13,0.96,0,0,0,0,0,0,0.04,0,0
red_fen,0.16,0.11,0,0,0,0,0.64,0,0.09,0
xianlims,0,0,0,0,0,0,0,0.01,0,0.99
emeraldsequator,0.42,0,0,0.55,0,0,0.02,0,0,0.01
TheJoshlax,0.38,0.53,0,0,0,0.02,0.04,0.01,0.01,0
extra_royalty,0.14,0.55,0.01,0,0,0.02,0.16,0.01,0.08,0.03
imaROCKstar1200,0.56,0.43,0,0,0,0,0,0,0,0
Fiona_Bruce,0.24,0.64,0,0,0,0,0.08,0,0.01,0.01
ShafaNujoma,0.42,0.43,0,0,0,0,0.12,0,0.02,0
FemiMykael,0.23,0.66,0,0,0,0,0.01,0.1,0,0
charleybear7,0.61,0.37,0,0,0,0,0,0,0.02,0
Str8ballNtwoOne,0.18,0.71,0,0.04,0,0,0,0.06,0,0
BethanyRaferty,0.92,0.07,0,0,0,0,0,0.01,0,0
conqasport,0,0.76,0,0,0,0,0.01,0,0.23,0
SharanAdlem,0.52,0.43,0,0,0,0,0,0,0,0.05
nmbleke,0.05,0.05,0.05,0.05,0.05,0.05,0.05,0.55,0.05,0.05
MalindaSmink,0,0,0,0,0,0,0,1.0,0,0
NellyOranje,0,0.4,0.43,0,0.07,0,0.09,0.01,0,0
abieeamoez,0,0,0,0.99,0,0,0,0,0,0
yineiriet,0.89,0,0,0,0,0,0,0.09,0,0.01
Rep_World_Peace,0.21,0.01,0,0,0,0,0,0.77,0,0
aaronpc59,0.01,0.05,0,0,0.91,0,0,0,0,0.02
kavitac18,0.25,0,0,0,0,0.57,0,0,0.03,0.14
xotiaa_,0.43,0.03,0,0,0,0,0,0.53,0,0
AustinTodd11,0,0,0,0,0,0,1.0,0,0,0
white_blondie22,0.99,0,0,0,0,0,0,0.01,0,0
FRANCISNDOLO3,0.18,0.1,0,0,0,0,0.55,0,0.13,0.02
keeeen91019,0.05,0.05,0.05,0.05,0.05,0.05,0.05,0.55,0.05,0.05
cdamodel,0.38,0.37,0.07,0,0,0,0.06,0.1,0,0
telehitamame,0.14,0.07,0.5,0,0.14,0.01,0,0.05,0,0.07
believier,0.41,0.06,0.27,0,0.14,0,0,0.06,0,0.07
LuthfiPut15,0.08,0.11,0.04,0.68,0,0,0,0,0,0.08
ronypoop,0.55,0.06,0,0,0,0,0.07,0.03,0.02,0.26
ethanshumski4L,0.43,0.42,0,0,0,0,0.01,0.13,0,0
SalomeeHewitt,0.64,0,0,0,0,0,0.33,0,0.01,0
FraserMair,0.61,0.29,0.01,0,0,0,0.07,0,0.01,0
fatimaxox1,0.87,0.02,0.05,0.01,0,0.03,0,0,0,0
iWonHunnit,0.15,0,0,0,0,0,0,0.85,0,0
cherrybombs_xo,0.83,0.16,0,0,0,0,0,0,0,0
Destinyuhva,0.31,0.15,0,0,0,0,0.38,0.02,0.14,0
ahmadniyzar_,0.04,0.3,0,0.64,0,0,0,0,0,0
MarcusLofstrom,0.14,0.36,0.06,0.04,0,0,0.34,0,0.03,0.02
spilacious001,0.14,0.17,0.07,0.15,0,0.03,0.16,0.26,0,0.01
damnrainydays,0.61,0.1,0,0,0,0,0.06,0.21,0.02,0
BuyMore_Condoms,0.28,0.06,0,0,0,0,0.03,0.63,0,0
bricalver,0.35,0.36,0.01,0,0,0.01,0.16,0.05,0.05,0.01
sanjayator,0,0.1,0.03,0.23,0,0,0.62,0,0,0
sooso61,0.3,0,0,0.64,0,0.04,0,0,0,0
lycaonthropes,0.81,0.07,0.04,0,0,0,0.05,0,0.02,0
laatee_,0.17,0,0,0,0,0,0,0.82,0,0
DominickAzores1,0.09,0.72,0,0,0,0,0.01,0.18,0,0
MsKristii,0.55,0.09,0.03,0,0,0,0.04,0,0.05,0.22
itsAnu_,0.78,0.01,0,0,0,0,0,0.19,0,0
martmannion,0.01,0.85,0,0,0,0,0.02,0.11,0,0
joedealsallday,0,0,0,0,0,0,0.99,0.01,0,0
Silent_J_,0.31,0.43,0,0,0,0,0.05,0.18,0.02,0
queeen_kyaannna,0.38,0,0,0,0,0,0,0.62,0,0
____choppa,0.4,0.03,0,0.02,0,0,0,0.54,0,0
Pass_Da_Canobis,0.43,0.01,0,0,0,0,0,0.55,0,0
Peepee_2015,0.46,0,0,0,0,0,0,0.54,0,0
gunyfuxenex,0.17,0.02,0,0,0,0,0.76,0,0.03,0
CupidStunt_,0.71,0.24,0,0,0,0,0,0.04,0,0
HelgeLeduc,1.0,0,0,0,0,0,0,0,0,0
UppercutSlut,0.5,0.21,0,0,0,0,0.07,0.19,0.03,0
so65__,0.05,0.05,0.05,0.05,0.05,0.05,0.05,0.55,0.05,0.05
br_britni,0.98,0,0,0,0,0,0,0.02,0,0
TechNewsTrend,0.07,0.06,0.04,0,0,0,0.71,0,0.09,0
dstinodmocracia,0,0,0,0,0.99,0,0,0,0,0
RoxanneShirazi,0.2,0.14,0,0,0,0,0.19,0,0.47,0
abulfarafisyah,0,0.04,0,0.79,0.02,0,0.03,0,0.05,0.07
buritclosed,0,0,0.03,0.83,0.03,0.02,0.01,0,0,0.08
tvs7340,0.51,0.16,0.02,0,0,0.03,0.02,0.18,0,0.09
ScienciaGeograp,0,0,0,0,0,0,0,0,1.0,0
mayraylikesmen,0.51,0.46,0.01,0,0,0,0,0,0,0
Sentia_UK,0.08,0.15,0.03,0.02,0,0.08,0.4,0,0.13,0.1
Emanwhale,0.43,0,0,0,0,0,0,0.57,0,0
liiisss_,0.58,0.04,0.09,0,0,0.02,0,0.28,0,0
siunal,0.11,0,0,0.17,0,0,0.62,0,0.07,0.01
54ipfhfp,0.03,0.03,0.03,0.03,0.03,0.03,0.03,0.77,0.03,0.03
4everwine,0,0,0,0.07,0.93,0,0,0,0,0
charsbusiness_,1.0,0,0,0,0,0,0,0,0,0
bowma02,0.82,0.16,0,0,0,0,0,0,0,0
thisbowman,0.1,0.23,0.2,0,0.36,0,0,0,0,0.11
ReganWoodard,0.6,0.34,0,0,0,0,0,0.04,0,0
Guimasax,0,0,0.3,0,0.67,0.02,0,0,0,0
Ashi1Li,0.36,0.35,0.02,0,0,0.01,0.15,0.05,0.04,0.01
mogulssitontop,0.34,0.39,0.11,0,0,0.02,0.02,0.09,0,0.01
CayleeCake_,0.89,0.03,0,0,0,0,0,0.07,0,0
basedelena,0.71,0.01,0,0,0,0,0.02,0.25,0,0
red_55_,0.82,0,0,0,0,0,0,0.18,0,0
christiexsh,0.67,0.02,0.04,0,0,0,0.05,0.21,0,0
pcQnm2yC38KXUTk,0.13,0,0,0,0,0,0,0.84,0,0
awfullylost,0.76,0,0,0,0,0,0,0.22,0,0
Sanchezdalbert,0.28,0.06,0.03,0.02,0.11,0,0.37,0.03,0.09,0
brhnita,0.05,0,0.04,0.88,0.02,0,0,0,0,0
yenkasi,0.14,0.52,0,0,0,0,0.24,0,0,0.09
Tetteh_Obuobi,0.38,0.39,0,0.03,0,0,0.09,0.09,0.02,0
marteeenez,0.82,0.07,0.01,0,0,0,0.01,0.07,0,0
jesensjovan,0.05,0.39,0.21,0.09,0.05,0.03,0.04,0,0.12,0
Guy_B13,0.35,0.17,0.02,0,0,0,0.08,0.32,0.04,0
SubThoughtz,0.05,0.63,0,0,0,0,0,0.28,0.02,0
salma_carrillo,0.86,0.03,0,0,0,0,0,0.08,0,0.03
_iCelosa,0,0,0,0,0.99,0,0,0,0,0
Ptn_Papooh,0.04,0,0.03,0.92,0,0,0,0,0,0
Wave88,0.82,0,0,0.01,0,0.02,0.07,0.07,0,0
Haitian_Hero,0.82,0,0,0,0,0,0,0.17,0,0
agilista_me,0.2,0.31,0,0.09,0,0,0.24,0,0.15,0
AOL28,0.23,0.03,0,0,0.01,0,0.02,0,0,0.7
Drunkbrunettes,0.95,0,0,0,0,0,0,0.05,0,0
jamie_pryce,0.67,0.31,0,0,0,0,0,0,0,0
Is_That_Gage,0.24,0.03,0,0.06,0,0,0,0.66,0,0
elibluejay,0.62,0.16,0,0,0,0,0,0.21,0,0
ashhleyserrano,0.98,0,0.02,0,0,0,0,0,0,0
Gianna_Yates,0.91,0.03,0,0,0,0,0.03,0.02,0,0
_LuVa,0.07,0.12,0,0,0,0,0,0.81,0,0
highimlalonnie,0.73,0,0,0,0,0,0,0.27,0,0
Brooklynn_BK,0.48,0,0,0,0,0,0,0.52,0,0
_BitchYouSEEMe,0.15,0.02,0,0.14,0,0.01,0,0.68,0,0
vidya_balan,0.23,0.27,0,0.05,0,0,0.14,0,0.19,0.1
luis_mbo,0,0,0,0,0.98,0,0,0,0,0.02
Rugbykoutaro_11,0,0.91,0,0,0,0,0,0,0,0.08
_kissmarissa,0.76,0,0,0,0,0,0.03,0.21,0,0
JungnanKang,0.05,0.05,0.05,0.05,0.05,0.05,0.05,0.55,0.05,0.05
1140miles,0.98,0,0,0,0,0,0,0.02,0,0
Fuugis,0.63,0.07,0.03,0.03,0,0,0.08,0,0.11,0.04
GaleTammy,0.2,0.07,0.43,0.08,0,0.03,0.05,0.06,0.08,0
MUFCfanclub,0,1.0,0,0,0,0,0,0,0,0
espinaMj,0.03,0,0,0,0,0.02,0,0,0,0.94
Zahrah_Patel,0,0.98,0.01,0,0,0,0,0,0,0
DilenDeGuia,0.34,0.04,0,0,0,0,0,0.01,0,0.6
TuesdayBleu,0.62,0.06,0,0,0,0,0.01,0.29,0.01,0
syriasIy,0.49,0,0,0,0,0,0.42,0.04,0.03,0
NOH8ER,0.19,0.02,0,0,0,0,0.71,0.02,0.05,0
cramerreece,0,0,0,0,0,0,0,0,1.0,0
char_edney,0.94,0,0,0,0,0,0,0.06,0,0
MutaHaroon,0.42,0.5,0,0.01,0,0,0.06,0,0,0
jenalove29,0,0,0.99,0,0,0,0,0,0,0
Christiana1114,0.91,0.02,0,0,0,0,0.03,0.01,0,0
jasenty_x,0.87,0.07,0,0,0,0,0.04,0,0.02,0
TrendyHuman,0.14,0.23,0,0,0,0,0,0,0,0.63
Jarshan990,0.18,0,0.48,0,0,0,0.27,0,0,0
lixjacky,0.74,0.1,0,0,0,0,0.02,0.14,0,0
watany1974,0.51,0.23,0,0,0,0,0.26,0,0,0
axia_yoon,0.28,0.16,0.18,0,0,0,0,0.01,0,0.35
aussiesharapova,0.2,0.79,0,0,0,0,0,0,0,0
mrdodd16,0.32,0.58,0,0,0,0,0,0.07,0.03,0
bthurm85,0.63,0.22,0,0,0,0,0,0.14,0,0
RuebenDydell,0.63,0.11,0,0,0,0,0.12,0,0.12,0
05405lktb,0,0,0,0,1.0,0,0,0,0,0
descubes,0.14,0.04,0.13,0,0,0,0.45,0,0.19,0.03
watsupafrica,0,0.02,0,0,0,0,0.87,0,0.11,0
JoeZeejose,0.8,0.03,0,0,0,0,0.03,0.12,0.01,0
Texas_Stew,0.44,0.34,0,0,0,0.01,0.11,0.07,0.03,0
xDevin30,0.12,0.16,0,0,0,0,0,0.72,0,0
KatieLovesBands,0.75,0.1,0.05,0,0,0.03,0.04,0,0,0.02
M7md3thman,0.89,0.01,0.01,0.01,0.01,0.01,0.01,0.01,0.01,0.01
evandwizra,0.14,0.36,0.02,0.22,0,0,0.18,0.06,0,0
Jeff_Co_PRIDE,0.33,0.08,0,0,0,0,0.32,0,0.26,0
emilykallas17,0.52,0.1,0.01,0,0,0,0.05,0.31,0,0
jennammm,0.22,0.12,0.01,0,0,0,0.48,0,0.17,0
asssssston,0.75,0.08,0,0,0,0,0.02,0.14,0,0
_dani_ross,0.72,0.17,0.02,0,0,0,0,0.09,0,0
valenriqueez,0.75,0,0,0,0,0,0,0.25,0,0
Ducks_P,0.51,0.12,0.22,0,0,0,0.03,0.1,0,0.01
Sean_Auditore,0.62,0.12,0,0.01,0,0.02,0.05,0.09,0.02,0.06
AyeeeBri,0.53,0.01,0,0,0,0,0,0.45,0,0
samxo__,0.85,0.03,0.03,0,0,0,0.02,0.07,0,0
lexivalvo,0.52,0,0,0,0,0,0,0.48,0,0
Roma__Capoccia,0.14,0.42,0.07,0,0,0,0.24,0,0.1,0.02
yayiez,0.67,0,0.28,0,0,0,0,0.04,0,0
ShotByReggie,0.08,0.24,0.11,0.03,0,0.04,0.03,0.46,0,0
1hashasi,0.02,0.02,0.02,0.85,0.02,0.02,0.02,0.02,0.02,0.02
nahomy1808,0.9,0,0,0,0.08,0,0,0,0,0
Super_flysam,0.06,0.04,0,0,0,0,0,0.9,0,0
zhnll98,0.71,0.02,0.06,0,0,0,0,0.03,0,0.17
austintucker47,0.65,0.17,0,0,0,0,0,0.18,0,0
jesyadoin,0.12,0.09,0.48,0,0.2,0,0,0.01,0,0.1
Nu_Dicklicious,0,0,0,0.97,0,0,0,0,0,0.03
ArgentGuy,0.65,0.13,0,0,0,0,0.09,0.01,0.11,0.01
gracegrace090,0.77,0.22,0,0,0,0,0,0,0,0
UPSLongitudes,0.08,0.02,0,0,0,0,0.07,0,0.83,0
varcel1d,0.5,0.22,0.22,0,0,0,0,0,0,0.06
tumamilensi,0.64,0,0,0,0,0,0.05,0.3,0,0
McLean_Scott86,0.25,0.4,0,0,0,0.02,0.08,0,0.24,0
djsdrive,0,0,0,0.05,0,0,0.22,0,0.73,0
yakelinee_xo,0.84,0,0,0,0,0,0,0.14,0.01,0
NormaBurton18,0.03,0,0,0,0,0.01,0.94,0,0,0
AlexandraaCasoo,0.87,0.07,0.01,0,0,0,0,0.05,0,0
themust007,0,0,0,0,0,0,1.0,0,0,0
Martoh_1,0.25,0.28,0.01,0.12,0,0,0.14,0.11,0.07,0.03
mengjiabae,0.57,0,0,0.25,0,0,0,0.02,0,0.16
GeageaMaria,0.94,0,0.03,0,0,0,0,0,0,0
EnriquePoehlman,0.14,0.16,0.02,0.03,0.5,0,0.04,0.06,0.01,0.04
wanderlust1101,0.14,0.23,0,0,0,0,0,0,0,0.63
lomuellzzz3,0.94,0.06,0,0,0,0,0,0,0,0
azimrajak,0,0.66,0,0.28,0,0,0.06,0,0,0
alex35foot,0,0.1,0.89,0,0,0,0,0,0,0
LukewarmCth,0.72,0.03,0.1,0,0,0,0,0.07,0,0.07
moblackrecords,0,0.9,0.05,0.03,0,0,0,0,0,0.02
petermcgladdery,0.32,0.3,0.01,0,0,0,0.26,0,0.11,0
Druckinator,0.08,0.04,0,0,0,0,0.78,0.01,0.08,0
itswhittt,0.91,0.06,0,0,0,0,0.01,0,0,0
anoodii_72,0.05,0.05,0.05,0.05,0.05,0.05,0.05,0.55,0.05,0.05
_ziggystar,0.7,0.03,0.23,0,0,0,0.02,0,0.02,0
bo3li_alsalmi,0.39,0.43,0,0.09,0,0,0.06,0,0.02,0
bronXraised,0.45,0,0,0,0,0,0,0.55,0,0
specialjayuk,0.2,0.5,0,0.02,0,0,0.15,0,0.12,0.02
karlaisakoolkat,0.94,0.03,0,0,0,0,0,0.02,0,0
drina_was_here,0.57,0.14,0,0,0,0.21,0.07,0,0.02,0
lombehpaye,0.49,0,0,0,0,0,0.05,0.45,0.01,0
brownieji,0,0.35,0.07,0,0,0,0.56,0,0,0
Van_diesel45,0.49,0.12,0,0,0,0,0.1,0.25,0.03,0
MarlenVina,0,0,0,0,0,0,0,1.0,0,0
breezyclarkie,0.65,0.03,0,0,0,0,0.01,0.3,0,0
AppealingManic,0.98,0,0,0,0,0.02,0,0,0,0
MyLifeIsSMG,0.18,0,0,0.46,0.24,0.03,0,0,0,0.09
AndrewBunbury,0.38,0,0,0,0,0,0.41,0,0.19,0
LeonyEmaHulerr,0,0,0,1.0,0,0,0,0,0,0
AboutIt_Tay,0,0,0,0.79,0,0,0,0.2,0,0
balbiie,0,0,0,0.92,0,0,0,0,0,0.07
JesseSmith_33,0.43,0.44,0,0,0,0,0.01,0.1,0.01,0
aabnation,0,0.74,0,0,0,0,0.07,0.17,0.01,0
CorArdens,0.25,0.31,0.03,0,0,0,0.19,0,0.23,0
mexico_jojo,0.26,0,0,0,0,0,0.07,0.64,0.02,0
mapichaaaan,0.03,0.03,0.03,0.77,0.03,0.03,0.03,0.03,0.03,0.03
rbh502,0.8,0.03,0.03,0,0,0,0.03,0.1,0,0.01
carlenefraser,0.8,0.13,0,0,0,0,0,0.02,0,0.03
ema_1a,0.05,0.05,0.05,0.05,0.05,0.05,0.05,0.55,0.05,0.05
xOBLiViiOUS,0.12,0.18,0,0.03,0,0.59,0.03,0.04,0,0
V4Victo,0.14,0.47,0,0.01,0,0,0.14,0.16,0.06,0
jelitaesther,0.03,0,0.01,0.95,0,0,0,0,0,0
j_wils96,0.48,0.52,0,0,0,0,0,0,0,0
hazal_89,0.53,0.4,0.01,0,0,0,0.03,0,0.01,0.02
auliasantosa29,0.32,0,0.04,0.64,0,0,0,0,0,0
dhegan17,0.38,0.31,0.01,0,0,0,0.2,0.01,0.08,0
CliftonCafe,0.04,0.83,0.07,0,0,0.02,0,0,0.02,0.02
ayeecarlito,0.75,0.08,0,0,0,0,0,0.16,0,0
ShanenRein,0.75,0,0,0,0,0,0,0,0,0.25
bakerbungle,0.05,0.84,0,0,0.01,0.04,0,0,0.05,0.02
JkJkbabu6707,0.18,0.09,0,0.12,0,0,0.46,0,0.09,0.05
anyaxamor,0.05,0.05,0.05,0.05,0.05,0.05,0.05,0.55,0.05,0.05
Sir_pudge,0.21,0.18,0,0,0,0,0,0.61,0,0
ZynbAl3rees,0.99,0,0,0,0,0,0,0,0,0
Ahmedl208,0,0,1.0,0,0,0,0,0,0,0
DailyDoseOfDee,0.29,0,0,0,0,0,0,0.7,0,0
AimaraGalarza,0,0,0,0,1.0,0,0,0,0,0
jainmonjain2009,0.03,0.19,0.06,0,0,0.05,0.04,0,0,0.63
Garren_Wade,0.87,0.04,0,0,0,0,0.01,0.04,0.01,0
Iceberg942,0,0,0.99,0,0,0,0.01,0,0,0
MaiteGordillo12,0.03,0,0.02,0.01,0.92,0,0,0,0,0
MissJess_x,0.76,0.1,0.02,0,0,0,0.06,0.05,0,0
StileyTweets,0.34,0.65,0,0,0,0,0,0,0,0
fnspoon,0.1,0.82,0,0,0,0,0.01,0.06,0,0
wovutyrukutu,0,0,0,0,0,0,0,0,1.0,0
BEbee533,0.98,0,0,0,0,0,0,0,0,0
JessyArchie,0.8,0.15,0.02,0,0,0,0,0,0,0.02
HinaFood,0.65,0.01,0.01,0.01,0.01,0.01,0.01,0.27,0.01,0.01
keelydawn_,0.83,0.14,0,0,0,0,0.03,0,0,0
ReeEcclestone,1.0,0,0,0,0,0,0,0,0,0
NatElaine101,0.64,0,0,0,0,0,0.02,0.32,0,0
kirstopher,0.49,0.48,0.01,0,0,0,0,0,0,0
mahendrakdatu,0.22,0.08,0.01,0.1,0,0,0.22,0,0.36,0
Jamaican_1luv,0.37,0.28,0.29,0,0,0,0,0.03,0,0.03
Iam_antiSocial,0.55,0.02,0,0,0,0,0.18,0.24,0,0
NakelleLoveshim,0.62,0.02,0,0,0,0,0,0.36,0,0
RaelDanny,0.02,0.06,0.02,0,0,0,0.8,0,0.1,0
ashleigh_b2016,0.95,0.04,0,0,0,0,0,0,0,0
FaithVelasc,0.11,0.02,0.02,0,0.02,0,0,0,0,0.84
jordanbroown,0.93,0,0,0,0,0,0,0.05,0,0
dygmln,0,0,0.95,0,0.05,0,0,0,0,0
NokeAnn,0.03,0,0,0,0,0.01,0.93,0,0.01,0
Madison_Moore16,0.98,0,0,0,0,0,0,0.02,0,0
BeckstromStacey,0.77,0.11,0.1,0,0,0,0,0,0,0
Jourdanshayy,0.98,0,0,0,0,0,0,0.01,0,0
vowodexudigu,0,0,0,0,0,0,0,0,1.0,0
DelishFish,0,0,0,0.98,0,0.02,0,0,0,0
bangtanhomies,0.43,0,0.18,0.2,0,0,0,0.02,0,0.14
YourToyChest,0.07,0,0.02,0,0,0,0.21,0.4,0,0.3
yourfrehwre,0.81,0.02,0.01,0,0,0,0.03,0.11,0.01,0
eunjiluveunji,0.07,0.16,0.16,0.03,0.01,0.02,0.03,0.02,0,0.49
8C,0.58,0.04,0,0,0,0,0.16,0.05,0.15,0
JacamusTaddamus,0.52,0.47,0,0,0,0,0.01,0,0,0
midnightcrawls,0.83,0.06,0,0,0,0.01,0.05,0.04,0,0
_Justiiice,0.09,0.03,0,0,0,0,0.03,0.83,0.02,0
ice_cold_sky_,0.46,0,0,0,0,0.21,0,0,0,0.3
Leo_Bancroft,0.33,0.38,0.05,0,0,0.03,0.08,0,0.03,0.11
Scrupulous7,0.68,0.03,0,0.04,0,0,0.13,0.02,0.01,0.09
DenaeMiloo,0.54,0,0,0,0,0,0,0.44,0,0
KatiWadeyy,0.92,0.01,0,0,0,0,0,0.06,0,0
fournippalos,0.91,0.03,0,0,0,0,0.03,0,0.02,0
tyrRANAsaurous,0.7,0,0,0,0,0,0.21,0.02,0.06,0
04864lktb,0,0,0,0,1.0,0,0,0,0,0
Lilllllaaaaay,0.6,0,0,0,0,0,0,0.4,0,0
abelsniaz,0.53,0,0.16,0.02,0,0,0.01,0.27,0,0
MorganAshline,0.83,0.17,0,0,0,0,0,0,0,0
MandyHudack,0,0,0,0,0,0,0,1.0,0,0
thegerb7,0.79,0.08,0,0,0,0,0,0.11,0,0.02
justintimeOO,0,0.3,0.08,0,0,0.01,0.4,0,0.2,0
heyitsmeMARKKK,0.29,0.05,0.22,0.12,0,0,0,0,0,0.31
niyahdwyer,0.52,0.03,0,0,0,0,0.02,0.42,0,0
SarahRaymane,0,0,0.76,0.15,0,0,0,0.08,0,0
courrtsmithh,0.91,0,0,0,0,0,0,0.08,0,0
moraneon,0.79,0.02,0.03,0,0,0,0,0.1,0,0.04
Grace2Build,0,0.87,0.09,0,0,0,0,0.03,0,0
BobLivingston,0,0.71,0.07,0.17,0,0,0.03,0,0.01,0
BrownskinTee_1,0.69,0.11,0.05,0,0,0,0,0.14,0,0
AliGaberAli,0,0.28,0,0,0,0,0.51,0.16,0,0
Tom_A_Murphy,0.15,0.84,0,0,0,0,0,0,0,0
rissa__09,0.56,0,0,0,0,0,0,0.43,0,0
RTfeet,0.66,0.1,0,0,0,0.04,0.07,0.08,0,0.04
Marisa8993Mary,0,0,0,0,1.0,0,0,0,0,0
Piyayaaaa,0.47,0,0,0.2,0,0,0,0.02,0,0.3
RomCielo,0.78,0.01,0,0,0.16,0,0,0.05,0,0
KateJ_10,0.17,0.57,0.03,0,0,0,0.07,0,0,0.14
steffanylopess1,0,0,0.03,0,0.82,0.01,0,0.14,0,0
kanabaa,0,0.13,0.05,0,0.71,0.02,0,0,0,0.1
Ayeneellasoxx,0.47,0,0,0,0,0,0,0,0,0.52
ojfabolouslife,0.23,0.03,0,0,0,0,0,0.73,0,0
milksebaek,0.46,0.06,0.12,0,0,0,0.03,0.05,0,0.26
chifumnanyao,0.66,0.11,0.01,0,0,0,0.09,0.07,0.03,0.01
SiouxieAbell,1.0,0,0,0,0,0,0,0,0,0
26521stwb,0,0,0,0,1.0,0,0,0,0,0
honeylito17,0.16,0,0,0,0,0,0,0,0,0.84
herndonrachael,0.08,0.51,0,0,0,0,0.34,0,0.06,0
iGetCurved,0.27,0.14,0,0,0,0,0,0.58,0,0
Rebecca_Skye,0.77,0.2,0,0,0,0,0.01,0,0,0
OlgaGoo,0.42,0.09,0,0.02,0,0,0.03,0,0.01,0.43
_zxchi,0.7,0,0.02,0.23,0,0,0.03,0,0,0
Valayism,0.46,0.12,0.02,0.02,0,0,0.33,0.02,0,0.03
RageofFury,0.53,0.16,0,0,0,0,0.14,0.08,0.01,0.06
nahbutsrsly,0.33,0.57,0,0,0,0,0.05,0,0.04,0
jill_jull,0.32,0.51,0.03,0,0,0,0.11,0,0.04,0
GabiBonorino,0,0,0,0.23,0.77,0,0,0,0,0
fedesammartin,0,0,0,0,1.0,0,0,0,0,0
colbythecreator,0.68,0,0,0,0,0,0,0.31,0,0
YaGirlLoveMeBro,0,0,0,1.0,0,0,0,0,0,0
OllieAttoe,0.3,0.69,0,0,0,0,0,0.01,0,0
AshleyChrysler,0.95,0.02,0,0,0,0,0,0.03,0,0
DThcknSexc1,0.66,0.02,0,0,0,0,0.06,0.23,0.03,0
prtmADIn,0,0.07,0.02,0.72,0,0,0.14,0,0,0.05
sena_kishito,0.05,0.05,0.05,0.05,0.05,0.05,0.05,0.55,0.05,0.05
tropicaltides,0.73,0.06,0.09,0,0,0,0.02,0.07,0,0.03
Jlinewautier,0,0,1.0,0,0,0,0,0,0,0
stoshie27,0.61,0.31,0,0,0,0,0,0.09,0,0
tinywiny101,0.67,0.02,0,0,0,0,0.02,0.28,0,0
sismishtraining,1.0,0,0,0,0,0,0,0,0,0
anakkosttt,0,0,0,0.99,0,0,0,0,0,0
kazmiraemery,0.91,0,0,0,0,0,0,0.09,0,0
QuentinBavridge,1.0,0,0,0,0,0,0,0,0,0
pheRawrrr,0.5,0,0.04,0.33,0,0.04,0,0,0,0.09
glassbeadian,0.04,0.02,0.01,0,0,0,0.91,0.01,0,0
BruhLookAtThis,0.28,0.06,0,0,0,0,0.08,0.57,0,0
uttunfan_,0.32,0.2,0.01,0.03,0,0,0.17,0,0.11,0.15
nienlam,0.4,0.33,0,0,0,0.01,0.17,0,0.07,0
KatieWaxer,0.95,0.05,0,0,0,0,0,0,0,0
mat7t7,0.26,0.6,0,0,0,0.01,0.05,0,0.06,0.02
clioweb,0.33,0.27,0,0,0,0,0.17,0,0.22,0
lsl_xo,0.84,0,0,0,0,0,0,0.16,0,0
SoundCityMiz,0.02,0.34,0.03,0.02,0,0.02,0.08,0.46,0.03,0
MadisonW44,0.91,0.09,0,0,0,0,0,0,0,0
ribkashi,0.01,0.01,0.01,0.01,0.01,0.53,0.01,0.01,0.2,0.2
wendypauyon,0.79,0,0.01,0,0,0,0,0.01,0,0.16
mikemeginnis,0.65,0.12,0,0,0,0,0.05,0,0.17,0
aarold01,0,0.94,0,0,0,0,0,0.06,0,0
kaybabbyyy,0.7,0.26,0,0,0,0,0,0.03,0,0
kvnyeshrug,0.61,0.04,0,0,0,0,0.04,0.27,0.02,0
SimonRiley1,0.49,0.32,0.01,0,0,0,0.06,0.1,0.02,0
iHateDineshaa,0.55,0,0,0,0,0,0,0.45,0,0
NatashaNetzley,0.97,0,0,0,0,0,0,0.03,0,0
SharonGPlunkett,0.1,0.21,0,0,0,0,0.37,0,0.31,0
TashpointO0,0.93,0,0,0,0,0,0,0.04,0,0
GERARDDDDoo,0.43,0.11,0,0,0,0,0.03,0.41,0,0
ShayeWilkowske_,0.98,0.01,0,0,0,0,0,0,0,0
xCodeineKillerx,0.46,0.04,0,0,0,0,0.1,0.35,0.03,0
oktarinrin,0.56,0,0.02,0.36,0,0,0,0,0.01,0.04
REEEEmiix_Baby,0.04,0,0,0.24,0,0.04,0,0.68,0,0
llllivv,0.31,0.14,0,0,0,0,0,0.54,0,0.01
Alrushaidat,0.03,0.16,0.06,0,0,0,0.37,0.08,0.31,0
bbcof83,0.2,0.7,0,0,0,0,0.08,0,0,0
50ShadzofGold,0.11,0.69,0,0,0,0,0,0.19,0,0
Nannaklausen,0.48,0.27,0.07,0.05,0,0,0,0,0,0.11
HardbodyQuan,0.03,0.02,0,0,0,0,0,0.94,0,0
mariaulloa72,0,0.04,0,0,0.84,0,0.09,0,0.03,0
IsaiahWallace5,0,0,0,0,0,0,0.99,0,0,0
SQR_ghamed,0.36,0.01,0.01,0.3,0.01,0.01,0.27,0.01,0.01,0.01
SGDinero97,0.15,0.02,0,0,0,0,0.03,0.77,0,0
openlegacy,0.03,0.03,0,0,0,0,0.64,0,0.3,0
Joebar22,0,0,0.88,0,0,0,0.11,0,0,0
WorldRugby7s,0,1.0,0,0,0,0,0,0,0,0
abdogmy1,0,0,0.88,0.12,0,0,0,0,0,0
caltommyhood,0,0,0,0,0,0,0,0,0,1.0
majesticoakley,0.71,0.06,0.11,0,0,0.06,0,0.01,0,0.05
_Fabjr,0.1,0.07,0,0.19,0,0,0,0.6,0,0.03
lazer_laz,0.22,0.17,0,0.01,0,0,0.02,0.56,0.01,0
TayloRoo,0.65,0.16,0,0,0,0,0.11,0.04,0.02,0
MissElliePhipps,0.91,0.05,0,0,0,0,0.01,0,0,0
veroo_nickaa,0.97,0,0,0,0,0,0,0.03,0,0
KristiLynn,0.39,0.17,0.13,0,0,0.28,0.01,0,0.01,0
_beatrizrivera,0.53,0,0,0,0,0,0,0.47,0,0
javierbarkley,0,0,0.22,0,0.78,0,0,0,0,0
Goldiexantana,0.01,0.03,0,0,0,0,0,0.95,0,0
soyoujung,0,0,0,0,0,0,0,0,0,0.93
ItsJillLokenDoe,0.78,0,0,0.16,0,0,0,0.06,0,0
BIGBaller___,0.4,0,0,0,0,0,0,0.6,0,0
jennayeshulas,0.98,0,0,0,0,0,0,0.02,0,0
NoName40672977,0.64,0,0,0,0.11,0,0,0.25,0,0
veronicareiner,0.94,0.02,0,0,0,0,0,0.02,0.01,0
Patella_LG,0.72,0.16,0.07,0,0,0,0.04,0,0,0
bakerstreetbee,0.68,0.21,0.04,0,0,0,0.03,0,0.03,0
JuggaMagicNinja,0.82,0.02,0,0,0,0,0.02,0.13,0,0
ilovetrisha811,0.71,0.06,0.01,0,0,0,0.05,0,0.01,0.15
amynmore,0.52,0.38,0.04,0,0,0,0.02,0,0.04,0
pngfootball50,0.75,0.22,0,0,0,0,0,0.03,0,0
Al3nziBdr,0.92,0,0,0,0,0,0,0,0,0
Elle_Anna_rose,0.85,0.01,0,0,0,0,0.01,0.11,0.01,0
AILYS_TheOffer,0,0,0,0,0,0,0,0,0,0.99
kissmeimkitt,0.86,0,0,0,0,0,0.03,0.09,0,0
StephanieT519,0.95,0,0,0,0,0,0,0.05,0,0
Eduardo_Guedez,0.31,0,0.02,0,0,0,0.2,0,0.44,0.03
Deth_Ben,0.71,0.1,0.01,0,0,0,0.1,0,0.07,0
JoanaGabizinha,0,0,0.14,0,0.85,0,0,0,0,0
jennachiapas,0.16,0.08,0,0,0,0,0.11,0,0.65,0
j_wizzle20,0.42,0.32,0,0,0,0,0,0.26,0,0
sara_moosa2,0.7,0.19,0,0.01,0,0,0.06,0,0.04,0
Okolie_ibm,0.27,0.57,0.02,0.01,0,0,0.02,0.09,0,0
gilhakuno,0.69,0.06,0,0,0,0,0,0,0.02,0.2
this_is_teyak,0.19,0.07,0,0,0.01,0,0,0,0,0.72
TheGunM4g,0.22,0.3,0.02,0,0,0,0.28,0.02,0.13,0.01
Kobe2333,0.08,0.62,0,0,0,0.01,0,0.27,0,0
jennamdy,0.82,0.17,0,0,0,0,0,0,0,0
llalmeida99,0.45,0.47,0,0,0.01,0,0.02,0.05,0,0
Gainsbarough,0,0.29,0.56,0,0,0,0.11,0.01,0.02,0
yogasetiawan08,0,0.46,0,0.53,0,0,0,0,0,0
youngalexande15,0,0.12,0,0,0.05,0,0.82,0,0,0
iRenjiAbarai,0.71,0,0,0.03,0,0,0.12,0,0.12,0.02
Salomguez,0,0,0.96,0.04,0,0,0,0,0,0
Shannaaaa_,0.69,0.14,0.05,0,0,0,0,0.12,0,0
negreteeashley,0,0.66,0.2,0,0,0,0.09,0,0,0.04
HAIRTRlCKS,0.78,0,0,0.13,0,0,0.09,0,0,0
sarsha121,0,0,0,0,0,0,0.28,0.47,0,0.2
CynquettaDean,0.42,0.12,0,0,0,0,0.13,0.32,0,0
SheilaBabington,0.03,0,0.01,0,0,0.02,0.91,0,0.02,0
csickem4,0.95,0,0,0,0,0,0,0.04,0,0
LATibbetts,0.33,0.58,0,0,0,0,0.01,0.05,0.02,0
kaitlintay,0.97,0,0,0,0,0,0,0.01,0.02,0
JRockErrday,0.29,0.21,0,0,0,0,0,0.51,0,0
angeurysm,0.84,0.03,0,0,0,0,0.05,0.04,0.03,0
PromiseGrande_,0.67,0,0.06,0,0,0.01,0,0,0,0.24
GabrielleWang,0.25,0.33,0.02,0,0,0,0.08,0,0.31,0.02
MsTj_Siqila,0.5,0.1,0,0,0,0,0.11,0.23,0.03,0
yogurl_skylar,0.56,0.05,0.01,0,0,0,0.02,0.36,0,0
Jenlouu,0.64,0.3,0,0.01,0,0,0.04,0,0,0
MorganAshlynn,0.88,0.07,0,0,0,0,0,0.05,0,0
SAWINDERSINGH12,0,0,0,0,0,0,1.0,0,0,0
brookewaibel,0.95,0.01,0,0,0,0,0,0.03,0,0
muxiqboi,0.42,0.27,0,0,0,0,0.03,0.25,0.02,0
Liguirofobico,0.14,0.39,0.01,0.03,0.3,0.01,0.04,0.03,0.03,0.02
coughssparkles,0.89,0,0.01,0,0,0,0,0,0,0.09
gavinsweeney,0.58,0.35,0,0,0,0,0.04,0,0.03,0
monanazz,0.31,0.12,0.47,0,0,0,0.01,0.06,0,0.03
bre_snop,0,0.43,0.01,0,0,0.46,0.02,0,0,0.07
ChoradiyaMehul,0.1,0.02,0,0.05,0,0,0.8,0,0,0.02
CCUSABiz,0,0,0.99,0,0,0,0,0,0,0
jaxycarter,0.76,0.23,0,0,0,0,0,0,0,0
fisheyedmeenaxi,0.15,0.08,0.02,0.01,0,0,0.47,0,0.21,0.05
AbadisForest,0.59,0.11,0.02,0,0,0.02,0.17,0.05,0.03,0
bambamtwins,0.73,0.13,0,0,0,0,0.09,0,0.05,0
ahxinnn_,0.95,0,0,0,0,0,0,0.04,0,0
princess__jesse,0.86,0,0,0,0,0,0,0.14,0,0
Lungstablaze,0.42,0.08,0,0,0,0,0.29,0.15,0.05,0
SarbjeetInsan1,0.2,0,0,0,0,0.59,0,0,0.01,0.19
orindasfinest,0.49,0.36,0,0,0,0,0.04,0.04,0.07,0
gen_karin,0.05,0.05,0.05,0.05,0.05,0.05,0.05,0.55,0.05,0.05
Valentina_tina7,0,0.83,0,0,0,0,0.03,0,0,0.13
LiteAS_aFEATHER,0.86,0,0,0,0,0,0.06,0.03,0.04,0
InAMangoWalk,0.71,0.09,0,0,0,0,0.11,0,0.09,0
_colvin,0.96,0,0,0,0,0,0,0.04,0,0
allybarronn,0.97,0,0,0,0,0,0,0.02,0,0
MarijoSalaas,0,0,0,0,0.97,0,0,0.02,0,0.01
ScarfFash,0.16,0.32,0.01,0,0.01,0.06,0.29,0,0.04,0.11
OrtizShs,0.49,0.05,0.05,0,0,0,0.01,0.37,0.02,0
VickyyNieeeto98,0.02,0,0,0,0.97,0,0,0,0,0
falcondelta81,0.13,0.59,0,0,0,0,0.03,0.24,0,0
tanmanlaflaree,0.39,0.02,0,0,0,0,0,0.59,0,0
qua_lowkeythoe,0.76,0,0,0,0,0,0.03,0.19,0.02,0
kecarter_,0.32,0.08,0,0,0,0,0.01,0.58,0.01,0
dOLLjayy,0.38,0,0,0,0,0,0,0.61,0,0
Snaildot,0.79,0.01,0.07,0.02,0,0,0.04,0.02,0,0.05
denistancl,0.09,0.08,0.01,0,0,0,0.44,0,0.37,0
YogiDaGoat,0.06,0.19,0,0,0,0,0,0.75,0,0
viitranquillo,0.89,0,0,0,0.09,0,0,0.02,0,0
mirandalhouse,0.97,0,0,0,0,0,0,0.03,0,0
Fellywanjiku,0.49,0.17,0,0.1,0,0,0.04,0.1,0.01,0.08
topceilingfans,0,0.13,0.03,0.01,0,0.01,0.63,0,0.17,0.01
MeganSigrist,0.82,0.12,0,0.01,0,0,0,0,0.03,0
fawwazfarhan,0,0.45,0,0.44,0,0,0.1,0,0,0
anisajade_xx,0.87,0.03,0,0,0,0,0.05,0.02,0.03,0
cel_1982,0.25,0.01,0.02,0,0,0,0,0,0,0.7
mathewmm28,0.72,0.07,0,0,0,0,0.11,0,0.1,0
chinchilla_310,0.23,0.17,0,0,0,0,0.03,0.54,0,0
rays_lalola,0.05,0.01,0,0.93,0,0,0,0,0,0.01
pablogj14,0,0.47,0.04,0.2,0.21,0,0.07,0,0,0.01
AmErica_Murphy,0.85,0.11,0,0,0,0,0.03,0,0,0
danielleburgoyn,0.98,0,0.01,0,0,0,0,0,0,0
cavalli1972,0.01,0.01,0.45,0.38,0.01,0.08,0.01,0.01,0.01,0.01
SnootyKyraK_,0.25,0,0,0,0,0,0,0.75,0,0
cody_brewer,0.31,0.65,0,0,0,0,0,0.04,0,0
positone,0,0.81,0.18,0,0,0,0,0,0,0
smriti449,0.55,0.26,0,0.03,0,0,0.11,0,0.02,0.02
ConnelSage,0.51,0.4,0,0,0,0,0.04,0.02,0.02,0
f98650ba2264434,0.08,0,0,0,0,0,0.83,0,0.08,0
KarenCoquito,0.04,0.1,0.02,0,0.8,0,0,0,0,0.03
MeralKyncck,0,0,0,0.74,0.12,0,0,0,0,0.13
83826slhd,0,0,0,0,1.0,0,0,0,0,0
oproprioTEKNIK,0,0.17,0.06,0.09,0.08,0.03,0.05,0.45,0.02,0.04
shygal1391,0.93,0.02,0,0,0,0,0.01,0.02,0,0
BizzleYonce,0.64,0.06,0.06,0,0,0,0,0.23,0,0
MoJo_RN,0.68,0.01,0,0,0,0,0.15,0.04,0.12,0
NDolegiewicz,0.22,0,0,0.74,0.05,0,0,0,0,0
nayaralovatic15,0.05,0.05,0.05,0.05,0.05,0.05,0.05,0.55,0.05,0.05
DanDanswilliams,0.63,0.2,0,0.02,0,0,0.03,0.11,0,0
SpitOnMeNow,0.06,0.56,0,0,0,0,0,0.37,0,0
jimoanism,0.68,0,0.13,0,0,0,0,0.05,0,0.14
xeniaechols,0.57,0.04,0,0,0,0,0.01,0.37,0,0
briannazeyhnn,0.8,0,0,0,0,0,0,0.2,0,0
tya_s__,0.7,0.08,0,0.02,0,0,0.06,0.11,0.02,0
camiich1D,0.17,0.07,0.09,0,0.6,0,0,0,0,0.06
2CC,0.02,0.19,0,0,0,0,0.78,0,0,0
MRS_TEEN_WOLF,0.7,0.05,0.02,0.02,0,0,0,0.18,0,0.02
lilee_rose,0.52,0.25,0.09,0,0,0,0,0.05,0,0.1
MayliR,0.55,0.16,0.2,0,0,0,0,0,0,0.08
MusicAchCouncil,0,0.09,0.03,0.17,0,0.05,0.12,0,0.54,0
mOoMi1m,0.99,0,0,0,0,0,0,0,0,0
CBiscuit116,0.78,0.03,0.08,0,0,0.03,0,0,0.07,0.02
PangilinanZher,0.66,0,0,0.11,0,0,0,0,0,0.23
ChunkyCheek1,0.22,0,0,0.08,0,0,0,0.7,0,0
irenegorde,0,0.19,0.11,0,0,0,0.24,0,0.44,0
fashionbyrd,0.51,0.36,0,0,0,0,0,0.12,0,0
nekodoruBox,0.85,0.07,0,0,0,0,0.05,0,0.03,0
kitenge,0.22,0.21,0.04,0,0,0,0.47,0,0.04,0
ultimatepulse,0,0.84,0,0,0,0,0,0,0.15,0
OlgaIfv,0.43,0.1,0.24,0.1,0.09,0,0,0,0,0.03
nursyxh,0.91,0,0,0.08,0,0,0,0,0,0
CheesyKev,0.43,0.11,0,0,0,0,0,0.45,0,0
TJack2014,0.95,0,0.05,0,0,0,0,0,0,0
judithjosee,0.94,0,0,0,0,0,0,0.06,0,0
sydneybanford,0.97,0,0,0,0,0,0.01,0.02,0,0
BubuYezzi6,0,0,0,0,1.0,0,0,0,0,0
theKTB,0.48,0.31,0.05,0.01,0,0.01,0.07,0.02,0.04,0
mmadiiee,0.99,0,0,0,0,0,0,0,0,0
Aabbbyy_,0.86,0,0,0,0,0,0,0.13,0,0
K_Smith_NZ,0.09,0.8,0,0,0,0,0,0.11,0,0
cARAbALSAM0,0.97,0.02,0,0,0,0,0,0,0,0
nadine_roca,0.69,0,0,0,0,0,0,0.31,0,0
cervantestweets,0.62,0.24,0,0,0,0.02,0.02,0.09,0,0.01
AdamBressler,0.26,0.32,0,0,0,0,0.39,0.01,0.02,0
ArielaMoreno,0,0,0.76,0,0.24,0,0,0,0,0
IzzatiMatSaberi,0.6,0,0.03,0.29,0,0,0.07,0,0,0
uristgo,0,0,0,0,0.18,0,0.82,0,0,0
yvk60,0.05,0.05,0.05,0.05,0.05,0.05,0.05,0.55,0.05,0.05
anjeljaneh,0.79,0.2,0,0,0,0,0,0,0,0
afifaabdjalil,0.82,0,0,0.17,0,0,0,0,0,0
badia420,0.08,0.18,0.03,0.02,0.46,0.01,0.14,0,0.05,0.03
CroomPam,0.12,0.21,0,0,0,0,0.2,0,0.45,0.02
Billgateslove,0.81,0,0,0,0,0,0.02,0.15,0.02,0
ManuSolivella7,0,0.17,0,0,0.83,0,0,0,0,0
Hozer93,0.8,0.04,0,0,0,0,0,0.16,0,0
Bunnyloversyou,0.73,0.13,0,0,0,0,0.09,0.02,0.01,0
soniaa242,0.22,0,0,0,0,0.48,0.01,0,0.21,0.07
mariahmendez__,0.81,0.06,0.01,0.05,0,0,0,0.05,0,0.01
_marieclare,0.59,0.07,0,0,0,0,0.14,0.15,0.02,0.01
BelSeQueMeAmas,0.26,0.02,0,0,0.68,0,0,0.02,0,0.02
zenn_enechi,0.51,0.3,0.02,0,0,0,0.03,0.13,0,0
liiissaK,0.97,0.01,0,0,0,0,0,0.02,0,0
abaldonero,0.12,0.41,0.01,0,0,0,0.21,0,0.23,0.01
nohup,0,0,0,0,0,0,0,0,0.96,0
Brand0n_Ellis,0.55,0.04,0,0,0,0,0,0.41,0,0
xkatiealishax,0.88,0.1,0,0,0,0,0,0,0,0.01
woolystyles,0.83,0.12,0.03,0,0,0,0,0,0,0.01
hailzmcheezy,0.92,0,0,0,0,0,0.02,0.01,0.03,0
athertonjc,0,0.13,0.02,0,0,0.03,0.2,0,0.56,0.05
maythesegura,0.66,0,0,0,0.33,0,0,0.02,0,0
carlotafranco2,0.11,0,0.04,0,0.78,0,0,0.05,0,0.01
BLAC_MONA_LISA,0.63,0,0,0,0,0,0,0.35,0,0
queenaleezy,0.66,0,0,0,0,0,0,0.34,0,0
johnantoine9,0.35,0.43,0,0,0,0,0,0.23,0,0
Toowoomba_Info,0.08,0.17,0,0,0,0,0.57,0,0.18,0
indsbierton,0.87,0.09,0,0,0,0,0,0.02,0,0
royallyhurt,0.72,0,0.13,0.06,0,0,0.02,0.05,0,0.02
adamfleming96,0.18,0.72,0,0,0,0,0.03,0.07,0,0
hartotodinataok,0,0,0,1.0,0,0,0,0,0,0
chen_2911,0.48,0,0,0.32,0,0,0,0.2,0,0
alanalovee,0.9,0.06,0,0,0,0,0,0.02,0,0
tootsiebye,0.99,0,0,0,0,0,0,0,0,0
HCXBS,0,0,0,0.94,0,0,0,0,0,0.06
LauraDMTLJ,0,0,0.04,0,0.95,0,0,0,0,0.01
NBSSAP,0,0.15,0,0,0,0,0.29,0,0.56,0
jssicum,0.59,0,0,0,0,0,0,0.41,0,0
Brooklynnnn3,0.97,0,0,0,0,0,0,0.03,0,0
dmfa20871,0,0,0,0,1.0,0,0,0,0,0
Carpevinumblog,0,0.5,0.04,0.02,0.23,0,0,0,0.19,0
YunQian212121,1.0,0,0,0,0,0,0,0,0,0
scarletfana,0.35,0,0,0,0.59,0,0,0,0,0.06
FearTheNando,0.4,0.38,0,0,0,0,0,0.21,0,0
HeartLikeADog,0.27,0.09,0.02,0,0,0.06,0.13,0,0.35,0.06
kaylacook_,0.97,0.03,0,0,0,0,0,0,0,0
Junior95100,0,0,1.0,0,0,0,0,0,0,0
KWEEN_Ci,0.52,0,0,0,0,0,0,0.43,0.04,0
ZeusKoSnow,0,0,0,0,0,0,0,0,0,1.0
EmilyHara,0.91,0,0.01,0,0,0,0,0.06,0,0
briannamarselle,0.84,0.14,0,0,0,0,0,0.02,0,0
ashleyrenee2291,0.99,0,0,0,0,0,0,0.01,0,0
Mago4_alex,0,0,0,0.17,0.82,0,0,0,0,0
Eyyy_Flaca,0.98,0,0,0,0,0,0,0.01,0,0
Dyosalevel999,0.44,0,0,0.01,0,0,0,0,0,0.54
Astrobrandology,0.25,0.12,0.03,0,0,0,0.37,0.05,0.16,0
AshiAkira,0.22,0.14,0,0,0,0.06,0.02,0,0.12,0.43
510cherly,0.27,0.07,0.16,0,0,0.1,0,0.01,0,0.39
frjessie,0,0,1.0,0,0,0,0,0,0,0
LeighPeace,0.91,0,0,0,0,0,0.09,0,0,0
TLengeling,0.48,0.18,0,0,0,0,0.13,0,0.19,0
LubnaAlsaleh_,0.3,0,0,0.27,0,0,0,0,0,0.41
tbqueerh,0.87,0.05,0.01,0,0,0,0.03,0,0.02,0
Lala_jonnae,0.69,0,0,0,0,0,0,0.31,0,0
Sumankarki05,0,0.55,0,0,0,0,0.4,0,0,0.05
BalrajInsan,0.17,0.01,0,0,0,0.62,0,0,0.05,0.14
sto_o,0.04,0.56,0.03,0,0,0,0.31,0,0.04,0
gadgetifo,0,0,0.01,0,0,0,0.99,0,0,0
kaylancarlsonB,0.93,0.02,0.01,0,0,0,0.02,0.02,0,0
nadaaax0,0.81,0,0,0,0,0,0,0.19,0,0
MMohsen29,0.05,0.05,0.05,0.05,0.05,0.05,0.05,0.55,0.05,0.05
MarcPatterson89,0.13,0.8,0,0,0,0,0,0.07,0,0
ColsAndrea20,0.43,0.05,0,0,0,0,0,0.51,0.01,0
mackkieeee,0.94,0,0,0,0,0,0.02,0,0.03,0
seansumner10,0.57,0.22,0,0,0,0,0.02,0.18,0,0
iwritefordrake,0.26,0.15,0,0,0,0,0.21,0.37,0,0
muhness,0.92,0.01,0,0,0,0,0,0.07,0,0
lhynneirish,0.81,0,0,0,0,0,0,0,0,0.19
anabibah_,0.52,0,0,0.48,0,0,0,0,0,0
JBR_AlK,0.17,0.78,0,0,0,0,0.01,0.02,0,0
klieze,0.47,0.07,0,0,0,0,0.01,0.18,0,0.27
fannyy_babee,0.61,0,0,0,0,0,0,0.39,0,0
RosieRenner,0.42,0.1,0.04,0.15,0,0,0.27,0,0,0.01
mighanica,0.5,0,0.04,0.39,0,0,0.07,0,0,0
AndrewHopkins15,0.09,0.91,0,0,0,0,0,0,0,0
Becci_Chan,0.39,0,0,0.12,0,0.48,0,0,0,0
dudeblood,0.67,0.22,0,0,0,0,0.02,0.02,0.06,0
kelsterwhytey,0.11,0.87,0,0,0,0,0.02,0,0,0
PhorthWonder,0.13,0.45,0,0,0,0.01,0.11,0.25,0.02,0.01
laceyweisshull,0.87,0.02,0,0,0,0,0.04,0.01,0.05,0
MadelineSterlin,0.92,0.08,0,0,0,0,0,0,0,0
watcher256,0.42,0.28,0,0,0,0.03,0.1,0,0.17,0
kenjeong,0.35,0.56,0.01,0,0,0,0,0,0,0.07
Wolfe_2Gs,0.36,0.12,0,0,0,0,0,0.52,0,0
mDAVIDrr_,0,0,0.02,0,0,0,0.79,0,0.19,0
omar_abdlbasset,0.02,0.2,0.02,0.77,0,0,0,0,0,0
olddirtysweater,0.05,0.87,0,0,0,0,0.02,0.06,0,0
Hanmarieexx,0.98,0,0,0,0,0,0,0.02,0,0
Kayzalfante,0.62,0.04,0,0.03,0,0,0.03,0,0,0.28
teabagNpoppins,0.42,0.08,0.11,0,0,0,0.04,0.3,0,0.04
DMariette,0,0,0.87,0,0,0,0.13,0,0,0
noellyjanice,0.35,0,0,0,0,0,0,0.65,0,0
EliteGroupAlain,0.01,0.39,0.2,0,0,0,0.3,0.03,0.05,0
KMega23,0,0,0,0.21,0.16,0.37,0.23,0,0,0
MorganStolpa,0.95,0.04,0,0,0,0,0,0,0,0
_AshleyMarie1,0.84,0.04,0,0,0,0,0,0.12,0,0
katybugg_,0.87,0.09,0.01,0,0,0,0,0,0,0
foxman0608,0,0.99,0,0,0,0,0,0,0,0
virgin_kakoti,0.06,0,0.11,0.6,0,0.03,0,0,0,0.2
cissatimm,0.48,0,0.04,0.02,0.42,0,0.02,0,0.02,0
thecindymiralxx,0.39,0.02,0,0.02,0,0,0,0.01,0,0.55
lisalodin,0.34,0.11,0.08,0.2,0.02,0,0.15,0.02,0,0.08
itsmeyayel,0.08,0.02,0,0.01,0,0,0,0,0,0.89
lucianasimoes,0,0.22,0.05,0.14,0.47,0,0.11,0,0.02,0
SumMannShit,0.07,0.02,0,0,0,0,0,0.91,0,0
rox_e_isfab,0.79,0,0,0,0.13,0,0,0.08,0,0
Madaaaam_,0.64,0,0,0,0,0,0,0.35,0,0
john_foley,0.68,0.1,0.1,0,0,0,0,0.12,0,0
AyyRokaa,0.71,0.03,0,0,0,0.01,0.06,0.18,0,0
AGattoB_TCH16,0.79,0.18,0,0,0,0,0,0,0,0.02
danikaharrod,0.74,0.11,0.02,0.01,0,0,0,0.07,0,0.03
AmiliaPermataS,0,0,0,0.99,0.01,0,0,0,0,0
AudreyTCarroll,0.65,0.13,0,0,0,0,0.02,0,0.18,0
johnnyutah66,0.28,0.58,0,0,0,0,0.1,0,0.02,0.01
meagbelline19,0.76,0.01,0.2,0,0,0,0,0,0,0.03
nicolelove_com,0.05,0.05,0.05,0.05,0.05,0.05,0.05,0.55,0.05,0.05
Meryconley,0.43,0.03,0,0,0.49,0,0.03,0,0,0
SelenaaBiancaa,0.89,0.06,0,0,0,0,0,0.04,0,0
K_Fdes,0.14,0.12,0,0.02,0.55,0,0.1,0,0.04,0.02
EstellePedreira,0,0.71,0,0,0.23,0,0,0,0,0
butl31006,0,0,0,0,1.0,0,0,0,0,0
NS_bink,0.25,0,0,0.44,0.1,0,0.14,0,0,0.07
Dizzie2k,0.45,0.29,0,0,0,0.05,0.11,0.08,0.01,0
in2o14,0.54,0,0,0.04,0,0.02,0.02,0,0,0.38
JMinords,0.32,0.57,0.01,0,0,0,0,0.1,0,0
sugastahp,0.52,0,0.28,0,0.03,0.02,0,0.04,0,0.11
ChildersMorgan,0.99,0.01,0,0,0,0,0,0,0,0
ASBuford,0,0.91,0,0,0,0,0.03,0.03,0.04,0
danielle4334,0.76,0.13,0,0,0,0,0,0.11,0,0
SheaSkye,0.85,0,0,0,0,0,0,0.14,0,0
PeaceSchmidt,0.48,0.06,0.41,0,0.03,0,0,0,0,0.01
xolei_,0.74,0,0,0,0,0,0,0.25,0,0
gtfbh,0.02,0.02,0.02,0.85,0.02,0.02,0.02,0.02,0.02,0.02
xskyhook,0.8,0.03,0,0,0,0,0.04,0.13,0,0
ShannonKRobson,0.85,0,0.01,0,0,0,0.04,0.07,0.01,0
chelssawaya,0.74,0.21,0.02,0,0,0,0.01,0,0,0
sheila0314,0.13,0.07,0,0,0,0,0.03,0,0,0.76
JCeliin,0,0,0,0,1.0,0,0,0,0,0
syssa75_,0.88,0,0,0,0,0,0,0.12,0,0
MadisonUlm,0.83,0.12,0,0,0,0,0,0.04,0,0
carbine10101,0.53,0.03,0,0,0,0,0.18,0.18,0.08,0
jr_firefight68,0.15,0.3,0.02,0,0,0.01,0.5,0,0,0
iamporgy,0.75,0.01,0,0,0,0,0.07,0.1,0.05,0
imSantino,0.37,0.02,0,0.15,0,0,0,0.04,0,0.42
sampreston13,0.49,0.46,0,0,0,0,0.02,0,0,0
GenevaPang,0.17,0.26,0.04,0,0,0,0.27,0.08,0.12,0.05
churchmarquis,0.22,0.59,0,0,0,0,0.04,0.11,0.01,0
4evercrazycool,0.39,0.11,0.06,0.16,0,0.02,0.04,0.16,0,0.06
allie_catt13,0.98,0.01,0,0,0,0,0,0,0,0
hopeforever72,0.36,0.06,0.36,0,0,0,0,0.01,0,0.2
msnosun,0.61,0.07,0.11,0.01,0,0,0.01,0.01,0,0.16
douglas_bowley,0.01,0.13,0,0,0,0,0.54,0,0.32,0
JarbyDent,0.21,0.07,0,0,0.6,0.02,0.08,0.02,0,0
crickwooder,0.65,0.18,0.02,0,0,0,0.09,0,0.05,0
melaniesunshine,0.66,0.19,0.08,0,0,0.03,0.02,0,0.01,0
jazzzy_marie,0.91,0,0,0,0,0,0,0.09,0,0
FaisalBasrah,0.07,0.62,0,0.09,0,0,0.02,0.2,0,0
JusnKng,0.66,0.32,0,0,0,0,0,0,0,0
Atiqah0505,0.32,0,0.01,0.57,0,0,0.07,0,0,0.02
CaptainKimChen,0.35,0.02,0.08,0.01,0.23,0,0,0.03,0,0.28
ClairJee,0.22,0.51,0,0,0,0.02,0,0,0.12,0.13
RosVanesaPerez,0,0,0,0,1.0,0,0,0,0,0
bwisebw,0.3,0.48,0,0,0,0,0,0.22,0,0
VoicePriestess,0,0.14,0.13,0.02,0.02,0,0.61,0.06,0,0.03
tjasa_draksler,0.52,0.13,0.11,0.05,0,0,0,0.02,0,0.17
LalaLightyear,0.38,0.19,0.01,0,0.35,0.01,0,0.02,0,0.03
1FromPpl,0.74,0,0,0.12,0,0,0.12,0,0,0
kdwhite81,0.02,0.95,0,0,0,0,0.02,0.01,0,0
MaDStaR91,0,0,0.99,0,0,0,0,0,0,0
gzmmocall,0,0,0,0.92,0.04,0,0,0,0,0.04
nathkay04,0.76,0.2,0,0,0,0,0,0.02,0,0
AshMeLater__,0.89,0,0,0,0,0,0,0.1,0,0
vucasyhiq,0,0,0,0,0,0,0,0,1.0,0
MackNSweetJones,0.02,0.2,0,0,0,0,0.06,0.71,0,0
PMWineMerchants,0,0.85,0.04,0,0,0,0,0,0.04,0.07
Joey_Bray1,0.69,0,0,0,0,0,0,0.31,0,0
AndrewHopkins16,0.75,0.08,0,0,0,0,0,0.17,0,0
avecLamourCASSI,0.96,0,0,0,0,0,0,0,0.01,0
ballislifesave,0.4,0.22,0,0,0,0,0,0.38,0,0
anacristina1227,0.54,0.11,0.03,0,0.27,0,0,0,0,0.02
dr_tatas,0.52,0.08,0,0,0,0,0.04,0.34,0.02,0
Ess_jay_pee,0.46,0.17,0.01,0,0,0,0.27,0,0.08,0
carolahuna,0.96,0.01,0.01,0,0,0,0,0,0,0
greer_court,0.76,0.18,0,0,0,0,0,0.04,0,0
dopee_bitches,0.55,0,0,0,0,0,0,0.45,0,0
TeamUOT_Pics,0.11,0.28,0.03,0,0,0,0.41,0.02,0.12,0.02
matttiiiii,0.84,0.15,0,0,0,0,0,0,0,0
WINTER_004,0.21,0.66,0,0,0,0,0.09,0,0,0.04
NNGGMarbellaSP,0,0,0,0,1.0,0,0,0,0,0
FamilyFirstGlos,0.16,0.03,0,0,0,0,0.39,0,0.42,0
_Mx91,0.4,0.23,0.33,0,0,0,0,0,0,0.05
Morena_do_Hemmo,0.27,0.19,0.13,0,0.05,0,0,0.02,0,0.34
macsdr,0.09,0.04,0,0.06,0,0,0.03,0,0,0.78
ShannonSibbell,0.03,0,0.01,0,0,0.02,0.91,0,0.02,0
GeorgeHicks_,0.59,0.36,0,0,0,0,0,0.04,0,0
xjayalex,0.84,0.06,0,0,0,0.01,0.03,0,0.04,0
NhannaniMKamal,0.63,0,0,0.32,0,0,0,0,0,0.04
ghh_ohh,0.57,0,0,0,0,0,0,0.42,0,0
DJCosmo7,0.19,0.19,0,0,0,0.02,0.54,0,0.06,0
misskrytti_x,0.82,0.14,0.01,0,0,0,0.01,0,0,0
carpedisdick,0.73,0.03,0,0,0,0,0.05,0.18,0,0
txmlintwerk,0.29,0,0.69,0,0,0,0,0.02,0,0
paulmcdermottt,0.05,0.85,0,0,0,0,0,0.1,0,0
emilywoodford55,0.92,0.04,0,0,0,0,0,0.04,0,0
thegraftonnw5,0,0.98,0,0,0,0,0,0,0,0.02
sgrovesss,0.69,0.28,0.01,0,0,0,0,0.01,0,0
HarishBhaiJi,0.11,0,0,0,0,0.03,0.86,0,0,0
mogni64,0,0,0,0,0,0,1.0,0,0,0
jackbumn,0.24,0.02,0.19,0,0.35,0.02,0.01,0,0,0.16
svnnyxlne,0.86,0.02,0,0.01,0,0,0.01,0,0.02,0.07
Anishinsan1,0.16,0.03,0,0,0,0.61,0,0,0.1,0.1
kimparkjara,0.09,0.05,0.24,0.05,0.03,0.01,0.02,0.02,0,0.48
JohnieRuess,0.13,0.09,0.04,0,0,0.05,0.41,0.1,0,0.18
pillowtaIkIjp,0.49,0.01,0.17,0.02,0,0,0,0.29,0,0
CornellJones202,0.08,0.2,0,0,0,0,0,0.72,0,0
maloney_hannah,0.98,0.01,0,0,0,0,0,0,0,0
RowenaPabingwit,0.17,0,0,0,0,0,0,0,0,0.81
_NYO9,1.0,0,0,0,0,0,0,0,0,0
44,0.33,0.35,0,0,0,0,0.25,0,0.05,0
MontWildlife,0.01,0.33,0.02,0,0,0,0.04,0,0.56,0.03
Claudiaahumada_,0.89,0,0,0,0,0,0,0.11,0,0
TheOneMarcus_V,0.84,0,0,0,0,0,0.04,0.12,0,0
Its_Shalom,0.61,0.22,0.01,0,0,0,0.03,0.11,0.02,0
alexxthorntonn,0.81,0.06,0,0,0,0,0,0.12,0,0
SebaPelado2510,0,0,0,0,1.0,0,0,0,0,0
_syafain,0.46,0,0,0.48,0,0,0.04,0.01,0,0
jordan_kugler,0.26,0.09,0,0,0,0,0.07,0.56,0,0
JWPoulin,1.0,0,0,0,0,0,0,0,0,0
nratiraa,0.14,0,0,0.85,0,0,0,0,0,0
Axis22,0.54,0.33,0,0,0,0,0.06,0.05,0.01,0
mocamylo,0.57,0,0,0.38,0,0,0,0,0,0.04
fsmerseyside,0,0.52,0,0,0,0,0,0,0.32,0.14
classi4u,0,0,0,0,0,0,0.9,0.09,0,0
Ashley_W25,0.99,0,0,0,0,0,0,0,0,0
IqbaalleBaale,0,0,0,0.94,0,0,0,0,0,0.05
health_google,0,0,0,0,0,0,0.95,0,0.05,0
ParsonsBrett2,0,0,0.75,0,0,0,0,0,0.25,0
_classylikethat,0.88,0.02,0,0,0,0,0.03,0.05,0.01,0
tewi_en,0.76,0,0,0,0,0.02,0.02,0,0.19,0
farley_amber,0.88,0,0,0,0,0,0,0.1,0,0
26,0.26,0.42,0,0,0,0,0.05,0.26,0,0
Trip_Maverick,0.65,0.19,0,0,0,0.02,0.11,0.02,0,0
heatherhayesx,0.81,0.12,0,0,0,0,0.04,0,0.02,0
Your_Cambodian,0.8,0,0,0,0,0,0.05,0.13,0.02,0
mearrbearr,0.98,0,0,0,0,0,0,0,0,0
craicallaic,0.58,0,0.01,0.05,0,0,0,0.35,0,0
_SignedbyRie,0.62,0,0,0,0,0,0,0.37,0,0
DianaMSharpton,0,0.22,0.11,0.01,0,0.05,0.24,0,0.29,0.07
michaelotter,0,0.08,0,0,0,0,0.72,0,0.1,0.09
nicolesmith_xo,0.63,0.32,0,0,0,0,0.03,0,0.02,0
peachy_keen21,0.33,0,0.61,0,0,0,0,0.02,0.03,0
LuArellanoC,0,0,0.01,0,0.98,0.01,0,0,0,0
rshska,0.79,0.02,0,0,0,0,0.1,0,0.08,0
christinejbr_,0.39,0.02,0.03,0,0,0,0,0.03,0,0.53
JunhuiHanWooSVT,0.36,0,0.31,0.02,0,0,0,0.02,0,0.28
Ashleey_Dallas,0.86,0.01,0.03,0.01,0,0,0,0.02,0,0.06
villarealroxan,0.04,0,0.9,0,0,0,0,0,0,0.07
anaaryhn,0.48,0,0,0.52,0,0,0,0,0,0
chanel_merp,0.69,0.15,0.03,0,0,0,0.09,0.02,0.03,0
EchosPolitique,0,0,0.95,0,0,0,0.03,0,0,0.02
Olivia__Olivia,0.69,0,0,0,0,0,0,0.29,0,0
___YuminDevine,0.3,0,0.59,0,0,0.01,0,0,0,0.09
jav_girl,0,0,1.0,0,0,0,0,0,0,0
pattylawls,0.34,0.54,0,0.11,0,0,0,0,0,0
Big_ThUg31,0.1,0.61,0,0,0,0,0,0.28,0,0
czlivelovelaugh,0.62,0.1,0.01,0.01,0,0,0.01,0,0.2,0.03
razo_nestor,0.08,0,0,0,0.8,0.01,0,0.08,0,0.03
MarjorieDickins,0.02,0,0,0.02,0,0,0.7,0,0.25,0
astrology_day,0.92,0,0,0,0,0,0,0.02,0.06,0
teenytynee_,0.42,0,0,0,0,0,0.09,0.45,0.03,0
singladeepak551,0.16,0.02,0,0,0,0.69,0,0,0,0.12
Kayshire_Cat,0.56,0.13,0,0,0,0,0.11,0.16,0.02,0
Phawazz,0.24,0.45,0,0,0,0,0.14,0.13,0.02,0
NathsGamingHD,0.14,0.52,0,0.12,0,0.14,0,0.08,0,0
exim_102,0,0.34,0,0,0,0,0.21,0,0.44,0
docktimus_prime,0.63,0.28,0,0,0,0,0,0.08,0,0
TylerAngelou,0.7,0.02,0,0,0,0,0.07,0.16,0.04,0
CoffeySamantha9,0.81,0.17,0,0,0,0,0,0.02,0,0
Marim0419,0.8,0.01,0,0.02,0,0,0,0.17,0,0
SMOKEUPTOWN,0.01,0.26,0.06,0,0,0,0.06,0.61,0,0
red_eyelash,0.28,0.09,0,0.32,0,0,0.11,0,0.12,0.07
ach_ayuneram,0,0,0.01,0.92,0,0.06,0,0,0,0
lena_grace,0.78,0.09,0.06,0,0,0,0.05,0,0.02,0
STEVGDE,0.21,0.54,0,0,0,0,0.03,0.21,0,0
Autumnkylie1026,0.8,0,0,0,0,0,0.04,0.12,0.04,0
EiyzadChibi,0.38,0,0,0.55,0,0,0.05,0.01,0,0
Csereno_67,0.55,0.32,0.02,0,0,0,0.06,0.04,0,0
Suck_myash,0.89,0.02,0,0,0,0,0,0.06,0,0
TutRaygoza,0.02,0.01,0,0,0,0.03,0.6,0.13,0.03,0.17
Soffia0620,0.47,0,0,0,0.49,0,0,0.03,0,0.01
theninesixx,0.43,0.07,0,0,0,0,0,0.48,0,0
KoriCatherall,0.37,0,0,0,0,0,0.04,0.57,0.02,0
4x4_xtreme,0.32,0.31,0,0,0,0,0.23,0.02,0,0.11
mitchygems,0,0.38,0.02,0,0,0.51,0,0,0,0.08
holleymarvin123,0,0.04,0,0,0,0,0,0.96,0,0
CarloosGaarza7,0.28,0.12,0.01,0.12,0.45,0,0,0.02,0,0
Milagrosstello,0.1,0,0,0.09,0.81,0,0,0,0,0
saefrog94,0.09,0.04,0.09,0,0.02,0.08,0.02,0,0,0.65
chizu0611,0,0.23,0.56,0.05,0,0.01,0.05,0,0,0.09
lyssamorgaan,0.99,0,0,0,0,0,0,0.01,0,0
02125gnlb,0,0,0,0,1.0,0,0,0,0,0
essmaxwell,0.77,0.11,0.02,0,0,0,0.03,0,0.04,0
MSP_Traffic,0.09,0.15,0,0.03,0,0,0.72,0.01,0,0
diaspradiptaa,0,0.46,0,0.52,0.01,0,0,0,0,0
yum9D0sos,0.2,0.31,0.01,0,0,0.01,0.32,0.03,0.09,0.01
_MVAN,0,0,0,0,0.96,0,0,0,0,0.04
valerietruewick,0.75,0.04,0.03,0,0,0,0.04,0.1,0.02,0
SamTempleman,0.3,0.56,0,0,0,0,0,0.14,0,0
MadisonUli,0.85,0,0,0,0,0,0.04,0.1,0,0
mathanagopal,0.34,0.14,0.05,0,0,0,0.29,0,0.12,0.06
QuboPass,0,0.12,0,0,0,0.03,0.56,0,0.29,0
Eudogg,0.39,0.51,0,0,0,0,0.05,0.04,0,0
RogerVolcano52,0.16,0,0,0,0,0,0.72,0.01,0.1,0
Whiskey_N_Cigs,0.57,0.23,0,0,0,0,0.09,0.06,0.04,0
jessica___ruiz,0.77,0,0,0,0,0,0,0.22,0.01,0
kdahyunx,0.67,0,0,0,0,0,0,0,0,0.32
kiten16,0.16,0.07,0.13,0.02,0,0,0,0,0,0.62
ursinha123,0.68,0,0,0.02,0.01,0,0.01,0.21,0.03,0.02
tamiaraeleen,0.83,0,0,0,0,0,0,0.17,0,0
mama_sita47,0.97,0.03,0,0,0,0,0,0,0,0
trevor_zmk,0.27,0.12,0,0,0,0,0.03,0.57,0,0
Dragger65,0.41,0,0.05,0,0,0.06,0.47,0,0,0
nt9909,0.05,0.05,0.05,0.05,0.05,0.05,0.05,0.55,0.05,0.05
DaILLEST_Nick,0.07,0.25,0,0,0,0,0.02,0.66,0,0
CBiscuit213,0.24,0.55,0,0,0,0,0.08,0.1,0,0
ShyY0shi,0.14,0.2,0,0,0,0.62,0.02,0,0,0
gabbi_tafoya,0.77,0.05,0,0,0,0,0.01,0.16,0.01,0
lexiiicon,0.85,0.06,0,0,0,0,0.05,0,0.03,0
RueTheDayBand,0,0.58,0.42,0,0,0,0,0,0,0
rus23NIk,0.14,0.53,0,0,0,0.08,0.25,0,0,0
Indriaverillya,0.06,0.26,0.11,0.55,0,0,0,0,0,0.02
jazzy_alejandra,0.98,0,0,0,0,0,0,0.02,0,0
SyuhadaMaarof,0.61,0,0,0.34,0,0,0.04,0,0,0
CPVDAR23,0.16,0.76,0,0,0,0,0,0.07,0,0
TriciaADay,0.2,0.1,0.02,0,0,0,0.35,0,0.32,0
Quinnadad_Jeff,0.91,0.02,0,0,0,0,0,0.06,0,0
AmniiF_,0.66,0,0,0.33,0,0,0,0,0,0
TheFemaleBlack,0.13,0,0,0,0,0,0,0.87,0,0
kahlil_glenn,0.47,0.12,0,0,0,0,0.02,0.38,0,0
vuhovirulaj,0,0,0,0,0,0,0,0,1.0,0
juicyhewsy,0.83,0.14,0,0,0,0,0,0.03,0,0
KeiradonnachieX,0.74,0.23,0.01,0,0,0,0,0.02,0,0
_brianakelley,0.69,0.06,0,0,0,0,0.02,0.21,0,0
EveningStandard,0.05,0.16,0,0,0,0,0.78,0,0,0
JohaMosquera,0,0,0,0,1.0,0,0,0,0,0
abokado_307,0.03,0.03,0.03,0.7,0.03,0.03,0.03,0.03,0.03,0.03
pummimi,0.53,0,0.07,0,0,0.06,0.05,0,0,0.28
IamStevieAllen,0,0.94,0,0,0,0,0.02,0.03,0,0
_ashleySoWhat,0.55,0,0,0,0,0,0,0.45,0,0
BlackDeath6371,0.37,0.05,0.05,0,0,0,0.41,0.06,0.04,0.02
KyleChauvin,0.84,0.15,0,0,0,0,0,0.02,0,0
ins_gaurav,0.19,0.04,0,0,0,0.61,0.02,0,0.07,0.07
1k2,0.61,0.03,0,0,0,0,0,0.35,0,0
MaysRiney,0,0,0,0,0.86,0.01,0.11,0,0.02,0
AleeJb2000,0.64,0.08,0.03,0.04,0,0,0,0,0,0.2
HunnyyyDipp,0.56,0,0,0,0,0,0,0.44,0,0
Deena_Simon,0.96,0,0,0,0,0,0,0.04,0,0
ellonor,0.29,0.02,0,0,0,0,0,0,0,0.68
ShayminKing,0.42,0.13,0,0.14,0,0,0.01,0.28,0,0
lukymere,0,0,0,0,1.0,0,0,0,0,0
IaIaIander,0,0,0,0,0,0,0,0,0,0.98
wildflowxo,0.85,0,0,0,0,0,0,0.14,0,0
allstarsings,0.05,0.13,0.2,0.05,0,0,0.45,0.09,0.03,0
Benfellows7,0.56,0.38,0,0,0,0,0,0.06,0,0
kecarterr,0.75,0,0.16,0,0,0,0,0.03,0.05,0
atah_ovagob91,0.02,0.02,0.02,0.02,0.02,0.02,0.67,0.17,0.02,0.02
jesusemmanuelMV,0,0,0,0.21,0.79,0,0,0,0,0
GuguJue,0.95,0,0,0.03,0,0,0,0.02,0,0
imalwaysarusher,0.62,0.14,0.03,0,0,0,0,0,0,0.2
beechEdesignz,0.21,0.26,0,0,0,0,0.08,0,0.43,0
IzazagaJr,0.68,0.12,0,0,0,0,0,0.2,0,0
tvxqs_,0.48,0.11,0.07,0.03,0,0,0.01,0.02,0,0.28
la_chica_marcia,0,0,0,0,0.99,0,0,0,0,0
theDRAMAQUEENb,0.91,0,0,0.05,0,0,0,0,0,0.03
petermoore,0.08,0.64,0.02,0,0,0,0.09,0,0.17,0
paulrharvey3,0.22,0.63,0,0.05,0,0.05,0.05,0,0,0
nur_raudah,0.44,0,0,0.5,0,0,0.04,0,0.02,0
elenacenteno3,0.46,0.26,0.01,0,0,0,0,0,0,0.25
rileylovy23,0.24,0.02,0,0.53,0,0.01,0,0.2,0,0
Baileeyylynnn,0.99,0,0,0,0,0,0,0.01,0,0
dazzsb,0.45,0.04,0.03,0,0.04,0,0,0,0,0.44
hawkrae,0.87,0.03,0,0,0,0,0.04,0,0.05,0
Adjoa_alldAy,0.63,0,0,0,0,0,0.02,0.31,0.02,0
_DxmBillingtxn,0.4,0.44,0.01,0,0,0,0.02,0.13,0,0
LetsGoKato,0.16,0.05,0.01,0,0,0,0.31,0,0.45,0.02
_doreli_,0.66,0,0,0,0,0,0,0.34,0,0
Jienam941015,0.23,0.01,0.23,0.05,0.03,0.05,0.03,0,0,0.38
neezussays,0.69,0.01,0,0,0,0,0.06,0.21,0.02,0
IfomaOkaye,0,0,0.64,0.01,0,0,0.35,0,0,0
eromerox13,0.63,0.03,0,0,0,0,0,0.33,0,0
maemaeshay,0.9,0,0,0,0,0,0,0.1,0,0
basedemily,0.58,0,0,0,0,0,0,0.4,0,0
ChaseEiland,0.2,0.67,0.02,0,0,0,0.09,0,0.01,0
iamChaiiAbesia,0.57,0,0,0.24,0,0.01,0.02,0,0,0.16
shishuworld,0.16,0,0.56,0,0,0,0.09,0,0.19,0.01
julenfernan,0,0.04,0.1,0,0.85,0,0,0.01,0,0
k__K2617,0.33,0,0.42,0,0,0,0,0,0,0.25
iSandraRosado,0,0,0,0,0.95,0,0,0.04,0,0
signpamela,0.88,0.03,0.01,0,0,0,0.04,0,0.03,0
olt160,0,0,0,0,1.0,0,0,0,0,0
Pott_sey72,0.32,0.63,0,0,0,0,0,0.05,0,0
AinsleeValles,0.99,0,0,0,0,0,0,0,0,0
shellanancy_,0.28,0.08,0,0.59,0,0.02,0,0.01,0,0.02
karlylemonroe,0.74,0.05,0.08,0.03,0,0,0,0.05,0,0.03
nawachad,0.06,0.08,0.22,0.05,0.04,0.02,0.07,0,0,0.46
red_empire,0.09,0.59,0,0.07,0,0,0.06,0.12,0,0.05
StewWhitfield,0.14,0.66,0,0,0,0,0.17,0,0.02,0
Punga007,0,0,0,0,0,0,1.0,0,0,0
kahelialfonzhoe,0.87,0,0,0,0,0,0,0.12,0,0
wastevocals,0.79,0.02,0.1,0,0,0,0.01,0.06,0,0.02
marissafierro,0.94,0,0,0,0,0,0,0.06,0,0
kayla_watt13,0.72,0,0,0,0,0,0,0.28,0,0
JennELo,0.83,0.06,0,0,0,0,0,0.11,0,0
emacosc,0.35,0.1,0.03,0,0.15,0,0.03,0.34,0,0
sooomanyshrimp,0.34,0.38,0,0,0,0,0.02,0.26,0,0
savitha78,0.58,0,0,0,0,0,0.37,0,0.04,0
s_naioka,0.84,0.01,0,0,0,0,0,0.13,0,0
wanderingmindds,0.74,0.08,0.16,0,0,0,0,0,0,0
tildecauwenb,0.6,0,0,0.33,0,0,0.01,0.06,0,0
WhatsPappening,0.53,0.21,0,0,0,0,0.15,0,0.08,0
Pridenisee33,0,0,0,0,1.0,0,0,0,0,0
numykyferin,0,0,0,0,0,0,0,0,1.0,0
blessedis_me,0.68,0,0,0,0,0,0,0.31,0.02,0
moxyfruvous,0.54,0.2,0,0,0,0,0.11,0.03,0.09,0
emilystlawrence,0.86,0.1,0,0,0,0,0,0.01,0,0.01
ashishk199463,0.55,0,0,0.09,0,0.1,0,0.01,0,0.24
paredesmabel,0,0,0,0,0.95,0,0,0,0.05,0
raellita,0.02,0.02,0,0.07,0.87,0,0,0,0,0.02
HyacinthieHannu,1.0,0,0,0,0,0,0,0,0,0
caparica1975,0,0.11,0.06,0,0.01,0.05,0.74,0,0.02,0
edwinhe70948041,0.53,0.06,0,0,0,0,0.02,0.38,0,0
InvGurInd,0,0,0,0,0,0,0.97,0,0.02,0
taylorenke_,0.61,0,0,0,0,0,0,0.39,0,0
LawTRICIA,0.32,0.53,0,0,0,0,0.13,0,0.02,0
kaitlinrak,0.84,0.03,0,0,0,0,0,0.1,0.02,0
100k_Trey,0.03,0,0,0,0,0,0,0.96,0,0
azfarazhr_,0.66,0,0,0.34,0,0,0,0,0,0
cwmpbb,0.94,0.01,0,0,0,0,0,0.04,0,0
GadgetShopNG,0.13,0.01,0,0,0,0,0.83,0.03,0,0
benmhennilina,0.02,0,0.4,0,0,0,0.5,0,0.07,0
WilliamSeaton10,0.09,0.78,0,0,0,0,0,0.12,0,0
cade_dallwitz1,0.47,0.52,0,0,0,0,0,0,0,0
dead_babyy,0.49,0,0.02,0.19,0.14,0,0,0.06,0,0.09
meanherrera,0.27,0.09,0.01,0,0,0,0.05,0,0,0.55
ShaniandTheCity,0.37,0.37,0.05,0,0,0,0.09,0.04,0.04,0.03
Morse781,0.05,0.33,0,0,0,0,0.02,0.61,0,0
Kimmyjustsayinn,0.78,0.02,0,0,0,0,0.04,0.14,0,0
Bangtanojams,0.62,0.02,0.03,0.08,0,0,0,0.09,0,0.15
PantyRadar,0.74,0.08,0.02,0,0,0,0.03,0.1,0.02,0.01
RocioKunath,0,0,0.02,0,0.98,0,0,0,0,0
03855trdb,0,0,0,0,1.0,0,0,0,0,0
miles_hakim,0.69,0.08,0,0,0,0,0,0.24,0,0
kelslynna,0.95,0,0,0,0,0,0.01,0.03,0,0
Dwainvdw,0,0,0,0,0,0,0,0,0,1.0
FirmacionShane,0.7,0,0,0,0,0,0,0,0,0.3
RaeyvenSong,0.6,0.14,0,0,0,0.02,0.13,0,0.06,0.04
jrmnkng,0,0,0,0,0,0,0,0,0,1.0
m_liller,0.79,0.12,0,0,0,0,0,0,0.08,0
thejjbelanger,0.55,0.1,0,0,0,0,0.18,0.09,0.06,0
bieberspige12,0.55,0.14,0.11,0,0,0,0,0.05,0,0.15
Admoretta,0,0,0,0.02,0.94,0,0.04,0,0,0
AJHayez,0.48,0.45,0,0,0,0,0,0.08,0,0
x3_lilChocolate,0.26,0,0,0,0,0,0,0.74,0,0
rochaiko,0.67,0,0,0,0,0,0.02,0.29,0,0
TBankxx,0.19,0.44,0,0,0,0,0.08,0.26,0.02,0
lalitweb,0,0.04,0,0,0,0,0.38,0,0.56,0
2CW,0.01,0.96,0,0,0,0,0,0.02,0,0
isaias_pereyra,0,0,0,0,1.0,0,0,0,0,0
AhmadNurRohman,0,0.02,0,0.88,0,0,0.04,0,0.02,0.04
ooccttoo,0.59,0.2,0,0,0,0.03,0.11,0.02,0.05,0
justianahmad,0,0.19,0,0.81,0,0,0,0,0,0
yupitstifftiff,0.69,0,0,0,0,0,0,0.28,0,0.03
_gizzlybear,0.9,0.01,0,0,0,0,0.02,0.06,0,0
katherine_nolem,0.96,0,0,0,0,0,0,0,0,0
BrandonKobe_,0.08,0.61,0,0,0,0,0.03,0.26,0,0
JadeJones009,0.94,0,0,0,0,0,0,0.06,0,0
danisfahreza,0,0.83,0,0.09,0,0,0.04,0.03,0,0
shantrelroberts,0.63,0,0,0,0,0,0,0.37,0,0
djgeemix,0.22,0.34,0.42,0,0,0,0,0,0,0
charleyhallx,0.95,0.01,0,0,0,0,0,0.04,0,0
AvritMcCotter,1.0,0,0,0,0,0,0,0,0,0
ewaldh_,0.54,0.12,0,0,0,0,0.06,0.27,0,0
Jana_Lamb,0.57,0.11,0.01,0,0,0,0.1,0,0.21,0
tbhshyma,0.91,0,0,0.08,0,0,0,0,0,0
sayydayy,0.76,0,0,0,0,0,0,0.24,0,0
luklovesgreenb1,0.65,0.2,0,0,0,0,0.06,0.02,0.06,0
04927lktb,0,0,0,0,1.0,0,0,0,0,0
nath_harris7,0.76,0.18,0,0,0,0,0.02,0.04,0,0
xobasura,0.82,0.01,0.05,0,0,0,0.02,0.07,0.02,0
Its_3mmak,0.01,0.01,0.01,0.01,0.01,0.01,0.01,0.9,0.01,0.01
AngelitaRam,0,0.13,0.02,0.03,0.59,0.02,0.17,0,0.04,0
TheCPU001,0,0.03,0,0,0,0.92,0.04,0,0,0
Maddlynn13,0.87,0,0.1,0,0,0,0,0,0.02,0
weeeeeeeei_ffrk,0.89,0.01,0.01,0.01,0.01,0.01,0.01,0.01,0.01,0.01
AbbieAdwell,0.97,0.02,0,0,0,0,0,0,0,0
KroarRadio,0,0.11,0.09,0,0,0.03,0,0.04,0.67,0.05
gntran,0.76,0,0.01,0,0,0,0.02,0.2,0,0
mozxa,0.82,0,0,0,0.02,0,0,0.15,0,0
JoshInnes_WIP,0.36,0.35,0,0,0,0,0.04,0.24,0.01,0
iamwizzz,0,0.24,0.09,0.01,0,0.02,0.46,0.17,0,0
DeborahfromDetr,0.81,0.04,0,0,0,0,0.02,0.07,0.03,0.02
Reach4MoJOYRN,0.28,0.21,0,0,0,0,0.12,0,0.37,0
LongLiveB3N,0.46,0.15,0.02,0.01,0,0.02,0.08,0.26,0,0
ChelsTopley,0.7,0.26,0.01,0,0,0,0,0.01,0,0.01
ammarin_eve,0.06,0,0,0.09,0.01,0,0,0,0,0.83
hoosierdaddytdh,0.56,0.3,0,0,0,0,0.07,0,0.06,0
C_mentzer,0.96,0.01,0,0,0,0,0,0.03,0,0
danicyarr,0.67,0.07,0,0,0,0,0.02,0.19,0.03,0.02
DoubleUp_Byrdie,0.74,0.01,0,0,0,0,0,0.24,0,0
trevorjanes23,0.75,0,0,0,0,0.19,0,0,0,0.06
JINACONDA,0.58,0,0.17,0.02,0.01,0.04,0,0,0,0.17
GrownS1mba,0.26,0.11,0,0,0,0,0.07,0.55,0.02,0
JoelNavarro9,0,0.05,0,0,0,0.02,0.83,0,0,0.1
Shannonlatoya08,0.41,0,0,0,0,0,0,0.59,0,0
maybebecca,0.94,0.01,0,0,0,0,0.02,0,0.02,0
Masta_Blasta47,0.4,0.46,0,0,0,0,0.04,0.09,0,0
EllieHammy,0.82,0.12,0,0.05,0,0,0,0,0,0
aj_emmanuel,0.39,0.03,0,0.4,0,0.07,0,0.11,0,0
ahhh_dee,0.91,0,0,0,0,0,0,0.08,0,0
BVBfansUK_NW,0,0.98,0,0,0,0,0,0,0,0
Crystal_Fishy,0.4,0.2,0.05,0,0,0.01,0.08,0,0.11,0.14
abby2012_abby,0.91,0.08,0,0,0,0,0,0,0.01,0
GabrielaRodasC,0.47,0.03,0.02,0,0.37,0,0.04,0,0.04,0.03
__Junebugg,0.02,0.45,0,0,0,0.02,0,0.51,0,0
Miss_Omotesho,0.69,0.13,0.02,0.01,0,0,0.02,0.11,0.01,0
6geauxdess,0.75,0,0,0,0,0,0,0.22,0,0
beatriz_bieber9,0.07,0.15,0,0,0.23,0,0,0,0,0.54
2leftcheeks,0.96,0,0,0,0,0,0.01,0.01,0,0
Gyumoo,0.39,0,0.02,0.39,0.02,0,0,0,0,0.18
ibra_official93,0,0.12,0,0.85,0,0.03,0,0,0,0
AndyWeldon1,0.37,0.49,0,0,0,0,0.11,0,0.02,0
SuperErizzle,0.76,0.14,0,0,0,0,0.05,0,0.03,0
officer_trey,0.29,0.64,0,0,0,0,0,0.05,0,0.01
ScottyPenguin,0,0.06,0,0,0,0.15,0.77,0,0,0
banditcab,0.25,0.19,0,0,0,0,0.52,0.04,0,0
bengillam,0.37,0.29,0,0,0,0,0.31,0,0.01,0
manicalIy,0.77,0,0,0,0,0,0,0.09,0,0.12
OlgaGpe,0.43,0.03,0.03,0.03,0.37,0.03,0.03,0.03,0.03,0.03
blairecap,0.59,0.09,0,0,0,0,0,0.31,0,0
christine_cope,0.13,0.19,0.01,0.17,0,0,0.28,0,0.21,0
RJBoone14,0.38,0.49,0,0,0,0,0,0.13,0,0
LauraSymonxo,0.89,0.1,0,0,0,0,0,0,0,0
Crafterxxx,0.23,0.6,0.03,0,0,0,0.07,0.07,0,0
tekinsahan,0,0,0,0.2,0,0.02,0.77,0,0,0
03051trdc,0,0,0,0,1.0,0,0,0,0,0
irateGinger,0.53,0.41,0,0,0,0.01,0.03,0,0.01,0
animaux__,0.77,0.12,0.03,0.01,0,0,0.02,0.03,0,0
youknowkurt,0,0,0.98,0,0,0,0,0.02,0,0
Nunu_Hope,0.88,0,0,0.05,0,0,0,0.06,0,0
sesamakaltim,0,0.1,0.13,0.43,0.02,0,0,0.23,0,0.1
heyymaisarah,0.81,0,0,0.17,0,0,0,0,0,0.02
michaelaianaki,0.8,0.06,0.03,0,0,0.04,0,0.01,0,0.04
BicPEN_,0.45,0.05,0,0,0,0,0.06,0.4,0,0.01
SabriMartinez15,0,0,0,0.37,0.63,0,0,0,0,0
doublex2Dee,0.03,0.13,0,0,0,0,0,0.83,0,0
TheOG_PYT,0.66,0,0,0,0,0,0,0.33,0,0
hanalakuzail,0.31,0.36,0.02,0.02,0.02,0.22,0.02,0.02,0.02,0.02
lovelynnapicog,0.17,0,0,0,0.02,0,0,0,0,0.81
filpap,0,0.2,0,0.28,0,0,0,0,0.29,0.2
PRIYANLAKSHMAN,0.21,0,0.73,0,0,0,0,0,0,0.06
Federiko21,0,0.22,0.08,0,0.63,0,0.06,0,0,0
babydani16,0.49,0.46,0,0,0,0,0,0,0,0.05
MusaDembele,0.47,0.2,0,0.03,0,0,0.02,0.25,0,0
Lila_Nadine,0.9,0.07,0,0,0,0,0,0,0,0
j0hnw0lf,0.02,0.96,0,0,0,0,0,0.02,0,0
kanaafa,0.29,0.16,0,0,0,0,0.43,0,0.11,0
AmandaTaylor08,0.19,0.69,0,0.02,0,0,0.1,0,0,0
KaitlynnAjzensz,1.0,0,0,0,0,0,0,0,0,0
SimpleDee_22,0.26,0.24,0,0,0,0,0,0.49,0,0
UknoTez,0.43,0,0,0,0,0,0,0.57,0,0
umisaeki,0.56,0,0.2,0.02,0.01,0,0,0.07,0,0.14
Rosee_tothetop,0.52,0.15,0,0,0,0,0.03,0.3,0,0
RITSUKO_MGK_AKZ,0,0.11,0,0,0,0,0,0,0.89,0
_Faavi,0.88,0,0,0,0,0,0,0.12,0,0
tracideannn,0.95,0,0,0,0,0,0,0.05,0,0
ClementEmery,0,0,0.98,0,0.02,0,0,0,0,0
trinitytorii,0.68,0,0,0,0,0,0,0.32,0,0
TheHireRightGrl,0,0.04,0,0.04,0,0,0.69,0,0.21,0
Cjrussell6,0,0,0,0,0,0,0,1.0,0,0
brblovingdemi,0.49,0.17,0.11,0,0,0.02,0,0.02,0,0.19
DJG1NUCS,0.06,0.14,0.05,0.02,0.72,0,0,0.02,0,0
chilll1d,0.54,0.01,0.4,0,0,0,0,0.03,0,0
GwenSiblot,0,0,1.0,0,0,0,0,0,0,0
fixpart16,0,0,0,0.06,0,0,0.77,0,0,0.16
Joanna_Mitton,0.78,0.14,0.02,0,0,0.01,0.01,0,0.02,0.02
rayanalnoh,0,0,0,0,0.08,0,0.38,0.2,0.33,0
AmandineHln,0,0,1.0,0,0,0,0,0,0,0
camillalewis,0.79,0.14,0,0,0,0,0.05,0,0,0
xHarriett,0.91,0.09,0,0,0,0,0,0,0,0
RatanLang,0,0.04,0,0,0,0,0.94,0,0,0.01
nnnnut_,0.31,0.05,0.15,0.03,0.01,0.06,0,0.02,0,0.37
HeatonJoleen,0.43,0.09,0.12,0,0,0.03,0.31,0.03,0,0
TheyHateTykia,0.12,0,0,0,0,0,0,0.88,0,0
PrimatePromo,0,0,0,0.95,0,0.03,0,0,0,0.01
jkshukla87,0.09,0,0.58,0.04,0,0,0.14,0,0,0.14
naterwallace,0.58,0.32,0,0,0,0,0,0.09,0,0
Qtypie018,0.69,0.06,0,0,0,0,0,0.25,0,0
verminmark,0.42,0.43,0,0,0,0,0.08,0.04,0.02,0
syaf106,0.6,0,0,0.4,0,0,0,0,0,0
marv_p,0.43,0.33,0.03,0,0,0,0.12,0,0.06,0.03
elliee_baynham,0.95,0.01,0,0,0,0,0,0,0.01,0
eastersss,0.83,0.08,0.02,0,0,0,0.03,0,0.03,0
ohsolegittt,0.78,0.05,0,0,0,0,0,0.16,0,0
APM3141,0.58,0.04,0,0,0,0,0.24,0.02,0.12,0
nicoleherygers,0.96,0.02,0,0,0,0,0,0.01,0,0
andrewdaaboul,0.21,0.5,0,0,0,0,0.01,0.28,0,0
cabreraelena5,0.75,0.03,0.04,0,0,0,0,0.12,0,0.04
sunitanimbalkar,0.07,0.07,0,0,0,0.65,0.05,0,0.04,0.12
JJMORGAN9122,0.35,0.02,0,0,0,0,0.45,0.09,0.09,0
TBOE99,0.53,0.38,0,0,0,0,0,0.07,0,0
nrlnzhh,0.44,0.24,0.03,0.21,0,0,0.03,0,0.02,0.02
EspinalAngie,0,0,0.06,0,0.93,0,0,0,0,0
SunilAshi,0.15,0.02,0,0,0,0.67,0.02,0,0.1,0.03
the_closerr,0.71,0,0,0,0,0,0,0.29,0,0
elardo_john,0.17,0.07,0,0,0,0,0,0,0,0.76
Elsie_geselsie,0.13,0.11,0.11,0,0,0,0,0,0,0.64
sayir07,0.3,0.22,0,0.27,0,0,0.2,0,0,0.02
MenjoFukushu,0.77,0.02,0,0,0,0.02,0.16,0,0.02,0
josweddingdress,0,0,0,0,0,1.0,0,0,0,0
catarinaiaraujo,0.38,0.02,0,0.06,0.54,0,0,0,0,0
Haileyamanduhhh,0.83,0.01,0,0,0,0,0.01,0.14,0,0
alyssaclandez,0.82,0.08,0.05,0,0,0.01,0,0,0,0.02
trippybella,0.48,0,0.08,0,0,0,0.08,0.32,0.04,0
DykeVanTom,0.18,0.11,0,0,0,0,0.42,0.01,0.27,0
yaboy_jrod,0.11,0.49,0,0,0,0,0,0.38,0,0
TvccSoftball,0,0.98,0,0,0,0,0.02,0,0,0
AryaSetiadharma,0.05,0.06,0.02,0.1,0,0,0.48,0,0.28,0
miyu_miyu121,0.05,0.05,0.05,0.05,0.05,0.05,0.05,0.55,0.05,0.05
dreayaya_WGP,0.87,0.01,0,0,0,0,0.04,0.06,0.01,0
Hozer12,0.49,0.45,0,0,0,0,0,0.05,0,0
thepx__,0.14,0,0,0.77,0,0,0.04,0,0,0.04
MrHensen1,0.72,0.2,0,0,0,0,0.02,0.05,0,0
BisettiVanessa,0.9,0,0,0,0,0,0,0.08,0,0
UdaipurKiran,0,0,0,0,0,0,1.0,0,0,0
Do_Not_Honk,0.25,0,0,0.02,0,0,0.67,0.01,0.01,0.03
staceyNYCDC,0.4,0.22,0,0,0,0,0.19,0.05,0.14,0
Firsticha_ichul,0.03,0,0.17,0.8,0,0,0,0,0,0
ja4jack,0.91,0.03,0.03,0,0,0,0,0.04,0,0
TeeDotsworld_,0.02,0,0,0,0,0,0,0.97,0,0
sadladygalo,0.62,0.1,0,0,0,0,0.08,0.15,0.04,0
Pascacelio,0.5,0.07,0,0.04,0.16,0.01,0.02,0.17,0,0.02
jokeyrhyme,0.24,0.04,0,0,0,0,0.62,0,0.1,0
Vinnie125VIP,0.15,0.52,0,0,0,0,0.03,0.3,0,0
Koroccann,0.55,0,0.05,0,0,0,0,0.29,0,0.11
Tex2WestSeattle,0.41,0.53,0,0,0,0,0.02,0,0.04,0
carlyjophillips,0.92,0.07,0,0,0,0,0,0,0,0
jerome49k,0,0,0.95,0,0.05,0,0,0,0,0
lujop83,0.26,0.72,0,0,0,0,0,0,0,0
ConorTheKing,0.6,0.35,0,0,0,0,0.01,0.04,0,0
domingotrejo1,0.14,0.17,0.22,0,0.44,0.02,0,0,0,0
blranderson,0.95,0.02,0,0,0,0,0,0.02,0,0
doili_tv,0,0,0,0.7,0,0.29,0,0,0,0
KhpalWaziristan,0.12,0,0.04,0.28,0.04,0,0.39,0,0,0.13
AmandaJihan,0.35,0,0,0.65,0,0,0,0,0,0
itweetherGOOD,0.44,0,0,0,0,0,0,0.56,0,0
mr_iklan,0,0,0,0,0,0,0,0,0,1.0
MarathiRT,0.03,0.26,0,0,0,0,0.3,0,0.05,0.37
ianacedera,0.68,0.31,0,0,0,0,0,0,0,0
jenconroy___,0.82,0.17,0,0,0,0,0,0,0,0
NeelakshiDon,0.67,0.19,0,0,0,0,0,0,0.02,0.12
AmyWilkes15,0.87,0.1,0,0,0,0,0,0.02,0,0
eft_finance,0,0.06,0,0,0,0,0.93,0,0,0
MACPAT83,0.35,0.49,0,0,0,0,0.03,0.11,0,0
MagazineAlbania,0,0.17,0.57,0.07,0.17,0,0,0,0,0
tastyliam,0.65,0.01,0.29,0,0,0,0,0.02,0,0.03
P_bogan,0.2,0.19,0,0,0,0,0.46,0,0.15,0
Becky__Patten,0.89,0,0,0,0,0,0,0.1,0,0
Hello_jars,0.18,0.67,0.02,0,0,0.01,0,0,0.09,0.03
wildfreckle,0.03,0.57,0,0,0,0,0.12,0,0.25,0.01
becca_hoffman22,0.8,0.18,0,0,0,0,0.02,0,0,0
KaseyWarmington,0.86,0.08,0,0,0,0,0.01,0.02,0.02,0
luisangel201410,0.14,0.03,0.04,0,0.7,0.07,0,0,0,0.02
_nidori,0.68,0.02,0.04,0,0.22,0,0.03,0,0,0
Are_U_Hungry,0.36,0.54,0,0,0,0,0,0.04,0,0.04
TheReelStevie_J,0.14,0.28,0,0.19,0,0,0,0.39,0,0
snoopy_vass,0.44,0.33,0.11,0.01,0,0.03,0,0,0,0.08
uhshataa,0.6,0.06,0,0.01,0,0,0.02,0.29,0,0
AlexJimenezDj,0,0.25,0.05,0.07,0.58,0,0,0.04,0,0.01
Fiafifu,0.93,0.02,0,0.03,0,0,0,0,0,0
ivannaezg,0.67,0.05,0.11,0,0.15,0,0,0,0,0
Korinna10,0.74,0.25,0,0,0,0,0,0,0,0
spunppppp,0.49,0,0.12,0,0.04,0,0.03,0,0,0.32
Ugbaad_,0.54,0.02,0,0,0,0,0.11,0.3,0.01,0
mathewflorence3,0.67,0.11,0,0,0,0.12,0.03,0.03,0,0.03
geonews_en,0,0,0,0,0,0,1.0,0,0,0
A_S_Kirschtorte,0.75,0,0,0,0,0.17,0,0,0,0
GcHekk,0.05,0.05,0.05,0.05,0.05,0.05,0.05,0.55,0.05,0.05
BerdugoTamy,0,0,0,0,0.99,0,0,0,0,0
faridpier,0.57,0.01,0,0.33,0,0,0.05,0.01,0.02,0
nikotuazon,0.6,0.05,0,0,0,0,0.08,0.25,0.02,0
AsroyyAlcantara,0.14,0.67,0,0.14,0,0,0.02,0.02,0,0
Oceane_35230,0,0,0.99,0,0,0,0,0,0,0
secretmixerx,0.16,0.07,0.54,0,0.05,0,0,0.01,0,0.16
YolandaCruzCruz,0.3,0,0,0,0.69,0,0,0,0,0
sdcmedia,0.05,0.5,0,0,0,0,0.38,0,0,0.04
Paulyne_,0,0,0.98,0,0.02,0,0,0,0,0
iTeshura,0.6,0.21,0,0,0,0,0.08,0,0.09,0
dream_chaser_10,0.33,0.24,0,0,0,0,0.02,0.41,0,0
Shaawaaaa,0,0,0.05,0.15,0.7,0,0,0,0,0.11
KSwarringin,0.99,0,0,0,0,0,0,0.01,0,0
15turra,0.53,0.31,0.03,0,0.01,0,0,0,0,0.12
ctrlaubrey,0.88,0,0,0,0,0,0,0.11,0,0
MESSinAZ5,0.36,0,0,0,0,0,0.51,0.04,0.08,0
Hypest_Nikku,0.72,0.18,0,0,0,0.01,0.03,0.04,0,0
jswagsostupid,0.41,0.4,0,0,0,0,0,0.18,0,0
wvrglenn4,0.03,0.66,0.06,0.01,0,0,0.21,0,0.03,0
allenarayne,0.96,0,0,0,0,0,0,0.03,0,0
Haylee_Mccray,0.91,0.03,0,0,0,0,0.04,0,0,0
DuarteS45,0,0,0,0,0.76,0,0,0,0,0.24
inejghvfa,0.74,0.07,0.05,0,0,0,0.06,0,0.08,0
joanna230687,0.35,0.01,0.02,0,0,0,0,0.01,0,0.6
NorburyEva,0.03,0,0,0,0,0.01,0.94,0,0,0
lobakerrr,0.96,0,0,0,0,0,0,0.03,0,0
sanomaru02251,0.02,0.02,0.85,0.02,0.02,0.02,0.02,0.02,0.02,0.02
Emclub7,0.07,0.63,0,0.03,0,0,0.2,0.05,0,0.03
badettecornelia,0.34,0.39,0.01,0,0,0,0.1,0,0.12,0.04
SueHoll09387870,0.05,0.06,0.02,0,0,0.02,0.84,0,0,0
MSfunsize69,0.35,0,0,0,0,0,0,0.65,0,0
vakta17,0.4,0.19,0,0,0,0.02,0.39,0,0,0
ohitsmeandy,0.74,0,0,0,0,0,0,0.06,0,0.19
JaclynBradley,0.82,0.13,0,0,0,0,0.05,0,0,0
Lynnielou77,0.63,0.26,0.03,0,0,0.02,0.03,0,0.03,0
dreahelfer,0.11,0.39,0.06,0,0,0,0.18,0,0.27,0
LEXthePEX,0.12,0.85,0,0,0,0,0.01,0,0,0
Brooklynnn_R,0.87,0.05,0,0,0,0,0.03,0.04,0,0
Ale_carl36,0.21,0.15,0,0,0,0,0.63,0,0,0
asdfgkxjd1,0.05,0.05,0.05,0.05,0.05,0.05,0.05,0.55,0.05,0.05
lariissaeviana,0.54,0,0,0,0.45,0,0,0.01,0,0
Fututu,0.43,0.18,0.04,0.06,0,0,0.02,0.03,0,0.22
krpn444,0,0.3,0,0.3,0,0.04,0.36,0,0,0
UnkleAce,0.03,0.09,0,0,0,0.73,0.08,0.07,0,0
ukon993301611,0.05,0.05,0.05,0.05,0.05,0.05,0.05,0.55,0.05,0.05
Maddawg_Davis,0.89,0,0,0,0,0,0,0.08,0,0
MyLifeIsSRK,0.19,0.33,0,0.01,0,0,0.14,0,0,0.32
RoraBartolomeu,1.0,0,0,0,0,0,0,0,0,0
AmierBitch,0.5,0.05,0.02,0.02,0,0,0.06,0.32,0.02,0.01
Hello_ImKYRA,0.57,0.11,0.06,0,0,0,0,0.26,0,0
shelby_knight36,0.82,0,0,0,0,0,0,0.17,0,0
rpillamaweather,0,0,0,0,0,1.0,0,0,0,0
its_devinnnn,0.78,0,0.1,0,0,0,0,0.07,0.03,0
jamoharvey,0.14,0.84,0,0,0,0,0,0,0.01,0
MrBurnett4,0.44,0.22,0.21,0,0,0,0.01,0.04,0.06,0
0qllisIho6CSKFo,0.05,0.05,0.05,0.05,0.05,0.05,0.05,0.55,0.05,0.05
OutlookFromHere,0.29,0,0,0.12,0,0,0,0,0.59,0
akaShelbs,0.7,0.14,0,0,0,0,0.01,0.12,0.03,0
chinedulopez,0.51,0.33,0,0.03,0,0,0.05,0.03,0.03,0.01
angelgrimes36,0.88,0.07,0,0,0,0,0.01,0,0.01,0
hermann_taylor,0.97,0.03,0,0,0,0,0,0,0,0
sreejitsh,0.21,0.13,0,0,0,0,0.61,0,0.02,0.03
Crabb90,0.24,0,0,0,0,0,0.49,0,0.26,0
Le_Tebz,0.26,0.46,0,0,0,0,0.07,0.18,0.01,0
18_27,0.02,0.67,0.11,0,0,0,0.11,0,0.01,0.07
j_aki_8,0.39,0.5,0.06,0,0,0.02,0,0,0,0.03
hijirisawayosio,0.7,0.03,0.03,0.03,0.03,0.03,0.03,0.03,0.03,0.03
smearedeyes,0.74,0.15,0.06,0,0,0,0.04,0,0,0
Nastsukii,0.65,0.15,0.13,0.01,0,0,0,0,0,0.06
sarahllambert,0.92,0.06,0.02,0,0,0,0,0,0,0
AuraPOPofficial,0.26,0.13,0.12,0,0,0.06,0.11,0,0.21,0.11
Aleksandar_zevs,0,0,0.09,0.44,0.4,0.01,0,0.06,0,0
TheRealLumpen,0.4,0.16,0.05,0.02,0,0,0.16,0.1,0.1,0
IngridJCantu,0.85,0,0,0,0,0,0,0.15,0,0
Carlos04185143,0.1,0.37,0.04,0.01,0,0.03,0.31,0.01,0.1,0.03
tatunori513,0.03,0.03,0.03,0.03,0.03,0.03,0.03,0.03,0.7,0.03
SheA1NTKi,0.64,0.02,0,0,0,0,0,0.33,0,0
KatchHQ,0.19,0.33,0.1,0.04,0,0,0.25,0,0.06,0.02
MahoneMaBoy,0.59,0.2,0.01,0,0,0,0,0,0,0.2
therealZackKatz,0.02,0.65,0,0,0,0,0.17,0.16,0,0
kinglamboheat21,0.79,0.02,0,0,0,0,0,0.18,0,0
_Faraz,0.2,0.11,0.02,0,0,0,0.51,0,0.15,0
JawedTweets,0.1,0.03,0,0,0,0,0.86,0,0,0
Nat_xoo,0.77,0,0,0.08,0,0,0,0.15,0,0
JG90210,1.0,0,0,0,0,0,0,0,0,0
ColeBlooded16,0.27,0.36,0,0,0,0,0,0.36,0,0
tabatkins,0.45,0.08,0,0,0,0,0.3,0,0.16,0
lydiaflorence_,0.91,0.06,0.01,0,0,0,0,0.01,0,0
therealcandy88,0.4,0.02,0,0,0,0,0,0.57,0,0
Jus_Stu,0.17,0.31,0.01,0.04,0,0,0,0.44,0,0.02
DaaYusof,0.59,0,0,0.41,0,0,0,0,0,0
luurivero87,0.01,0,0,0,0.98,0,0,0,0,0
choploueh,0.55,0,0.29,0,0,0,0,0.14,0,0.01
nate_gonzales,0.9,0.02,0,0,0,0,0,0.08,0,0
wrestlingnomad,0.07,0.84,0,0,0,0,0.04,0.01,0.04,0
onj_forshort,0.69,0.05,0,0,0,0,0.04,0.21,0.01,0
falnelind,0.56,0,0,0.14,0.04,0,0,0.22,0,0.04
vandalism_fd,0,0,0,0,0,0,0.94,0,0,0
MSheikh313,0.76,0.08,0,0.02,0,0,0.07,0.07,0,0
fuzamanraja,0.14,0.02,0.01,0.04,0,0,0.67,0,0.07,0.04
RenzelMcSilver,0,0.04,0,0,0,0,0,0,0,0.95
_delhiteLdy,0.47,0,0,0.28,0,0,0,0.04,0.13,0.08
isa_abadia,0,0,0.02,0,0.87,0,0.09,0,0.02,0
ritscrazker,0.65,0.01,0,0,0,0,0.25,0.02,0.06,0
SNZ_STRTSIBLING,0.17,0.14,0.03,0.02,0,0.04,0,0.33,0.26,0
_leannn2,0.58,0.04,0,0.06,0,0,0,0.32,0,0
harshrajrox01,0.41,0,0.31,0,0,0,0.13,0.15,0,0
KaranJa23931874,0.02,0.76,0,0,0,0,0.11,0,0.02,0.09
Martoz96,0.82,0.02,0,0,0,0,0.07,0.07,0.01,0
abraughler,0.8,0.08,0,0,0,0,0.07,0,0.04,0
Futch_It37,0.85,0.02,0,0,0,0,0,0.12,0,0
FlorBelieber99,0.08,0,0.02,0,0.86,0,0,0,0,0.04
DrStrangeLove22,0.54,0.07,0,0,0,0,0.21,0,0.17,0
OpulentCouture,0.43,0.28,0.04,0,0,0.03,0.17,0,0.02,0.02
luisb21_,0.83,0.12,0,0,0,0,0,0.04,0,0
3ine_s,0.97,0,0,0.02,0,0,0,0,0,0
_Natykirsch,0,0,0,0,1.0,0,0,0,0,0
jessicachido,0.68,0.07,0,0.02,0,0.02,0,0.02,0,0.19
Jariff_,0.71,0.15,0.01,0,0,0,0.1,0,0.02,0
Maddy_Stricks,0.87,0.06,0,0,0,0,0,0.06,0,0
DNakkoud,0.94,0,0,0,0,0,0,0.06,0,0
sammyflesher,0.47,0.41,0,0,0,0,0.03,0.08,0,0
LaCretiaWomack,0,0.96,0,0,0,0,0,0.04,0,0
Megadethchic,0.5,0.34,0,0,0,0.02,0.08,0.03,0.02,0
WWERickGrimes,0.46,0.13,0,0,0,0.02,0.01,0.36,0,0
kopiarap,0,0.26,0,0.71,0,0,0.03,0,0,0
Stockfiendz,0,0,0,0,0.02,0,0,0,0,0.98
ScottHaynesRE,0.23,0.46,0.02,0,0,0,0.24,0,0.03,0.01
TarnationTim,0.14,0.76,0,0,0,0.01,0.03,0.04,0.02,0
Radio_V_L,0,0.05,0.82,0,0,0,0.13,0,0,0
rebeccawoford,0.81,0,0,0,0,0,0,0.19,0,0
SamsungSupport,0.02,0.55,0,0.04,0.07,0,0.3,0,0,0.02
Cecilia_VS_444,0.05,0.05,0.05,0.05,0.05,0.05,0.05,0.55,0.05,0.05
mmargot94,0,0,0,0,1.0,0,0,0,0,0
yanovi_,0.68,0.13,0.02,0.01,0,0.01,0.08,0.02,0.02,0.03
sliceofcait,0.54,0.27,0.11,0,0,0.02,0.01,0.01,0.01,0.02
nrppp__,0.93,0.02,0,0,0,0.01,0,0,0,0.05
