Lukash_Money,0.52,0,0,0.02,0.03,0.16,0.03,0.23,0,0
mashy2,0.81,0,0,0.02,0.12,0.04,0,0,0,0
_chellllle,0,0,0,0,0,0.3,0,0.69,0,0
cathyca_,0.04,0,0,0.02,0,0.05,0.6,0,0.02,0.27
KINGPIZZ,0.04,0,0,0.09,0.03,0.33,0.02,0.47,0.02,0
David_Nagy13,0.82,0,0,0.01,0.11,0.02,0,0.03,0,0
AREONE27,0.36,0.04,0,0.01,0.11,0,0.02,0.45,0,0
xdaisy425x,0,0,0,0,0.02,0.65,0,0.33,0,0
LokilAQW,0.53,0,0,0,0.21,0.07,0.16,0,0.03,0
Alex_Siber,0.21,0.01,0,0,0.38,0.16,0.05,0.15,0.02,0
ettbrowneyes,0.08,0,0,0.01,0.5,0.17,0,0.23,0,0
wgarrido_,0,0,0,0,0,0,0,0,0,0.99
Savosaurus,0.05,0.02,0,0.03,0.07,0.64,0.16,0.02,0,0
therealCG502,0.61,0,0,0,0.1,0.09,0,0.02,0.17,0
margweston,0.02,0.02,0,0,0.05,0.04,0.87,0,0,0
_Farad,0,0,0,0,0.03,0.39,0,0.04,0.53,0
rofesta,0,0,0,0,0,0,0,0,0,1.0
Privitheus,0,0.36,0,0.06,0.51,0,0,0,0.06,0
gracianana,0,0.01,0,0,0,0.15,0,0,0.84,0
hawaiiianlion,0.04,0,0,0,0.05,0.49,0.01,0.4,0,0
FlockWithFlacko,0.17,0,0,0,0.02,0.13,0.03,0.62,0.01,0
jennamzh,0,0,0,0,0,0.95,0,0.05,0,0
ShaeMallory,0,0,0,0,0,0.44,0,0.56,0,0
iiFucked_Swagg,0,0,0,0,0,0.08,0,0.92,0,0
_anggithartiwi,0,0.04,0,0.1,0,0,0,0,0.84,0.01
MerabGro,0,0,0,0,0,0.05,0,0.02,0,0.92
dickclucas,0.15,0.11,0,0,0.23,0.1,0.37,0.03,0.01,0
syphm1,0,0,0,0.07,0,0.48,0,0.31,0.13,0
Ary_Bacardi,0.06,0,0,0,0,0,0,0.93,0,0
hkky49mi,0.49,0.03,0.03,0.03,0.03,0.03,0.03,0.31,0.03,0.03
AyyCeci,0.06,0.02,0,0,0.06,0.54,0.02,0.3,0,0
SneakerDorian,0.04,0,0,0,0,0.04,0,0.9,0,0
Prosperos_isle,0,0,0,0.21,0.46,0,0.32,0,0,0
Rikuninchen,0.29,0.28,0,0.11,0.01,0.2,0.02,0,0.06,0.01
K9DoodiePatolr,0.2,0.02,0,0,0.33,0,0.36,0.06,0.04,0
DFK007,0.02,0,0,0.26,0.16,0.17,0.35,0.04,0,0
AnaR915,0.13,0,0,0,0.31,0.48,0,0,0.05,0.03
davidsting414,0.23,0.06,0,0.05,0.04,0.05,0.57,0,0,0
CANNIBOOTY,0.01,0,0,0,0.08,0.86,0.03,0,0,0
FereshtehEmami,0,0,0,0.38,0.15,0.33,0.14,0,0,0
M4D31YN,0.17,0.01,0,0.02,0.1,0.67,0,0.02,0,0
_wadem,0.12,0.04,0,0.22,0.43,0.01,0.18,0,0,0
mightyreds,0.03,0,0,0.91,0,0.04,0,0.02,0,0
PabloScordo1,0,0,0,0,0,0,0.26,0,0,0.74
nextto16,0,0,0,0,0,0.97,0,0.03,0,0
Faklasher,0.05,0,0,0.1,0,0.55,0.14,0.1,0.04,0
Seandonovan94,1.0,0,0,0,0,0,0,0,0,0
JLee_Hadley,0.07,0,0,0.02,0.12,0.19,0.01,0.59,0,0
ceeyoutea,0.04,0,0,0,0.08,0.82,0.02,0.03,0,0
MCNtweets,0.38,0,0,0.02,0.17,0.22,0.18,0,0.02,0
skkelley_17,0,0,0,0,0.04,0.87,0,0.08,0,0
abcdefgayy,0,0,0,0,0,0.71,0,0.28,0,0
demihomo,0.06,0.02,0,0,0.2,0.63,0.07,0,0.02,0
LuciDeacon,0,0,0,0,0,0.93,0,0.07,0,0
Tony_Jorden,0,0,0,0,0,0.84,0,0.16,0,0
tasha_amy92,0.01,0,0,0.12,0.06,0.66,0.02,0.12,0,0
CajsaJacobsen,0.1,0.01,0,0,0.28,0.58,0,0,0.02,0
Ellie_Macintyre,0,0,0,0.06,0.12,0.77,0.04,0,0,0
TayelfylorKloss,0.08,0.03,0,0.05,0.05,0.72,0,0,0.05,0.02
daddylyrical,0,0,0,0,0,0,0,0.99,0,0
firripwang,0.15,0,0,0,0,0.06,0,0.78,0,0
IamCj005,0.07,0,0,0.36,0.3,0,0.07,0,0.19,0
Mw2Alsaif,1.0,0,0,0,0,0,0,0,0,0
OutSpoken_PB,0,0,0,0,0,0.16,0,0.67,0.17,0
stephengood08,0.02,0,0,0.39,0.39,0.18,0,0.02,0,0
temporlarriefix,0.04,0,0,0,0,0.92,0,0,0.04,0
OhHi_ImDamoo,0,0,0,0,0.02,0.15,0,0.83,0,0
wtvmollie,0.04,0,0,0,0.02,0.75,0.12,0.07,0,0
PureSoccerTV,0,0,0,0.96,0,0,0.04,0,0,0
EServanF,0.18,0,0,0.05,0.05,0.08,0.12,0.03,0.03,0.46
hidayahaha,0,0,0,0,0,0.05,0,0,0.95,0
Ank_yuma1209,0.05,0.05,0.05,0.05,0.05,0.05,0.05,0.55,0.05,0.05
CiscoEngineers,0,0.04,0,0.03,0.19,0,0.73,0,0,0
ontarioweeds,0,0,0,0,0,0.83,0,0.14,0,0.02
kina_yanae15,0,0,0,0,0,0.1,0,0.89,0,0
wssx_,0,0.12,0.01,0,0.07,0.31,0,0.13,0.36,0
opalitetears,0,0,0,0,0,0.67,0,0.32,0,0
jaileneeeeee_,0,0,0,0,0,0.46,0,0.54,0,0
WhitneyEricksen,0,0,0,0,0,0.95,0,0.05,0,0
nmpanek,0.05,0.04,0,0.02,0.34,0.02,0.53,0,0,0
samacharsar,0,0.2,0,0.19,0,0.34,0.26,0,0,0
bxndhearts,0.05,0.01,0,0,0.02,0.87,0,0.02,0.02,0
Jag3Dagster,0.35,0.01,0,0,0.29,0.28,0.06,0,0,0
NotMyMoney_,0.18,0.02,0,0.03,0,0.05,0.68,0,0.03,0
MeLza_17,0.1,0,0,0.81,0.05,0,0,0,0.03,0
SevenEasyWays,0,0,0,0,0.67,0,0.28,0,0,0.04
RaceLies,0.16,0,0,0,0,0,0.82,0.02,0,0
TikeGooden,0.73,0,0,0.01,0.13,0.02,0,0.1,0,0
CheennyC,0,0,0,0,0,0.56,0,0.02,0.27,0.15
_NYOx,0,0,0.24,0,0,0.55,0,0.08,0.12,0
wheresmyCARlos,0.39,0,0,0,0.02,0.32,0,0.26,0,0
WlassM,0,0.76,0,0,0,0,0,0,0.08,0.13
Saamhmz,0,0,0,0.95,0,0,0,0.02,0,0.03
owen_main,0.06,0,0,0.52,0,0.36,0,0.06,0,0
ARTORICAL,0.19,0.08,0,0.08,0.21,0.08,0.34,0,0.01,0
brilicarixx,0.06,0.04,0,0,0,0.66,0.01,0.23,0,0
LostAtSea96,0,0,0,0,0,0.76,0,0.23,0,0
freudianquips,0.05,0,0,0,0.16,0.61,0.1,0.06,0,0
D_Banx,0.2,0,0,0,0.05,0.05,0,0.69,0,0
FaiiFanism,0,0.03,0,0.01,0.7,0,0,0,0.25,0
CandisHooley,0,0,0,0,0,0.89,0,0.11,0,0
imbackUmbach,0.07,0,0,0,0.04,0.84,0,0.04,0,0
TitosTweets,0.81,0,0,0.01,0.02,0.11,0,0.04,0,0
ovidiuebufnila,0,0,0,0,0.32,0,0.29,0,0.39,0
NareshI87476843,0,0,0,0,0,0,0,0,1.0,0
Lindouush_,0,0.01,0,0.84,0,0.05,0,0,0,0.11
DawayneGadis,0.02,0,0,0,0.14,0.17,0,0.62,0.04,0
Missus_Johnson,0.05,0,0,0.07,0.52,0.36,0,0,0,0
rhylie_pantts,0.04,0,0,0,0.01,0.82,0.03,0.1,0,0
danaalarbeed_,0,0,0,0,0,0.83,0,0.14,0.02,0
syqinnygenes,0,0.02,0,0.03,0.32,0.52,0.03,0.03,0.05,0
wana35584931,0,0,0,0,0,0,0.95,0,0,0
political_ppl,0,0,0,0,0.33,0.04,0.63,0,0,0
mr_solivigant,0.03,0,0,0.02,0.07,0.28,0.6,0,0,0
ashishkelo,0,0,0,0,0,0,0.04,0,0,0.96
VennStRecords,0,0,0,0.13,0.85,0.01,0,0,0,0
dbigmark,0.07,0,0,0.87,0,0,0.04,0,0,0
sailonnarry,0.08,0.05,0,0.04,0.3,0.47,0,0,0.05,0
OSimoka,0.1,0.15,0,0.12,0.33,0,0.25,0,0.02,0.02
G_Amber,0.05,0.03,0,0.5,0,0.35,0.04,0,0,0.02
07307jcsc,0,0,1.0,0,0,0,0,0,0,0
amerr_aref,0,0,0,0.11,0,0.35,0.04,0.02,0.46,0
aida_almiron,0,0,0,0,0,0,0,0,0,1.0
L_PVCO,0.35,0,0,0,0.32,0.05,0.01,0.26,0,0.01
CarlaA_13,0,0,0,0,0,0,0,0,0,1.0
Rwan_alshehri83,0,0,0,0,0,0.46,0.48,0,0,0
Anna8x8,0.01,0.03,0,0,0.04,0.92,0,0,0,0
DayleGifford,0,0,0,0.36,0.04,0.53,0,0.07,0,0
norma_dunham,0.04,0.13,0,0,0,0.04,0.78,0,0,0
HanFreakinSolo,0.22,0,0,0,0.12,0.44,0.21,0.01,0,0
longliveniya,0.03,0,0,0,0.02,0.33,0.03,0.58,0,0
ItsSubject,0.33,0,0,0,0.17,0.1,0.07,0.33,0,0
UpasanaGagan,0,0,0,0,0,0,0,0,1.0,0
nokidrauhls,0,0,0,0,0.37,0.44,0,0.02,0.07,0.09
DapperDonDevin,0.08,0,0,0,0,0.26,0.05,0.6,0,0
__bartonn,0,0,0,0.04,0,0.92,0,0.04,0,0
boobearluvx,0.15,0,0,0.16,0.17,0.46,0,0.02,0.03,0
vaalouuz,0,0.08,0,0.77,0,0.07,0,0,0,0.07
PoloVargas_3,0.3,0,0,0.28,0.03,0.36,0,0.01,0,0.01
MorenaCardella,0,0,0,0,0,0,0,0,0,1.0
DarkheartUnique,0.05,0.03,0,0,0.12,0.74,0.04,0.01,0,0
jordangroeningx,0,0,0,0,0,0.95,0,0.03,0,0
TayskiOutInCali,0.16,0,0,0,0,0,0,0.83,0,0
Lifefactss__,0.02,0,0,0,0.01,0.71,0.26,0,0,0
LnceTbfnda,0.18,0,0,0.06,0.03,0.19,0,0,0.19,0.34
SillyLili_11,0.13,0,0,0,0,0.67,0,0.2,0,0
Mhalia11,0,0,0,0,0.19,0.03,0,0,0.5,0.28
Jenn_Benn,0.04,0.01,0,0.02,0.65,0.22,0.06,0,0,0
StSinner1,0.33,0.24,0,0.03,0.07,0,0.07,0,0,0.25
MohdAriadi,0,0,0,0,0,0.39,0,0.06,0.55,0
wh__destiny,0,0,1.0,0,0,0,0,0,0,0
SnipinSully,0.62,0,0,0.06,0.02,0.15,0,0.14,0,0
katiagalicia,0.05,0.02,0,0.08,0.44,0.39,0,0.01,0,0
Flavviie_,0,0,0,0,0.02,0.97,0,0,0,0
j_Chivas29,0.08,0.04,0,0,0.03,0.12,0,0.67,0,0.04
herr_rockn,0.15,0.24,0,0,0.25,0.01,0.3,0,0.05,0
ChriSaunders,0.18,0.02,0,0,0.04,0.67,0,0.08,0,0
juancaimarek,0,0,0,0,0,0,0,0,0,1.0
mochekke,0.04,0,0,0,0.11,0.79,0.04,0.02,0,0
cathi_serra,0,0,0,0,0,0.7,0,0.28,0,0
olddouche,0.07,0,0,0,0.03,0.67,0.05,0.17,0,0
Claire_Ros27,0.05,0,0,0,0.33,0.07,0,0,0.26,0.29
T_Rex93a,0,0,0,0,0.04,0.37,0,0.58,0,0
ArthaBliss,0,0,0,0,0.22,0.15,0,0,0.34,0.28
LaBella_Diamond,0,0,0,0,0.38,0.27,0,0.35,0,0
__RAWood,0.19,0,0,0,0.12,0.5,0.02,0.16,0,0
03872trdb,0,0,1.0,0,0,0,0,0,0,0
BeneGae,0.39,0,0,0.01,0.04,0.24,0,0.25,0.06,0
RudeMarto,0,0,0,0,0,0.02,0,0.05,0,0.92
alexa_grant,0.09,0,0,0,0.02,0.39,0.03,0.45,0,0
unboundpage,0.13,0.16,0,0,0.26,0.25,0.19,0,0,0
AarynMasangcay,0.02,0,0,0,0.07,0.34,0.01,0.55,0,0
Scoarnec2,0,0,0,0.93,0,0,0,0.03,0,0.04
alvaromontes725,0.08,0,0,0.69,0.02,0.15,0,0.01,0,0.04
yuka15918010,0.01,0.01,0.01,0.38,0.52,0.01,0.01,0.01,0.01,0.01
Iza_RochaMatos,0.1,0,0,0.02,0.25,0.41,0,0.05,0.06,0.11
eddyvera0,0,0,0,0,0,0.5,0,0.49,0,0
indy_velez,0.01,0,0,0,0,0.47,0,0.51,0,0
teeacupppp,0,0,0,0,0,0.56,0,0.41,0.02,0
arctichowll,0,0,0,0,0.08,0.76,0,0.01,0.11,0.03
difarmesa,0,0,0,0,0,0,0,0,0,1.0
LesslyDmgz,0.06,0,0,0,0.02,0.5,0,0.17,0,0.25
bbcottt,0,0,0,0,0,0.44,0,0.56,0,0
KathyBunny,0,0,0,0,0,0.55,0,0.45,0,0
samife101,0,0.12,0,0,0.06,0,0.09,0,0.73,0
dreamcastpop,0.17,0,0,0,0.15,0.58,0,0.08,0,0
rafaelkwesley,0,0,0,0.05,0,0,0,0,0,0.95
WickedAngelLil,0.23,0,0,0,0.06,0.52,0.17,0.02,0,0
hayleymccutie,0.03,0,0,0,0.06,0.83,0,0.06,0,0
EmmaDarch,0.04,0,0,0,0.12,0.72,0,0.11,0,0
FriidaaNilsson,0.06,0,0,0,0,0.82,0,0.1,0,0
glynncharn,0.05,0,0,0.72,0.08,0.12,0,0.03,0,0
FaZePryZee,0.92,0,0,0,0,0,0,0.07,0,0
followme_ok,0,1.0,0,0,0,0,0,0,0,0
Nick_Pettigrew,0.11,0,0,0.16,0.12,0.43,0.16,0.01,0,0
akshay_chauhan,0.04,0,0,0.09,0.11,0.23,0.17,0.05,0.3,0
Wimwanud,0,0.01,0,0,0.02,0.9,0,0.02,0.03,0
incorrperated,0.16,0.02,0,0,0,0.67,0.08,0.06,0,0
Nine_Inch_Beef,0.04,0,0,0.01,0.1,0.3,0,0.53,0,0
Lau_deRiiveyra,0,0,0,0,0,0,0,0,0,0.99
EventStylingZA,0,0.91,0,0.08,0.01,0,0,0,0,0
jak_paddy,0,0,0,0.12,0,0.69,0,0.2,0,0
Dino_Saur1,0.32,0.01,0,0,0.11,0.32,0.07,0.04,0.12,0
PhatCapBeats,0.8,0.02,0,0,0,0,0,0.18,0,0
amndlno,0,0,0,0,0,0.08,0,0.19,0.5,0.22
EskimoKeleher,0.71,0,0,0.04,0.09,0.14,0,0.02,0,0
katmbenno,0.04,0,0,0.67,0.09,0.17,0,0.01,0.01,0
norihure_ne8949,0.02,0.31,0.02,0.2,0.02,0.02,0.02,0.02,0.02,0.37
udaqueness,0.31,0.09,0,0,0,0.3,0.28,0,0,0.03
ellie_keller21,0.01,0,0,0,0.05,0.79,0,0.15,0,0
EnrichettaWarde,0,0,0,0,0,0.9,0,0.1,0,0
akash_emraan,0.01,0,0,0,0.27,0,0,0,0.7,0
kyunggaysoo,0,0.31,0,0,0,0,0,0,0.5,0.19
KingTBerry,0.03,0,0,0.28,0.05,0.1,0.01,0.43,0.09,0
stephmarylee,0,0,0,0,0,0.36,0,0.64,0,0
zaefromda9,0,0,0,0,0,0.03,0,0.97,0,0
MadMacdonald,0.05,0,0,0,0.15,0.65,0.02,0.13,0,0
IAintShxt_Yet,0,0,0,0,0.69,0,0,0.3,0,0
_chelllle_,0.18,0,0,0.01,0.14,0.6,0.01,0.05,0,0
sabrinamurphy_,0.07,0,0,0,0.02,0.69,0,0.21,0,0
valentinaaaaaxx,0.01,0,0,0,0.02,0.86,0,0.09,0.02,0
Live_Love_Nice,0,0.01,0,0,0.04,0.28,0,0.64,0.02,0
rentaterminal,0,0.05,0.01,0.12,0,0,0.82,0,0,0
TrolleyMaushi,0,0,0,0.02,0.2,0,0,0,0.78,0
samiran1109,0.13,0.06,0,0.03,0.03,0,0.74,0,0.01,0
ijatsnake,0.03,0.02,0,0.01,0,0.36,0.15,0.17,0.26,0
LakeshaAntoniew,0,0,0,0,0,0,0,0,0,1.0
amit_chodhary,0,0,0,0,0,0,0,0,1.0,0
mohammed7579,0,0,0,0.99,0,0,0,0,0,0
ZombieBabyyy,0,0,0,0,0,0.45,0,0.55,0,0
Louiestowell,0.02,0,0,0,0.4,0.33,0.24,0,0,0
teamleaa,0.1,0.03,0,0.02,0.79,0,0,0,0.04,0.02
AlexandraTihane,0.03,0.02,0,0,0,0.82,0.08,0.03,0.01,0
Liizzzzyyy,0.04,0.01,0.13,0.02,0.04,0.53,0,0.04,0.18,0
IntensiveAIM,0.19,0.01,0,0.19,0.52,0,0,0.08,0.01,0
yuukiandryuunen,0.04,0.39,0,0.03,0.15,0.26,0,0.09,0.02,0
foneribby,0,0,0,0.24,0.61,0.13,0.01,0,0,0
BilyRobledo,0.15,0.07,0,0.03,0,0,0.47,0,0.04,0.25
LadiiYams,0,0,0,0,0.03,0.05,0,0.9,0,0
carina_andrada,0,0,0,0,0,0,0,0,0,1.0
pete_stanley,0.13,0.05,0,0.25,0.39,0.15,0.02,0,0,0
davidclee818,0,0.14,0,0,0.07,0.6,0.16,0,0,0
AnonDitto,0.11,0,0,0,0,0.32,0.05,0.49,0.02,0
JoachimBeckh,0,0.15,0,0,0,0,0.85,0,0,0
dmfa20915,0,0,1.0,0,0,0,0,0,0,0
Dukong_taeng,0.02,0.01,0,0,0.35,0.04,0,0,0.55,0.01
Fr3nchfry1,0,0,0,0,0.07,0.56,0.02,0.35,0,0
ClusterCOD,0.54,0,0,0.03,0.11,0.1,0,0.22,0,0
nouranatasha,0,0,0,0,0,0.41,0,0.1,0.49,0
karaagetencho,0.46,0,0,0.35,0.15,0,0,0,0.04,0
Fuuggz,0,0,0,0,0.01,0.86,0,0.11,0,0
02633gnlc,0,0,1.0,0,0,0,0,0,0,0
Thaisbfelippe,0,0,0,0,0.07,0.65,0,0.08,0.02,0.18
formvalidation,0,0.03,0,0,0.18,0,0.79,0,0,0
iammaf_,0.02,0.03,0,0.13,0,0.03,0,0.02,0.76,0
shilah_boo17,0,0,0,0,0.13,0.29,0.14,0.4,0.04,0
RichardYoungSt,0.35,0.02,0,0.01,0.03,0.44,0.1,0.04,0,0
meganmcgee_,0,0,0,0,0,0.92,0,0.07,0,0
MustWantedMX,0,0.21,0,0.08,0.09,0.06,0,0,0,0.57
lillie_stark,0,0,0,0.02,0,0.68,0.02,0.27,0,0
KristieGnar,0.07,0,0,0,0.1,0.63,0.02,0.18,0,0
BiskuitOreo,0,0.17,0,0.05,0,0,0,0,0.74,0.03
johnnychronix,0.3,0.05,0,0,0.29,0.23,0.08,0.03,0.01,0
riccardossigeno,0,0.05,0,0.1,0,0,0.03,0,0,0.82
indotix,0,0.04,0,0,0,0,0,0,0.96,0
Qubammish,0,0.01,0,0,0.26,0.26,0.15,0.05,0.25,0
Christinaaa__xo,0.09,0.02,0,0,0.09,0.77,0,0.04,0,0
CrystalKuehl,0.04,0.01,0,0,0.76,0.18,0,0,0,0
brk_news_now,0.04,0,0,0.01,0,0,0.95,0,0,0
_Marseille,0.02,0.1,0,0,0.56,0.1,0.04,0.14,0.03,0
Lesbicanarias,0.09,0,0,0.02,0.21,0.11,0.09,0.02,0.01,0.45
cindyjuarez6,0,0,0,0,0.4,0.37,0.02,0.2,0,0
breendapillai_,0,0.05,0,0,0.03,0.86,0,0.03,0.03,0
erectionchan,0.42,0.5,0.01,0.01,0.01,0.01,0.01,0.01,0.01,0.01
_romelie22,0,0,0,0,0,0.75,0,0.04,0.16,0.05
_Telebah,0,0,0,0,0.01,0.65,0.04,0.29,0,0
CelineDionFans2,0,0.08,0.78,0,0.14,0,0,0,0,0
Tyler_Stunt,0.03,0,0,0.01,0.15,0,0,0.7,0.1,0
KendallRegina,0,0,0,0,0,0.65,0,0.33,0,0
Scottiesls,0.07,0,0,0,0.01,0.79,0,0.12,0,0
maryumizme,0,0,0,0,0.04,0.68,0.03,0.04,0.22,0
Deluxe_922,0.58,0,0,0,0.11,0.1,0,0.2,0,0
DebiSnyder,0.43,0,0,0.01,0.22,0.24,0.09,0.01,0,0
sideSHOWtoma,0.17,0,0,0,0.03,0.32,0.17,0.18,0.11,0
jakevball,0.42,0,0,0,0,0.37,0,0.2,0,0
Delossantosccp,0,0,0,0,0,0.35,0,0.65,0,0
kiala3nidad,0,0.02,0,0,0.01,0.7,0,0.09,0.07,0.1
MarketThought1,0,0,0,0,0.2,0,0.72,0,0.08,0
LucasGraells,0,0,0,0,0,0,0,0,0,1.0
NaraLeidy,0,0,0,0,0,0,0,0,0,1.0
TheJhongTitle,0,0,0,0,0.06,0.72,0,0.04,0.13,0.06
NorpolFootball,0,0,0,0.8,0.04,0,0.15,0,0,0
wz_p7,0.03,0.03,0.03,0.03,0.03,0.48,0.32,0.03,0.03,0.03
Babthorpe,0.01,0,0,0.29,0.12,0.54,0,0.04,0,0
belieberxx97,0,0,0,0,0.9,0.04,0,0,0.05,0
Neptbell,0.23,0.01,0,0.03,0.29,0.15,0.02,0,0.01,0.27
PrimateMgmt,0,0.03,0,0,0.97,0,0,0,0,0
gjdhddd,0.05,0.05,0.05,0.05,0.05,0.05,0.05,0.55,0.05,0.05
itslinamarie,0.06,0,0,0.03,0.48,0.26,0,0.17,0,0
swadeshnews,0.07,0,0,0,0,0,0.9,0,0.03,0
lifenutrition,0,0,0,0,0.23,0,0.74,0,0.03,0
wiz_ibro,0,0,0,0,0,0,0,0.07,0.92,0
MecitTUFEKCIOLU,0,0,0,0,0,0,0.18,0,0.17,0.61
__XIXVIII,0,0,0,0,0,0,0,0.99,0,0
Makakaila,0.02,0,0,0.04,0.04,0.39,0.47,0.04,0,0
krohn_dome,0.51,0,0,0.01,0.11,0.19,0.14,0,0.02,0
i_hjoor,0,0,0,0,0.02,0.78,0,0.03,0.17,0
viDhavii_,0,0,0,0.23,0,0,0,0,0.74,0.02
Isabellaa_h,0,0,0,0,0,0.18,0,0,0.54,0.27
seandoncito,0.57,0,0,0,0,0.03,0,0.38,0,0
MyBoysMumx2,0,0,0,0.07,0.17,0.65,0.05,0.05,0,0
CaliGamer87,0.57,0,0,0,0,0,0,0,0,0.42
JessiFreerickss,0,0,0,0,0,0.89,0,0.11,0,0
gurnardd,0.06,0,0,0.12,0,0.57,0,0.23,0,0
nntacya,0,0,0,0,0.28,0.71,0,0,0,0
fxzxe,0,0,0,0,0,0.06,0.02,0.01,0.92,0
JohnLouca,0,0,0,0,0.02,0.66,0.03,0.26,0.03,0
0313sexy_kento,0.6,0.34,0,0,0,0,0,0,0,0
_amysantillan,0.04,0,0,0,0,0.51,0,0.44,0,0.01
Taehyuns_ARMY,0,0,0,0.09,0.2,0.49,0,0.02,0.19,0
malayZii,0,0.18,0,0.01,0.29,0,0,0,0.51,0
IvanAllanPoe,0.36,0,0,0,0.02,0.07,0.21,0.31,0.01,0
ScuderiaF1Fan,0.36,0,0,0.02,0.23,0.27,0.02,0.1,0,0
exoternal,0,0.02,0,0,0.11,0.57,0,0.04,0.17,0.1
Itslexx16,0,0,0,0,0.33,0.4,0,0.27,0,0
SheliceWallace,0,0,0,0,0,0.89,0,0.1,0,0
tanya_tiller,0.04,0,0,0,0,0.02,0.91,0,0.02,0
stwa29209,0,0,1.0,0,0,0,0,0,0,0
YBMGMRep,0.44,0.14,0,0,0.12,0,0.02,0.26,0,0
_tibbyyy,0.02,0,0,0,0.04,0.46,0.02,0.45,0,0
Alexandra__Rock,0,0,0,0.02,0.04,0.88,0.03,0.01,0,0
drzevetchin,0.13,0,0,0,0.05,0.12,0.66,0.03,0.01,0
FaraahMA,0,0,0,0,0,0,0,0.03,0.97,0
jerome559,0.22,0,0,0,0.05,0.49,0.03,0.2,0,0
ashtonthegoat,0,0,0,0,0,0.97,0,0.02,0,0
VSaenz_17,0,0,0,0,0,0.6,0,0.4,0,0
cokegold,0.04,0.03,0,0,0.15,0.32,0,0.44,0.02,0
kenilworthBar,0,0,0,0.53,0.44,0,0,0,0.04,0
hdygdt2,0.03,0.03,0.03,0.03,0.03,0.03,0.03,0.7,0.03,0.03
_NDubayan,0.01,0,0,0.61,0.01,0.19,0,0.13,0.04,0
Federicoperez_8,0,0,0,0,0,0,0,0,0,1.0
TEZY_T,0.15,0,0,0,0.01,0.03,0,0.54,0.26,0
kaylagovernor,0,0,0,0,0,0.71,0,0.29,0,0
spe77pp,0.01,0.01,0.01,0.01,0.01,0.62,0.27,0.01,0.01,0.01
rxmez,0.18,0.02,0,0.03,0.08,0.01,0.05,0.59,0.04,0
alimaraty,0,0.12,0,0,0,0,0.03,0,0.85,0
abydarmz,0,0,0,0,0,0.46,0.04,0.38,0.12,0
kentavius_3,0.15,0,0,0,0,0.02,0,0.83,0,0
Tranae_xo,0.17,0.01,0,0,0.11,0.58,0.03,0.09,0,0
jyuken_eitango,0.05,0.05,0.05,0.05,0.05,0.05,0.05,0.55,0.05,0.05
TheCurtisBlow,0.14,0,0,0,0,0,0,0.85,0,0
Maracunt,0.02,0.22,0,0,0,0.67,0.06,0.02,0,0
Olivia_Howship,0,0,0,0.06,0.15,0.79,0,0,0,0
dutchmaster_lex,0.17,0.03,0,0.08,0.45,0.02,0.02,0.24,0,0
SilberWorldNews,0.03,0.04,0,0,0,0,0.93,0,0,0
jxilimuy,0,0,0,0,0.29,0.08,0,0,0.5,0.13
arialldat,0,0,0,0,0.06,0.04,0.03,0.85,0,0
xxCuteHdsz,0,0,0,0,0,0.71,0,0.23,0.06,0
michaelbarbz22,0.2,0,0,0.34,0.03,0.33,0.02,0.07,0,0
painofmalice,0,0,0,0,0,0.87,0,0.13,0,0
gabyacanales,0,0,0,0,0,0.31,0,0.04,0,0.65
sandi_cheekss,0,0,0,0,0,0.56,0,0.42,0,0
_caragordon,0.24,0.01,0,0.01,0,0.65,0.06,0.01,0,0
MeganCauserx,0,0,0,0,0,0.85,0,0.15,0,0
bekkysabasaba,0.05,0.05,0.05,0.05,0.05,0.05,0.05,0.55,0.05,0.05
__HAYOON,0,0.22,0,0,0,0.73,0,0,0,0
jesusflorescon,0,0,0,0.06,0,0,0,0,0,0.94
Mike_T_Lopez,0.14,0,0,0,0.02,0.49,0.26,0.09,0,0
karencopeland94,0,0,0,0.05,0.08,0.83,0.02,0.02,0,0
26102stwa,0,0,1.0,0,0,0,0,0,0,0
roberta25s,0.24,0.07,0,0.14,0,0,0.53,0,0,0
_NXMO,0.23,0,0,0,0.01,0.07,0.03,0.64,0,0
aSouthIndian,0,0.02,0,0,0.21,0.12,0.08,0,0.56,0
rhiannetw_,0,0,0,0,0.62,0.36,0,0.01,0,0
valicolea,0.01,0.09,0,0,0,0,0.62,0,0,0.28
Pigsblow1,0.38,0,0,0,0.02,0.06,0,0.54,0,0
n_Clouds,0,0.04,0,0,0.26,0,0.7,0,0,0
Scott_McLellan1,0.01,0,0,0.14,0.67,0.1,0,0.08,0,0
BarackObama_top,0,0.54,0,0,0,0,0.46,0,0,0
cavechic,0.2,0,0,0,0.45,0.3,0.03,0.01,0.01,0
GEArchitects,0,0,0,0,1.0,0,0,0,0,0
MasonMagruder,0.11,0,0,0,0.07,0.62,0.15,0.04,0,0
tryanto_s,0,0,0,0,0,0.05,0,0,0.95,0
balldontlie9,0.12,0,0,0.19,0,0,0.01,0,0,0.68
MrNoahItALL,0.13,0,0,0,0.12,0.11,0.62,0.02,0,0
dianaxtrejo,0,0,0,0,0,0.46,0,0.53,0,0
FikriFiq1,0,0,0,0,0,0.38,0,0,0.61,0
MisterKwakuJ,0.23,0,0,0.38,0,0.09,0.05,0.19,0.05,0
ITAINTCAD,0.65,0,0,0,0.03,0,0.04,0.28,0,0
gocyjepaw,0,0,0,0,0,0,1.0,0,0,0
SianEBones,0.07,0,0,0.16,0.26,0.43,0.07,0,0,0
MotorPartsDir,0,0.09,0,0.35,0.42,0,0.07,0,0.06,0
19stavros81,0.05,0,0,0.29,0.01,0.17,0.32,0.02,0.14,0
hx_chen99,0,0,0,0,0,0.91,0,0.02,0.06,0
hafsahailey1,0.05,0.05,0.05,0.05,0.05,0.05,0.05,0.55,0.05,0.05
jeppersannn,0,0,0,0,0.02,0.68,0.09,0.19,0,0
natsuyuri019,0.02,0.02,0.02,0.02,0.02,0.02,0.02,0.02,0.02,0.85
lilginger_360,0,0,0,0,0,0.11,0,0.87,0,0
cl4ppyG,0,0.03,0,0.75,0,0.13,0,0.02,0.02,0.04
bangtan1306_,0,0.03,0.01,0,0.15,0.02,0,0,0.78,0
Idksok,0.02,0,0,0,0.02,0.92,0,0.03,0,0
Aakarsh_sree,0,0.14,0,0,0,0.05,0.59,0.02,0.21,0
chrisophren,0.14,0.4,0,0.1,0,0.09,0.15,0,0.11,0.02
kev_jago,0.46,0,0,0,0.06,0.33,0,0.12,0.02,0
joantanzuen,0,0,0,0,0.03,0.85,0.01,0.09,0.01,0
isara36,0.05,0.05,0.05,0.05,0.05,0.05,0.05,0.55,0.05,0.05
Melizmelon,0,0,0,0,0.35,0.25,0,0.4,0,0
portonathalia,0.01,0.11,0,0,0.1,0.21,0.01,0,0.06,0.5
jessica_wilcock,0,0,0,0,0.16,0.81,0,0.03,0,0
todd_diesel95,0.36,0,0,0,0.1,0.04,0,0.5,0,0
94Fifty,0.74,0.05,0,0,0.2,0,0.01,0,0,0
_loveeaij,0,0,0,0,0.42,0,0.02,0.56,0,0
BlogdaTM,0,0,0,0,0,0,0.03,0,0,0.97
erinurban,0.03,0,0,0,0.02,0.74,0,0.2,0,0
GeorgeArmitage1,0,0,0,0.09,0.35,0.52,0.03,0,0,0
HoiElvis,0,0,0.47,0,0,0.08,0,0.25,0.2,0
Sir_Rubialex,0.42,0,0,0.03,0,0,0.02,0.02,0.21,0.28
gavinparle,0,0,0,0.04,0.09,0.81,0.05,0,0,0
insha325_SM,0,0,0,0.01,0.42,0.08,0,0,0.49,0
chloeebennett22,0,0,0,0,0.05,0.93,0,0,0,0
aldisha_tamara,0,0,0,0,0,0.48,0,0.09,0.43,0
nicoleplayer16,0,0,0,0,0,0.51,0,0.49,0,0
JennSTEM,0,0,0,0.05,0.63,0,0.29,0,0.02,0
duanyien96,0,0,0,0,0.42,0,0,0,0.57,0
LongLiveAnt,0.03,0,0,0,0.02,0.03,0,0.84,0.05,0.03
Barmenhr,0.01,0.69,0,0.1,0.02,0,0,0,0.18,0.01
wolfinhd,0.54,0,0,0,0.05,0.14,0,0.27,0,0
tim_zorich,0.71,0,0,0.02,0.19,0.06,0,0,0.02,0
semnome1223,0,0,0,0,0,0.08,0,0.19,0,0.73
connmack30,0.17,0,0,0.01,0.13,0.47,0.02,0.19,0,0
Nuubbiiaaa,0,0,0,0,0,0.83,0,0.16,0,0
MLB_Scores_,0.71,0.04,0,0.06,0,0,0.18,0,0,0.01
obeyastrid,0,0,0,0,0,0.28,0,0.71,0,0
SebaCisternaas,0.02,0.02,0,0,0,0.44,0.02,0.18,0.02,0.31
MujeresPlay,0.06,0.12,0,0,0,0,0,0,0,0.81
raulmerom,0.42,0.14,0,0.14,0.02,0,0,0,0.04,0.26
princee_josiah,0.57,0.02,0,0,0.01,0,0,0.39,0,0
clpauwels,0.03,0,0,0,0.53,0.11,0.32,0,0.01,0
Haruto_osomathu,0.03,0.03,0.03,0.03,0.03,0.7,0.03,0.03,0.03,0.03
javi_alanis,0.03,0.04,0,0.02,0,0,0.21,0,0,0.7
crueinvest,0,0.23,0,0,0.13,0.04,0.59,0,0,0
Drhm1234,0,0.26,0,0,0,0,0,0,0.74,0
Mali,0,0,0,0.01,0,0,0.99,0,0,0
Prmhavika6gmail,0,0,0,0,0,0,0.37,0,0.58,0.04
zeddikins,0.6,0.02,0,0,0.09,0.14,0.1,0.05,0,0
barbieriqkdwane,0.99,0,0,0,0,0,0,0,0,0
SantinoPanone,0.04,0,0,0,0.67,0,0,0.22,0.07,0
Bankruptcy2mBoo,0.1,0.03,0,0.04,0.33,0.1,0.36,0.01,0.03,0
nomaslosers,0,0,0,0.13,0,0,0,0,0.6,0.27
TeaHoover,0.09,0.03,0,0.02,0.37,0.39,0.1,0,0,0
emely_danielle_,0,0,0,0,0.2,0.55,0,0.24,0,0
xSaabss_,0,0,0.02,0,0,0.8,0,0.1,0.08,0
namastx,0,0,0,0,0.13,0.59,0,0.01,0.01,0.24
pem_cocoa,0.05,0.05,0.05,0.05,0.05,0.05,0.05,0.55,0.05,0.05
Ayo_Antwan41,0.16,0,0,0,0,0.02,0,0.82,0,0
tppomi,0.03,0,0,0,0.02,0.51,0.03,0.4,0,0
omggaby,0.05,0,0,0,0.21,0.72,0,0,0,0
emmett_fox,0.05,0,0,0.32,0.07,0.39,0.01,0.15,0,0
Akashtv1,0,0,0,0,0.06,0.02,0.78,0,0.13,0
Jackelyn_xx,0.06,0,0,0.03,0.18,0.7,0,0.02,0,0
itsbieberrs,0.02,0,0,0,0.05,0.49,0,0,0.1,0.34
roberts_jillian,0,0,0,0,0.1,0.61,0.01,0.28,0,0
1DLittleSecret,0.08,0.01,0,0.08,0.19,0.61,0,0,0.02,0
lentoicortel,0.09,0,0,0.04,0.07,0.61,0.01,0.07,0.06,0.03
tonisheyasb,0.02,0,0,0,0.02,0.26,0,0.7,0,0
Smoove_Religion,0,0,0,0,0,0,0,1.0,0,0
Yesenialuvz,0,0,0,0,0,0.74,0,0.26,0,0
YEHI209,0.19,0,0,0,0,0.16,0,0.64,0,0
yoooitsJordan,0.2,0,0,0,0.02,0.06,0,0.72,0,0
ItTraynor,0,0,0,0,0.44,0.55,0,0,0,0
Mphoputini,0.02,0.01,0,0.04,0.53,0.15,0.06,0.03,0.16,0
rachelbleh,0,0.02,0,0,0.03,0.68,0,0.13,0.14,0
lovettejam,0.1,0.05,0,0,0.16,0,0.6,0,0.08,0
caesquivel04,0.2,0.03,0,0.02,0.2,0.33,0.2,0,0,0
butterflyburgos,0,0,0,0,0,0.89,0,0.08,0.03,0
valeyos,0.18,0,0,0,0.12,0.32,0,0,0.04,0.34
claaassic_alex,0.23,0.01,0,0,0.16,0.53,0,0.05,0.01,0
The1stREDWAL,0.98,0,0,0,0,0,0,0,0.01,0
Fabio_Natali,0.03,0.77,0,0.08,0,0,0.12,0,0,0
emogrl420,0.04,0,0,0,0,0.58,0.04,0.33,0,0
yaboy_kell,0.27,0,0,0,0,0.07,0,0.66,0,0
sianroberts670,0.03,0.02,0,0.12,0.36,0.43,0,0,0.03,0
joverman16,0.33,0,0,0,0.04,0.53,0.04,0.04,0,0
RosewoodBAPE,0.01,0.08,0,0,0,0,0,0.65,0.26,0
iDanColeman,0.1,0,0,0,0.38,0.07,0.31,0.14,0,0
pipitnyots,0,0,0,0,0,0,0,0,0.98,0.02
NickMendieta,0.24,0,0,0,0,0.11,0,0.64,0,0
Big_mag1,0.21,0,0,0.02,0.1,0.58,0.06,0.05,0,0
KhuloodAlNaqbi1,0.05,0.05,0.05,0.05,0.05,0.05,0.05,0.55,0.05,0.05
akaasartule,0,0,0,0.11,0.04,0.25,0.4,0.06,0.14,0
tswiftandbands,0.04,0.03,0,0,0.13,0.77,0,0,0.02,0
LOVATOPDOWN,0.07,0.06,0,0,0.17,0.32,0,0,0,0.37
dwellenstein,0,0,0,0,0.99,0,0,0,0,0
adila145,0,0,0,0,0,0.25,0,0,0.75,0
mitchmalady,0.01,0.02,0,0.1,0.1,0.67,0.1,0,0,0
arrobalipee_,0,0,0,0,0,0,0,0,0,1.0
ruthlessyesenia,0,0,0,0,0,0.36,0,0.63,0,0
FadyOnsy2,0,0,0.07,0,0,0,0,0.02,0.89,0.02
graceharpeer,0.07,0,0,0,0.02,0.82,0,0.08,0,0
elliemcwilliams,0,0,0,0.02,0.22,0.73,0,0.02,0,0
Physique_Pride,0,0,0,0,0,0.17,0.03,0.8,0,0
geraldin_cf,0.05,0,0,0,0.85,0.03,0,0,0.01,0.04
itzel_mtz11,0,0,0,0,0,0.51,0,0.48,0,0
BRUNOCANQUERINI,0,0,0,0,0,0,0,0,0,1.0
camdollarsign,0.12,0,0,0,0.06,0,0,0.69,0.13,0
hsrryestyIes,0,0,0,0,0,0.54,0,0,0,0.46
essam71312,0.05,0.05,0.05,0.05,0.05,0.05,0.05,0.55,0.05,0.05
KJenks11,0.42,0,0,0.13,0.17,0.11,0,0.17,0,0
aayush2101,0,0,0,0,0,0.29,0.26,0,0.44,0
Mamdouhmone,0.05,0.05,0.05,0.05,0.05,0.05,0.05,0.55,0.05,0.05
erin_jamieson,0,0,0,0,0,0.8,0,0.2,0,0
behro00oz,0.52,0,0,0.06,0,0,0.39,0,0,0.01
bureyy,0.66,0,0,0,0,0.02,0,0.31,0,0
brookins13,0,0,0,0,0,0.68,0,0.32,0,0
red_fen,0,0,0,0.07,0.02,0.2,0.7,0,0,0
xianlims,0,0,0,0,0.27,0,0,0,0.16,0.57
emeraldsequator,0,0,0,0,0.05,0.2,0,0,0.75,0
TheJoshlax,0.47,0,0,0.04,0.2,0.26,0.01,0.02,0,0
extra_royalty,0.07,0,0,0.23,0.14,0.02,0.15,0,0.37,0
imaROCKstar1200,0.28,0,0,0.01,0.24,0.32,0,0.15,0,0
Fiona_Bruce,0.02,0.02,0,0.26,0.46,0.17,0.06,0,0,0
ShafaNujoma,0.07,0,0,0.15,0.17,0.33,0.14,0.09,0.06,0
FemiMykael,0.09,0,0,0.36,0.05,0.27,0.02,0.18,0.03,0
charleybear7,0,0,0,0.08,0.52,0.37,0.02,0,0,0
Str8ballNtwoOne,0.68,0,0,0,0.06,0.07,0,0.09,0.09,0
BethanyRaferty,0,0,0,0.03,0,0.87,0,0.1,0,0
conqasport,0.04,0,0,0.45,0.28,0,0.24,0,0,0
SharanAdlem,0.02,0,0,0.03,0.57,0.37,0,0.01,0,0
nmbleke,0.05,0.05,0.05,0.05,0.05,0.05,0.05,0.55,0.05,0.05
MalindaSmink,0,0,0,0,0,0,0,0,0,1.0
NellyOranje,0.09,0,0,0.74,0,0,0.07,0.01,0,0.09
abieeamoez,0,0,0,0.01,0,0,0,0,0.98,0
yineiriet,0.01,0,0,0,0.01,0.76,0,0.21,0,0
Rep_World_Peace,0.03,0,0,0,0,0.01,0,0.96,0,0
aaronpc59,0.03,0,0,0.01,0,0,0,0,0,0.96
kavitac18,0,0,0,0,0,0,0,0,1.0,0
xotiaa_,0.03,0,0,0,0.02,0.2,0,0.73,0,0
AustinTodd11,0,0,0,0,0,0,0.99,0,0,0
white_blondie22,0,0,0,0,0.04,0.71,0,0.25,0,0
FRANCISNDOLO3,0,0,0,0.03,0.09,0.03,0.62,0.02,0.21,0
keeeen91019,0.05,0.05,0.05,0.05,0.05,0.05,0.05,0.55,0.05,0.05
cdamodel,0.09,0.11,0,0.02,0.45,0.04,0.02,0.24,0.02,0
telehitamame,0.12,0.06,0,0.02,0.07,0.45,0,0,0,0.27
believier,0.02,0.01,0,0,0.34,0.36,0,0.04,0,0.23
LuthfiPut15,0.03,0.02,0,0.03,0,0,0,0,0.92,0
ronypoop,0.03,0,0,0.02,0.2,0.43,0.07,0.08,0.05,0.1
ethanshumski4L,0.39,0,0,0,0.12,0.28,0,0.19,0,0
SalomeeHewitt,0,0,0,0,0.89,0.01,0,0.09,0,0
FraserMair,0.01,0.04,0,0.11,0.19,0.58,0.06,0.01,0,0
fatimaxox1,0.04,0,0,0,0.11,0.79,0,0.03,0.02,0
iWonHunnit,0,0,0,0,0,0,0,1.0,0,0
cherrybombs_xo,0.01,0,0,0.02,0.14,0.82,0,0,0,0
Destinyuhva,0.15,0,0,0.01,0.03,0.3,0.47,0.02,0,0
ahmadniyzar_,0,0,0,0.25,0,0,0,0,0.75,0
MarcusLofstrom,0.45,0,0,0.14,0,0.11,0.22,0,0.06,0.01
spilacious001,0.12,0.05,0,0.05,0.09,0.03,0.11,0.21,0.34,0
damnrainydays,0.12,0.03,0,0,0.06,0.4,0.04,0.33,0,0
BuyMore_Condoms,0.11,0,0,0,0,0.12,0.02,0.73,0,0
bricalver,0.28,0.02,0,0.03,0.17,0.23,0.15,0.07,0.04,0
sanjayator,0.05,0,0,0.13,0,0,0.55,0,0.25,0.01
sooso61,0,0,0,0,0,0,0,0,0.97,0
lycaonthropes,0.06,0,0,0,0.05,0.82,0.05,0,0,0
laatee_,0,0,0,0,0,0,0,1.0,0,0
DominickAzores1,0.74,0,0,0,0.03,0.08,0,0.14,0,0
MsKristii,0.01,0.04,0,0.03,0.29,0.4,0.06,0.02,0.07,0.07
itsAnu_,0.02,0,0,0,0,0.57,0,0.4,0,0
martmannion,0.18,0,0,0.52,0.06,0.14,0.01,0.05,0,0.04
joedealsallday,0,1.0,0,0,0,0,0,0,0,0
Silent_J_,0.12,0,0,0.2,0.13,0.19,0.06,0.29,0,0
queeen_kyaannna,0,0,0,0,0,0.12,0,0.87,0,0
____choppa,0.04,0,0,0,0.03,0.08,0,0.81,0.03,0
Pass_Da_Canobis,0.02,0,0,0,0.01,0.05,0,0.91,0,0
Peepee_2015,0,0,0,0,0,0.16,0,0.83,0,0
gunyfuxenex,0.03,0,0,0.01,0,0.1,0.76,0.08,0,0
CupidStunt_,0.02,0,0,0.09,0.14,0.6,0,0.15,0,0
HelgeLeduc,0,0,0,0,0,0.93,0,0.06,0,0
UppercutSlut,0.27,0,0,0.01,0,0.41,0.07,0.23,0,0
so65__,0.05,0.05,0.05,0.05,0.05,0.05,0.05,0.55,0.05,0.05
br_britni,0,0,0,0,0,0.81,0,0.19,0,0
TechNewsTrend,0.06,0.09,0,0,0.08,0.04,0.7,0,0,0
dstinodmocracia,0,0,0,0,0,0,0,0,0,0.99
RoxanneShirazi,0.02,0,0,0,0.32,0.08,0.57,0,0,0
abulfarafisyah,0,0.03,0,0,0,0,0.04,0,0.9,0.02
buritclosed,0,0.07,0,0.03,0,0,0.03,0,0.52,0.35
tvs7340,0.07,0,0,0.06,0.25,0.45,0,0.15,0,0
ScienciaGeograp,0,0,0,0,0,0,1.0,0,0,0
mayraylikesmen,0.17,0.03,0,0.08,0.21,0.44,0,0.06,0,0
Sentia_UK,0,0.5,0,0.12,0.19,0,0.17,0,0.01,0
Emanwhale,0,0,0,0,0,0.2,0,0.79,0,0
liiisss_,0.07,0.09,0,0,0.04,0.2,0,0.6,0,0
siunal,0.02,0,0,0,0.02,0.06,0.67,0,0.21,0.02
54ipfhfp,0.48,0.03,0.03,0.03,0.03,0.03,0.03,0.32,0.03,0.03
4everwine,0,0,0,0,0,0,0,0,0,1.0
charsbusiness_,0,0,0,0,0.55,0.44,0,0,0,0
bowma02,0.1,0,0,0.01,0.15,0.66,0,0.08,0,0
thisbowman,0.09,0.04,0,0.05,0.14,0.14,0,0,0,0.54
ReganWoodard,0.12,0,0,0.16,0.01,0.61,0,0.1,0,0
Guimasax,0,0.2,0,0.08,0,0,0,0,0,0.72
Ashi1Li,0.24,0.02,0,0.04,0.17,0.25,0.15,0.08,0.03,0
mogulssitontop,0.15,0.11,0,0.02,0.54,0.04,0,0.15,0,0
CayleeCake_,0.03,0,0,0,0,0.73,0,0.24,0,0
basedelena,0.02,0,0,0,0,0.52,0,0.44,0,0
red_55_,0,0,0,0,0,0.45,0,0.54,0,0
christiexsh,0.07,0.02,0,0,0,0.62,0.04,0.25,0,0
pcQnm2yC38KXUTk,0,0,0,0,0,0,0,0.97,0,0
awfullylost,0,0,0,0,0.02,0.57,0,0.4,0,0
Sanchezdalbert,0.05,0.04,0,0,0.02,0.24,0.43,0.05,0.04,0.13
brhnita,0.01,0.04,0,0,0,0,0,0,0.89,0.05
yenkasi,0.11,0,0,0.18,0.18,0,0.17,0.01,0.34,0
Tetteh_Obuobi,0.11,0,0,0.16,0.08,0.28,0.09,0.16,0.12,0
marteeenez,0.01,0,0,0,0.2,0.52,0,0.25,0,0
jesensjovan,0.19,0.46,0,0.11,0,0.04,0.03,0,0.12,0.05
Guy_B13,0.22,0.06,0,0,0.1,0.21,0.07,0.34,0,0
SubThoughtz,0.75,0,0,0,0,0.03,0.01,0.2,0,0
salma_carrillo,0.03,0,0,0,0,0.91,0,0.05,0,0.02
_iCelosa,0,0,0,0,0,0,0,0,0,1.0
Ptn_Papooh,0,0,0,0.11,0,0,0,0,0.88,0
Wave88,0.03,0.01,0,0,0,0.77,0.05,0.11,0.03,0
Haitian_Hero,0.03,0,0,0,0,0.56,0,0.41,0,0
agilista_me,0.07,0.07,0.02,0.04,0.41,0.06,0.29,0,0.03,0
AOL28,0,0,0.01,0,0.29,0.09,0,0,0.37,0.23
Drunkbrunettes,0,0,0,0,0,0.61,0,0.38,0,0
jamie_pryce,0.04,0,0,0.14,0,0.77,0,0.03,0,0
Is_That_Gage,0.02,0,0,0,0.04,0,0,0.79,0.16,0
elibluejay,0.18,0,0,0,0.04,0.39,0,0.38,0,0
ashhleyserrano,0,0,0,0,0.08,0.88,0,0.03,0,0
Gianna_Yates,0,0,0,0.02,0.04,0.67,0.02,0.24,0,0
_LuVa,0.1,0,0,0,0,0,0,0.88,0,0
highimlalonnie,0,0,0,0,0.01,0.23,0,0.76,0,0
Brooklynn_BK,0,0,0,0,0,0.1,0,0.9,0,0
_BitchYouSEEMe,0.04,0,0,0,0,0,0,0.77,0.19,0
vidya_balan,0,0,0,0.12,0.21,0.13,0.26,0,0.27,0
luis_mbo,0,0,0,0,0,0,0,0,0,1.0
Rugbykoutaro_11,0.04,0,0,0.74,0.04,0,0,0,0.17,0
_kissmarissa,0,0,0,0,0,0.41,0.03,0.55,0,0
JungnanKang,0.05,0.05,0.05,0.05,0.05,0.05,0.05,0.55,0.05,0.05
1140miles,0,0,0,0,0,0.82,0,0.18,0,0
Fuugis,0.05,0.04,0,0.04,0.09,0.61,0.12,0,0.04,0
GaleTammy,0.07,0.18,0,0,0.06,0.02,0.06,0,0.6,0
MUFCfanclub,0,0,0,1.0,0,0,0,0,0,0
espinaMj,0,0,0,0.02,0.09,0.03,0,0,0.4,0.45
Zahrah_Patel,0,0,0,0.81,0.05,0.11,0,0.01,0,0
DilenDeGuia,0,0,0,0.04,0.09,0.35,0,0,0.29,0.22
TuesdayBleu,0,0.01,0,0,0.13,0.35,0.01,0.48,0,0
syriasIy,0,0,0,0,0,0.45,0.44,0.09,0.01,0
NOH8ER,0.02,0,0,0,0,0.2,0.75,0.03,0,0
cramerreece,0,0,0,0,0,0,1.0,0,0,0
char_edney,0,0,0,0,0,0.7,0,0.29,0,0
MutaHaroon,0.14,0,0,0.27,0.02,0.49,0.04,0.02,0,0
jenalove29,0,0,0,0.85,0,0,0,0,0,0.15
Christiana1114,0.02,0,0,0,0.03,0.81,0.02,0.1,0,0
jasenty_x,0,0,0,0.01,0.54,0.39,0,0.05,0,0
TrendyHuman,0,0,0,0.02,0.21,0,0,0,0.77,0
Jarshan990,0,0.51,0,0,0,0.28,0.15,0,0,0
lixjacky,0.02,0,0,0,0.23,0.21,0,0.53,0,0
watany1974,0.22,0,0,0,0.1,0.34,0.16,0,0.18,0
axia_yoon,0,0.04,0,0.16,0.51,0.12,0,0,0.16,0
aussiesharapova,0.32,0,0,0.35,0.1,0.21,0,0.01,0,0
mrdodd16,0.19,0,0,0,0.73,0.02,0,0.05,0,0.01
bthurm85,0.16,0,0,0.01,0.12,0.22,0,0.47,0,0
RuebenDydell,0.09,0.01,0,0,0.11,0.5,0.2,0.05,0.04,0
05405lktb,0,0,1.0,0,0,0,0,0,0,0
descubes,0.04,0.05,0,0.1,0.11,0.1,0.56,0,0,0.03
watsupafrica,0,0,0,0.05,0,0,0.95,0,0,0
JoeZeejose,0.05,0,0,0,0.03,0.61,0.03,0.26,0,0
Texas_Stew,0.45,0,0,0,0.03,0.3,0.1,0.11,0,0
xDevin30,0.24,0,0,0,0,0,0,0.75,0,0
KatieLovesBands,0.12,0.01,0,0,0.12,0.69,0.03,0.02,0.01,0
M7md3thman,0.01,0.01,0.01,0.01,0.01,0.89,0.01,0.01,0.01,0.01
evandwizra,0.14,0,0,0.2,0,0.08,0.13,0.06,0.36,0.01
Jeff_Co_PRIDE,0.02,0,0,0,0.21,0.14,0.55,0.09,0,0
emilykallas17,0.15,0.02,0,0,0.03,0.35,0.03,0.41,0,0
jennammm,0.08,0.02,0,0.02,0.11,0.18,0.59,0,0,0
asssssston,0.09,0,0,0,0.06,0.54,0.02,0.29,0,0
_dani_ross,0,0.02,0,0.1,0.02,0.69,0,0.17,0,0
valenriqueez,0,0,0,0,0,0.62,0,0.38,0,0
Ducks_P,0.15,0.01,0,0.01,0.09,0.67,0.02,0.02,0,0
Sean_Auditore,0.22,0.03,0,0,0.05,0.49,0.03,0.13,0.03,0.03
AyeeeBri,0.02,0,0,0,0,0.12,0,0.85,0,0
samxo__,0.05,0,0,0,0,0.81,0,0.13,0,0
lexivalvo,0,0,0,0,0,0.2,0,0.79,0,0
Roma__Capoccia,0,0.11,0,0.21,0.3,0.08,0.29,0,0,0
yayiez,0,0.23,0,0,0.52,0,0,0.24,0,0
ShotByReggie,0.29,0.21,0,0,0.07,0,0,0.41,0,0
1hashasi,0.02,0.02,0.19,0.02,0.02,0.02,0.29,0.02,0.02,0.4
nahomy1808,0,0,0,0,0,0.82,0,0.07,0,0.09
Super_flysam,0.02,0,0,0,0,0,0,0.98,0,0
zhnll98,0,0,0,0,0.19,0.57,0,0.08,0.15,0
austintucker47,0.16,0,0,0,0.02,0.25,0,0.57,0,0
jesyadoin,0.04,0.09,0,0.02,0.25,0.21,0,0,0,0.4
Nu_Dicklicious,0,0,0,0,0,0,0,0,0.99,0.01
ArgentGuy,0.13,0,0,0,0.2,0.54,0.12,0,0,0
gracegrace090,0.2,0,0,0.02,0.01,0.76,0,0,0,0
UPSLongitudes,0,0,0,0,0.18,0,0.81,0,0,0
varcel1d,0,0,0,0.08,0.22,0.65,0,0,0.04,0
tumamilensi,0.05,0,0,0,0,0.45,0.03,0.46,0,0
McLean_Scott86,0.09,0,0,0.07,0.46,0.02,0.29,0.07,0,0
djsdrive,0,0.05,0,0,0,0,0.93,0,0.01,0
yakelinee_xo,0.02,0,0,0,0.01,0.65,0,0.31,0,0
NormaBurton18,0.04,0.13,0,0,0,0.04,0.79,0,0,0
AlexandraaCasoo,0.07,0,0,0,0.02,0.7,0,0.2,0,0
themust007,0,0,0,0.03,0,0,0.96,0,0,0
Martoh_1,0.07,0.02,0,0.16,0,0.17,0.15,0.15,0.23,0.01
mengjiabae,0,0,0,0,0.04,0.4,0,0.06,0.49,0
GeageaMaria,0,0,0,0.02,0,0.91,0,0.04,0.02,0
EnriquePoehlman,0.1,0.05,0,0,0.09,0.05,0.01,0.08,0,0.6
wanderlust1101,0,0,0,0.02,0.21,0,0,0,0.77,0
lomuellzzz3,0.05,0,0,0,0.02,0.78,0,0.15,0,0
azimrajak,0.02,0,0,0.57,0,0,0.02,0,0.39,0
alex35foot,0.02,0.04,0,0.84,0,0,0.01,0.03,0,0.06
LukewarmCth,0.04,0,0,0,0.05,0.86,0,0.02,0.02,0
moblackrecords,0,0.98,0,0,0,0,0,0,0,0.02
petermcgladdery,0.09,0.02,0,0.1,0.22,0.28,0.29,0,0,0
Druckinator,0.09,0,0,0,0,0.07,0.8,0.02,0,0
itswhittt,0.04,0.02,0,0,0.06,0.82,0,0.06,0,0
anoodii_72,0.05,0.05,0.05,0.05,0.05,0.05,0.05,0.55,0.05,0.05
_ziggystar,0.02,0.01,0,0,0.71,0.23,0,0.02,0,0
bo3li_alsalmi,0.22,0,0,0.06,0.1,0.21,0.03,0.01,0.36,0
bronXraised,0,0,0,0,0.04,0.07,0,0.88,0,0
specialjayuk,0.02,0.02,0,0.15,0.55,0.04,0.21,0,0,0
karlaisakoolkat,0,0,0,0,0.04,0.63,0.01,0.31,0,0
drina_was_here,0,0,0,0.27,0.21,0.34,0.06,0.12,0,0
lombehpaye,0.01,0,0,0,0,0.29,0.06,0.64,0,0
brownieji,0.23,0.02,0,0.26,0,0,0.48,0,0,0
Van_diesel45,0.19,0,0,0,0,0.29,0.11,0.4,0,0
MarlenVina,0,0,0,0,0,0,0,0,0,1.0
breezyclarkie,0.04,0,0,0,0,0.29,0,0.66,0,0
AppealingManic,0,0,0,0,0.35,0.57,0,0.08,0,0
MyLifeIsSMG,0,0,0,0,0,0.06,0,0,0.48,0.45
AndrewBunbury,0.03,0,0,0,0,0.36,0.58,0.03,0,0
LeonyEmaHulerr,0,0,0,0,0,0,0,0,1.0,0
AboutIt_Tay,0.9,0,0,0,0,0,0,0.06,0,0.03
balbiie,0,0,0,0,0,0,0,0,0.98,0.02
JesseSmith_33,0.4,0,0,0,0.1,0.23,0,0.23,0.03,0
aabnation,0.64,0.03,0,0.07,0.06,0,0.04,0.16,0,0
CorArdens,0,0.04,0,0.13,0.33,0.18,0.32,0,0,0
mexico_jojo,0,0,0,0,0.07,0,0.07,0.86,0,0
mapichaaaan,0.03,0.03,0.03,0.03,0.03,0.03,0.03,0.03,0.77,0.03
rbh502,0.06,0.01,0,0,0,0.77,0.02,0.13,0,0
carlenefraser,0,0,0,0.05,0.04,0.85,0,0.04,0,0.01
ema_1a,0.05,0.05,0.05,0.05,0.05,0.05,0.05,0.55,0.05,0.05
xOBLiViiOUS,0.98,0,0,0,0,0,0,0,0.02,0
V4Victo,0.05,0,0,0.32,0,0.14,0.19,0.26,0.03,0
jelitaesther,0,0,0,0,0,0,0,0,1.0,0
j_wils96,0.04,0,0,0.3,0.06,0.54,0,0.06,0,0
hazal_89,0,0.02,0,0.12,0.43,0.4,0.02,0,0,0
auliasantosa29,0,0.01,0,0,0,0.02,0,0,0.94,0
dhegan17,0.13,0.01,0,0.05,0.17,0.36,0.26,0.01,0,0
CliftonCafe,0,0.4,0,0.04,0.55,0,0,0,0,0
ayeecarlito,0.01,0,0,0,0.14,0.36,0,0.48,0,0
ShanenRein,0,0,0,0,0.04,0.71,0,0.08,0.04,0.11
bakerbungle,0,0,0,0.37,0.6,0,0,0,0,0
JkJkbabu6707,0,0,0,0,0.05,0,0.4,0,0.55,0
anyaxamor,0.05,0.05,0.05,0.05,0.05,0.05,0.05,0.55,0.05,0.05
Sir_pudge,0.17,0,0,0,0.02,0,0,0.81,0,0
ZynbAl3rees,0,0,0,0,0,0.79,0,0.21,0,0
Ahmedl208,0,1.0,0,0,0,0,0,0,0,0
DailyDoseOfDee,0,0,0,0,0.05,0.04,0,0.9,0,0
AimaraGalarza,0,0,0,0,0,0,0,0,0,1.0
jainmonjain2009,0,0.04,0,0.03,0.25,0,0,0,0.67,0
Garren_Wade,0.06,0.01,0,0,0.03,0.72,0.02,0.16,0,0
Iceberg942,0,0,0,0.89,0,0,0.08,0,0,0.03
MaiteGordillo12,0,0,0,0,0,0,0,0,0,1.0
MissJess_x,0.01,0.02,0,0.05,0.05,0.71,0.04,0.09,0.02,0
StileyTweets,0.07,0,0,0.37,0.14,0.38,0,0.03,0,0
fnspoon,0.85,0,0,0,0.04,0.05,0,0.05,0,0
wovutyrukutu,0,0,0,0,0,0,1.0,0,0,0
BEbee533,0,0,0,0,0,0.98,0,0.01,0,0
JessyArchie,0,0,0,0.05,0.11,0.82,0,0,0,0
HinaFood,0.01,0.01,0.01,0.01,0.36,0.01,0.01,0.56,0.01,0.01
keelydawn_,0,0,0,0.06,0.08,0.8,0.02,0.05,0,0
ReeEcclestone,0,0,0,0,0,0.88,0,0.12,0,0
NatElaine101,0.02,0,0,0,0.02,0.45,0.01,0.5,0,0
kirstopher,0.05,0.01,0,0.14,0.33,0.46,0,0,0,0
mahendrakdatu,0,0.03,0,0,0.19,0.04,0.45,0,0.28,0
Jamaican_1luv,0.03,0,0,0.01,0.67,0.26,0,0.01,0,0
Iam_antiSocial,0.06,0,0,0,0,0.27,0.16,0.5,0,0
NakelleLoveshim,0,0,0,0,0.01,0.22,0,0.75,0,0
RaelDanny,0.09,0.03,0,0,0.02,0.02,0.84,0,0,0
ashleigh_b2016,0.03,0,0,0,0.01,0.9,0,0.03,0.02,0
FaithVelasc,0,0,0.01,0.01,0.18,0,0,0,0.5,0.28
jordanbroown,0.01,0,0,0,0,0.79,0,0.19,0,0
dygmln,0,0.02,0,0.81,0,0,0.03,0.02,0,0.12
NokeAnn,0.04,0.13,0,0,0,0.04,0.77,0,0,0
Madison_Moore16,0,0,0,0,0,0.76,0,0.24,0,0
BeckstromStacey,0.08,0.03,0,0,0.2,0.66,0,0.02,0,0
Jourdanshayy,0,0,0,0,0,0.9,0,0.1,0,0
vowodexudigu,0,0,0,0,0,0,1.0,0,0,0
DelishFish,0,0,0,1.0,0,0,0,0,0,0
bangtanhomies,0,0.04,0,0,0.03,0.34,0,0.03,0.56,0
YourToyChest,0,0,0,0.08,0,0.35,0.23,0.29,0.02,0.04
yourfrehwre,0.04,0.01,0,0,0.02,0.7,0.03,0.19,0,0
eunjiluveunji,0.07,0.03,0,0,0.28,0,0.01,0,0.6,0
8C,0.1,0,0,0,0.05,0.52,0.25,0.07,0,0
JacamusTaddamus,0.04,0,0,0.19,0.27,0.48,0,0.02,0,0
midnightcrawls,0.05,0.03,0,0.01,0.03,0.74,0.02,0.11,0,0
_Justiiice,0.04,0.03,0,0,0.02,0,0.03,0.87,0,0
ice_cold_sky_,0,0.44,0,0,0,0.53,0,0,0,0
Leo_Bancroft,0,0.04,0,0.17,0.47,0.25,0.07,0,0,0
Scrupulous7,0,0,0,0,0.03,0.51,0.08,0.05,0.33,0
DenaeMiloo,0.05,0,0,0,0,0.37,0,0.57,0,0
KatiWadeyy,0,0,0,0,0,0.71,0,0.28,0,0
fournippalos,0.03,0,0,0,0.05,0.82,0.03,0.06,0,0
tyrRANAsaurous,0.02,0,0,0,0,0.7,0.25,0.02,0,0
04864lktb,0,0,1.0,0,0,0,0,0,0,0
Lilllllaaaaay,0,0,0,0,0,0.29,0,0.71,0,0
abelsniaz,0.02,0,0,0,0.02,0.7,0,0.19,0.06,0
MorganAshline,0.19,0,0,0,0,0.73,0,0.08,0,0
MandyHudack,0,0,0,0,0,0,0,0,0,1.0
thegerb7,0.09,0,0,0,0.03,0.55,0,0.32,0.01,0
justintimeOO,0.24,0.09,0,0.12,0,0,0.52,0,0.02,0
heyitsmeMARKKK,0,0.21,0,0.01,0.22,0.18,0,0,0.24,0.13
niyahdwyer,0.06,0,0,0,0,0.37,0.02,0.55,0,0
SarahRaymane,0.02,0.02,0,0.65,0,0,0,0.07,0.22,0.02
courrtsmithh,0,0,0,0,0,0.73,0,0.26,0,0
moraneon,0.03,0,0,0,0.02,0.91,0,0.02,0,0
Grace2Build,0,0.05,0,0.87,0.03,0,0,0,0.05,0
BobLivingston,0.16,0.57,0,0.02,0.25,0,0,0,0,0
BrownskinTee_1,0,0.04,0,0,0.33,0.17,0,0.46,0,0
AliGaberAli,0,0,0,0.37,0,0,0.58,0,0,0
Tom_A_Murphy,0.06,0,0,0.47,0.27,0.17,0,0.02,0,0
rissa__09,0.02,0,0,0,0.02,0.29,0,0.66,0,0
RTfeet,0,0.06,0,0.03,0.35,0.44,0,0.09,0.02,0
Marisa8993Mary,0,0,0,0,0,0,0,0,0,1.0
Piyayaaaa,0,0,0,0,0,0.32,0,0.06,0.44,0.17
RomCielo,0,0,0,0,0.02,0.61,0,0.17,0,0.2
KateJ_10,0.22,0.04,0,0.02,0.65,0.02,0.05,0,0,0
steffanylopess1,0,0.02,0,0,0,0,0,0.07,0,0.91
kanabaa,0,0,0,0.16,0,0,0,0,0,0.84
Ayeneellasoxx,0,0,0,0,0.01,0.4,0,0.02,0.32,0.24
ojfabolouslife,0.07,0,0,0,0,0.03,0,0.89,0,0
milksebaek,0.03,0,0,0,0.28,0.35,0,0.05,0.27,0
chifumnanyao,0,0,0,0.02,0.08,0.5,0.09,0.14,0.16,0
SiouxieAbell,0,0,0,0,0,0.97,0,0.03,0,0
26521stwb,0,0,1.0,0,0,0,0,0,0,0
honeylito17,0,0,0,0,0.24,0.07,0,0,0.35,0.33
herndonrachael,0.39,0.02,0,0.05,0.13,0.04,0.35,0,0,0
iGetCurved,0.22,0,0,0,0,0.06,0,0.71,0,0
Rebecca_Skye,0,0.02,0,0.1,0.07,0.8,0,0,0,0
OlgaGoo,0.01,0,0,0,0.32,0.22,0.03,0,0.29,0.12
_zxchi,0,0,0,0,0.02,0.54,0,0.05,0.38,0
Valayism,0.07,0.03,0,0.01,0.05,0.41,0.25,0.02,0.16,0
RageofFury,0.12,0,0,0,0.25,0.34,0.12,0.12,0.05,0
nahbutsrsly,0.22,0,0,0.1,0.37,0.23,0.07,0,0,0
jill_jull,0.03,0.02,0,0.24,0.26,0.34,0.11,0,0,0
GabiBonorino,0,0,0,0,0,0,0,0,0.06,0.94
fedesammartin,0,0,0,0,0,0,0,0,0,1.0
colbythecreator,0.01,0,0,0,0,0.45,0,0.53,0,0
YaGirlLoveMeBro,0,0,0,0,1.0,0,0,0,0,0
OllieAttoe,0.1,0,0,0.4,0.06,0.38,0,0.06,0,0
AshleyChrysler,0.02,0,0,0,0.02,0.63,0,0.33,0,0
DThcknSexc1,0.04,0,0,0,0.07,0.43,0.06,0.38,0,0
prtmADIn,0.04,0.05,0,0.06,0,0,0.1,0,0.74,0
sena_kishito,0.05,0.05,0.05,0.05,0.05,0.05,0.05,0.55,0.05,0.05
tropicaltides,0.1,0,0,0,0.05,0.76,0,0.07,0,0
Jlinewautier,0,0,0,1.0,0,0,0,0,0,0
stoshie27,0.33,0,0,0,0.03,0.4,0,0.24,0,0
tinywiny101,0.03,0,0,0,0,0.42,0,0.53,0,0
sismishtraining,0,0,0,0,0,0.97,0,0.02,0,0
anakkosttt,0,0,0,0,0,0,0,0,0.99,0
kazmiraemery,0,0,0,0,0.01,0.52,0,0.47,0,0
QuentinBavridge,0,0,0,0,0,0.97,0,0.03,0,0
pheRawrrr,0,0,0,0,0,0.24,0,0,0.74,0
glassbeadian,0.07,0.01,0,0,0,0.03,0.86,0.02,0,0
BruhLookAtThis,0.19,0.01,0,0,0.02,0.09,0.05,0.64,0,0
uttunfan_,0,0,0,0,0.48,0.07,0.2,0,0.23,0
nienlam,0.2,0.02,0,0.03,0.31,0.23,0.18,0.02,0.01,0
KatieWaxer,0.03,0,0,0,0.01,0.91,0,0.05,0,0
mat7t7,0.07,0.01,0,0.23,0.36,0.2,0.09,0.01,0.02,0
clioweb,0.07,0.03,0,0,0.52,0.11,0.27,0,0,0
lsl_xo,0,0,0,0,0,0.51,0,0.49,0,0
SoundCityMiz,0.23,0.17,0,0,0.17,0,0.06,0.36,0,0
MadisonW44,0.12,0,0,0,0,0.75,0,0.13,0,0
ribkashi,0.48,0.01,0.01,0.01,0.29,0.01,0.01,0.01,0.01,0.17
wendypauyon,0,0,0,0,0,0.7,0,0.06,0.16,0.07
mikemeginnis,0.14,0,0,0,0.22,0.5,0.14,0,0,0
aarold01,0.09,0,0,0.73,0,0.04,0,0.13,0,0
kaybabbyyy,0.27,0,0,0.01,0,0.59,0,0.13,0,0
kvnyeshrug,0.03,0,0,0,0.1,0.37,0.04,0.43,0,0
SimonRiley1,0.16,0,0,0.13,0.03,0.48,0.06,0.13,0,0
iHateDineshaa,0,0,0,0,0.01,0.27,0,0.72,0,0
NatashaNetzley,0,0,0,0,0,0.78,0,0.21,0,0
SharonGPlunkett,0.13,0.02,0,0.02,0.12,0.07,0.64,0,0,0
TashpointO0,0.02,0,0,0,0,0.84,0,0.12,0,0
GERARDDDDoo,0.16,0,0,0.01,0,0.19,0.01,0.61,0,0.01
ShayeWilkowske_,0,0,0,0,0,0.89,0,0.1,0,0
xCodeineKillerx,0.17,0.02,0,0,0,0.29,0.09,0.43,0,0
oktarinrin,0,0,0,0,0,0.32,0,0.03,0.64,0
REEEEmiix_Baby,0.08,0.06,0,0,0.09,0,0,0.62,0.16,0
llllivv,0.06,0,0,0,0.14,0.01,0,0.73,0.05,0
Alrushaidat,0.11,0,0,0,0.08,0,0.58,0,0.22,0
bbcof83,0.6,0.01,0,0.08,0.16,0.1,0.04,0,0,0
50ShadzofGold,0.66,0,0,0.06,0.01,0.07,0,0.19,0,0
Nannaklausen,0.01,0.01,0,0,0.65,0.2,0,0.01,0.11,0
HardbodyQuan,0.04,0,0,0,0,0,0,0.95,0,0
mariaulloa72,0,0.04,0,0,0,0,0.06,0,0,0.89
IsaiahWallace5,0,0,0,0,0,0,1.0,0,0,0
SQR_ghamed,0.01,0.01,0.01,0.01,0.01,0.01,0.24,0.01,0.68,0.01
SGDinero97,0.03,0.02,0,0,0.03,0.01,0.03,0.87,0,0
openlegacy,0,0,0,0,0.15,0,0.85,0,0,0
Joebar22,0,0,0,0.82,0,0,0.15,0,0,0.03
WorldRugby7s,0.09,0,0,0.91,0,0,0,0,0,0
abdogmy1,0,0.87,0,0,0,0,0,0,0.13,0
caltommyhood,1.0,0,0,0,0,0,0,0,0,0
majesticoakley,0.1,0.02,0,0,0.03,0.83,0,0,0,0
_Fabjr,0.03,0,0,0,0.41,0,0,0.46,0.1,0
lazer_laz,0.04,0,0,0.07,0.04,0.07,0.03,0.69,0.05,0
TayloRoo,0.15,0.02,0,0,0.09,0.54,0.1,0.1,0,0
MissElliePhipps,0.06,0,0,0,0.02,0.83,0.01,0.07,0,0
veroo_nickaa,0,0,0,0,0.02,0.79,0,0.19,0,0
KristiLynn,0.56,0.1,0,0,0.08,0.24,0,0,0.01,0
_beatrizrivera,0,0,0,0,0,0.18,0,0.82,0,0
javierbarkley,0,0.22,0,0,0,0,0,0,0,0.78
Goldiexantana,0,0,0,0.03,0,0,0,0.96,0,0
soyoujung,0,0,0,0,0.93,0,0,0,0,0
ItsJillLokenDoe,0,0,0,0,0,0.56,0,0.23,0.21,0
BIGBaller___,0,0,0,0,0,0.04,0,0.96,0,0
jennayeshulas,0,0,0,0,0,0.81,0,0.19,0,0
NoName40672977,0,0,0,0.21,0,0.4,0,0.39,0,0
veronicareiner,0.06,0,0,0,0.01,0.82,0,0.1,0,0
Patella_LG,0.09,0.03,0,0,0.28,0.6,0,0,0,0
bakerstreetbee,0.02,0.03,0,0.05,0.19,0.67,0.04,0,0,0
JuggaMagicNinja,0.02,0,0,0,0.04,0.63,0.02,0.28,0,0
ilovetrisha811,0,0.02,0,0,0.25,0.59,0.04,0,0.04,0.05
amynmore,0,0.05,0,0.07,0.47,0.39,0.02,0,0,0
pngfootball50,0.19,0,0,0,0.07,0.49,0,0.25,0,0
Al3nziBdr,0,0,0,0,0,0.92,0,0,0,0
Elle_Anna_rose,0.04,0,0,0,0,0.67,0.02,0.27,0,0
AILYS_TheOffer,0,0,0,0,0.7,0,0,0,0,0.3
kissmeimkitt,0,0,0,0,0,0.76,0.03,0.2,0,0
StephanieT519,0,0,0,0,0,0.76,0,0.24,0,0
Eduardo_Guedez,0,0.02,0,0,0.33,0.02,0.44,0,0.18,0
Deth_Ben,0.11,0,0,0,0.22,0.53,0.11,0.02,0,0
JoanaGabizinha,0,0.1,0,0,0,0,0,0,0,0.9
jennachiapas,0,0,0,0,0.23,0.08,0.68,0,0,0
j_wizzle20,0.37,0,0,0,0,0.17,0,0.46,0,0
sara_moosa2,0.1,0,0,0.02,0.07,0.66,0.09,0.02,0.04,0
Okolie_ibm,0.03,0,0,0.36,0.05,0.22,0.01,0.19,0.12,0
gilhakuno,0.02,0,0,0,0.2,0.55,0,0,0.2,0.03
this_is_teyak,0,0,0.01,0.01,0.31,0.04,0,0,0.42,0.2
TheGunM4g,0.16,0.07,0,0.02,0.26,0.1,0.33,0.04,0.03,0
Kobe2333,0.74,0,0,0,0,0.04,0,0.21,0,0
jennamdy,0.12,0,0,0,0.15,0.67,0,0.05,0,0
llalmeida99,0.35,0,0,0.1,0.02,0.39,0,0.11,0,0.02
Gainsbarough,0.19,0.02,0,0.56,0,0.05,0.11,0,0.03,0.04
yogasetiawan08,0,0,0,0.58,0,0,0,0,0.41,0.01
youngalexande15,0.11,0,0,0.09,0,0,0.73,0,0,0.07
iRenjiAbarai,0,0,0,0,0.93,0,0,0.03,0.04,0
Salomguez,0,0,0,0.92,0,0,0,0,0.07,0
Shannaaaa_,0,0.01,0,0.1,0,0.66,0,0.23,0,0
negreteeashley,0,1.0,0,0,0,0,0,0,0,0
HAIRTRlCKS,0.02,0,0,0,0,0.75,0.05,0,0.18,0
sarsha121,0,0,0,0,0,0,0.38,0.57,0,0
CynquettaDean,0.17,0.01,0,0,0.01,0.23,0.11,0.46,0,0
SheilaBabington,0.04,0.13,0,0,0,0.04,0.78,0,0,0
csickem4,0.02,0,0,0,0,0.7,0,0.28,0,0
LATibbetts,0.22,0,0,0,0.61,0.12,0.01,0.01,0,0.02
kaitlintay,0,0,0,0,0,0.82,0.02,0.15,0,0
JRockErrday,0.21,0,0,0,0.02,0.04,0,0.72,0,0
angeurysm,0.05,0.02,0,0,0.03,0.73,0.06,0.12,0,0
PromiseGrande_,0.03,0,0,0,0.1,0.84,0,0,0.03,0
GabrielleWang,0,0.03,0,0.06,0.53,0.11,0.27,0,0,0
MsTj_Siqila,0.03,0.01,0,0.05,0.03,0.42,0.12,0.31,0.02,0
yogurl_skylar,0.08,0,0,0,0,0.42,0.01,0.48,0,0
Jenlouu,0,0.01,0,0.13,0.29,0.53,0.01,0.01,0,0
MorganAshlynn,0.06,0,0,0,0.04,0.65,0,0.25,0,0
SAWINDERSINGH12,0,0,0,0,0,0,0.99,0,0,0
brookewaibel,0,0,0,0,0,0.75,0,0.23,0,0
muxiqboi,0.07,0.01,0,0.15,0.03,0.29,0.04,0.41,0,0
Liguirofobico,0.25,0.1,0,0.29,0,0.08,0.01,0.02,0,0.22
coughssparkles,0,0,0,0,0.03,0.96,0,0,0,0
gavinsweeney,0.09,0,0,0.09,0.24,0.52,0.05,0,0,0
monanazz,0.1,0.13,0,0.06,0.04,0.61,0,0,0.06,0
bre_snop,0.07,0.03,0,0.75,0.13,0,0,0,0,0.02
ChoradiyaMehul,0,0,0,0,0.01,0.03,0.71,0,0.24,0
CCUSABiz,0,1.0,0,0,0,0,0,0,0,0
jaxycarter,0,0,0,0.08,0.21,0.66,0,0.05,0,0
fisheyedmeenaxi,0.01,0.02,0,0.03,0.13,0.09,0.6,0,0.11,0
AbadisForest,0.3,0.02,0,0,0,0.52,0.11,0.03,0,0
bambamtwins,0.02,0.01,0,0.03,0.15,0.67,0.11,0.01,0,0
ahxinnn_,0,0,0,0,0,0.77,0,0.22,0,0
princess__jesse,0,0,0,0,0,0.61,0,0.39,0,0
Lungstablaze,0.02,0,0,0.03,0.01,0.3,0.32,0.27,0.05,0
SarbjeetInsan1,0,0,0,0,0,0,0,0,1.0,0
orindasfinest,0.38,0,0,0,0.08,0.4,0.08,0.05,0,0
gen_karin,0.05,0.05,0.05,0.05,0.05,0.05,0.05,0.55,0.05,0.05
Valentina_tina7,0,0,0,0.83,0.07,0,0,0,0.1,0
LiteAS_aFEATHER,0,0,0,0,0.56,0.14,0,0.3,0,0
InAMangoWalk,0,0,0,0.04,0.17,0.62,0.13,0.02,0,0
_colvin,0,0,0,0,0,0.75,0,0.24,0,0
allybarronn,0,0,0,0,0,0.87,0,0.13,0,0
MarijoSalaas,0,0,0,0,0,0,0,0,0,1.0
ScarfFash,0,0.84,0,0.05,0,0.09,0,0,0,0.01
OrtizShs,0.1,0,0,0,0.05,0.4,0.02,0.42,0,0
VickyyNieeeto98,0,0,0,0,0,0,0,0,0,1.0
falcondelta81,0.6,0,0,0.01,0.04,0.03,0.01,0.3,0.01,0
tanmanlaflaree,0.02,0,0,0,0,0.05,0,0.93,0,0
qua_lowkeythoe,0,0,0,0,0.35,0,0,0.65,0,0
kecarter_,0.1,0,0,0,0.07,0.05,0,0.75,0,0
dOLLjayy,0,0,0,0,0.04,0.11,0,0.83,0,0
Snaildot,0,0,0,0,0.38,0.47,0.01,0.08,0.05,0
denistancl,0.02,0.08,0,0,0.2,0.01,0.66,0,0.03,0
YogiDaGoat,0.26,0,0,0,0,0,0,0.72,0,0
viitranquillo,0,0,0,0,0,0.71,0,0.17,0,0.11
mirandalhouse,0,0,0,0,0.03,0.76,0,0.2,0.02,0
Fellywanjiku,0.02,0,0,0,0.41,0.15,0.04,0.15,0.23,0
topceilingfans,0,0.27,0,0.12,0.03,0,0.58,0,0,0
MeganSigrist,0.07,0,0,0.04,0.08,0.77,0.01,0.03,0,0
fawwazfarhan,0.06,0,0,0.36,0,0,0.06,0,0.51,0
anisajade_xx,0,0,0,0.02,0,0.8,0.06,0.11,0,0
cel_1982,0,0,0,0,0.3,0.19,0,0,0.23,0.26
mathewmm28,0,0,0,0.01,0.83,0.12,0.02,0.03,0,0
chinchilla_310,0.15,0.03,0,0.03,0.04,0.06,0.01,0.66,0,0
rays_lalola,0,0,0,0,0,0,0,0,1.0,0
pablogj14,0.37,0,0,0.03,0,0,0.01,0,0.29,0.28
AmErica_Murphy,0.03,0,0,0.01,0.2,0.69,0.02,0.04,0,0
danielleburgoyn,0,0,0,0,0,0.96,0,0.03,0,0
cavalli1972,0.19,0.01,0.01,0.01,0.01,0.01,0.01,0.01,0.7,0.01
SnootyKyraK_,0,0,0,0,0,0,0,1.0,0,0
cody_brewer,0.63,0,0,0.02,0.07,0.18,0,0.11,0,0
positone,0,0.47,0,0,0.52,0,0,0,0,0
smriti449,0.01,0,0,0.13,0.21,0.34,0.09,0.12,0.1,0
ConnelSage,0.45,0,0,0,0.05,0.4,0.03,0.06,0,0
f98650ba2264434,0,0,0,0,0,0.07,0.88,0,0.04,0
KarenCoquito,0.04,0,0,0.02,0.01,0.01,0,0,0,0.91
MeralKyncck,0.06,0,0.17,0,0,0,0.12,0,0.39,0.26
83826slhd,0,0,1.0,0,0,0,0,0,0,0
oproprioTEKNIK,0.23,0.13,0,0.02,0.07,0,0.02,0.33,0.08,0.12
shygal1391,0.03,0,0,0,0.03,0.72,0,0.2,0,0
BizzleYonce,0.01,0.02,0,0,0.14,0.58,0,0.24,0.01,0
MoJo_RN,0,0,0,0,0.1,0.53,0.23,0.12,0,0
NDolegiewicz,0,0,0,0,0,0,0,0,1.0,0
nayaralovatic15,0.05,0.05,0.05,0.05,0.05,0.05,0.05,0.55,0.05,0.05
DanDanswilliams,0.18,0.02,0,0.03,0.04,0.47,0,0.24,0.02,0
SpitOnMeNow,0.59,0,0,0.03,0,0.05,0,0.32,0,0
jimoanism,0,0.02,0,0,0.11,0.7,0,0.04,0.12,0
xeniaechols,0.07,0,0,0,0,0.36,0,0.57,0,0
briannazeyhnn,0,0,0,0,0,0.47,0,0.53,0,0
tya_s__,0,0,0,0.03,0.05,0.62,0.07,0.18,0.05,0
camiich1D,0,0,0,0,0.17,0.1,0,0,0,0.73
2CC,0.03,0,0,0.12,0.07,0.02,0.74,0,0,0
MRS_TEEN_WOLF,0.06,0,0,0,0.05,0.61,0,0.23,0.04,0
lilee_rose,0.19,0,0,0,0.22,0.51,0,0.02,0.06,0
MayliR,0,0,0,0,0.9,0.09,0,0,0,0
MusicAchCouncil,0.04,0.02,0,0,0.32,0,0.61,0,0,0
mOoMi1m,0,0,0,0,0,0.8,0,0.2,0,0
CBiscuit116,0,0,0,0,0.09,0.55,0,0,0.36,0
PangilinanZher,0,0,0,0,0,0.52,0,0.05,0.32,0.11
ChunkyCheek1,0,0,0,0,0,0.04,0,0.79,0.17,0
irenegorde,0.15,0.06,0,0.11,0,0,0.65,0,0.02,0
fashionbyrd,0.08,0,0,0.02,0.5,0.07,0,0.33,0,0
nekodoruBox,0.04,0,0,0,0.17,0.74,0.04,0.01,0,0
kitenge,0.27,0.06,0,0,0.13,0.14,0.4,0,0,0
ultimatepulse,0.93,0,0,0.06,0,0,0,0,0,0
OlgaIfv,0.06,0.01,0,0.03,0.05,0.54,0,0,0.17,0.14
nursyxh,0,0,0,0,0,0.75,0,0.11,0.14,0
CheesyKev,0.02,0,0,0.06,0,0.14,0,0.78,0,0
TJack2014,0,0.04,0,0,0,0.78,0,0.18,0,0
judithjosee,0,0,0,0,0.01,0.76,0,0.22,0,0
sydneybanford,0,0,0,0,0.01,0.83,0,0.16,0,0
BubuYezzi6,0,0,0,0,0,0,0,0,0,1.0
theKTB,0.15,0.04,0,0.03,0.3,0.38,0.07,0.01,0.01,0
mmadiiee,0,0,0,0,0,0.9,0,0.1,0,0
Aabbbyy_,0,0,0,0,0,0.58,0,0.41,0,0
K_Smith_NZ,0.14,0,0,0.5,0,0.16,0,0.19,0,0
cARAbALSAM0,0.01,0,0,0,0.01,0.83,0,0.14,0,0
nadine_roca,0,0,0,0,0.04,0.33,0,0.63,0,0
cervantestweets,0.28,0,0,0,0.07,0.48,0,0.16,0,0
AdamBressler,0.23,0.04,0,0.09,0.2,0.13,0.28,0.04,0,0
ArielaMoreno,0,0.7,0,0,0,0,0,0.01,0,0.28
IzzatiMatSaberi,0,0.03,0,0,0,0.45,0.03,0.04,0.45,0
uristgo,0,0,0,0,0,0,0,0,0,1.0
yvk60,0.05,0.05,0.05,0.05,0.05,0.05,0.05,0.55,0.05,0.05
anjeljaneh,0.03,0,0,0,0.37,0.58,0,0.01,0,0
afifaabdjalil,0,0,0,0,0,0.59,0,0.09,0.32,0
badia420,0.13,0,0,0.09,0.01,0.05,0.15,0.01,0,0.55
CroomPam,0.04,0,0,0,0.24,0.02,0.61,0,0.08,0
Billgateslove,0,0,0,0,0.13,0.36,0.02,0.46,0.03,0
ManuSolivella7,0,0,0,0.14,0,0,0,0,0,0.86
Hozer93,0.04,0,0,0,0.09,0.33,0,0.54,0,0
Bunnyloversyou,0.11,0.02,0,0,0.13,0.6,0.06,0.06,0,0
soniaa242,0,0,0,0,0,0,0.08,0,0.92,0
mariahmendez__,0.07,0,0,0,0.04,0.73,0,0.09,0.07,0
_marieclare,0.01,0.02,0,0.02,0.04,0.47,0.14,0.26,0.02,0
BelSeQueMeAmas,0,0,0,0,0,0.14,0,0.07,0,0.79
zenn_enechi,0.15,0.02,0,0.09,0.06,0.48,0.02,0.16,0.02,0
liiissaK,0.01,0,0,0,0,0.82,0,0.16,0,0
abaldonero,0.02,0.02,0,0.06,0.49,0,0.38,0,0.02,0
nohup,0,0,0,0,0,0,0.96,0,0,0
Brand0n_Ellis,0.05,0,0,0,0.03,0.09,0,0.83,0,0
xkatiealishax,0,0,0,0.06,0.02,0.91,0,0.02,0,0
woolystyles,0,0.02,0,0.03,0.11,0.84,0,0,0,0
hailzmcheezy,0,0,0,0,0,0.89,0.05,0.05,0,0
athertonjc,0,0.28,0,0.16,0.12,0,0.45,0,0,0
maythesegura,0,0,0,0,0,0.51,0,0.11,0,0.38
carlotafranco2,0,0,0,0,0,0.02,0,0.07,0,0.9
BLAC_MONA_LISA,0.01,0,0,0,0.04,0.3,0,0.65,0,0
queenaleezy,0,0,0,0,0,0.44,0,0.56,0,0
johnantoine9,0.31,0,0,0.06,0.04,0.19,0,0.4,0,0
Toowoomba_Info,0.01,0,0,0.04,0.13,0.07,0.73,0,0,0
indsbierton,0,0,0,0.06,0.01,0.81,0,0.12,0,0
royallyhurt,0,0,0,0,0,0.8,0.02,0.05,0.11,0
adamfleming96,0.06,0,0,0.53,0,0.27,0.02,0.11,0,0
hartotodinataok,0,0,0,1.0,0,0,0,0,0,0
chen_2911,0,0,0.14,0.01,0,0.39,0,0.36,0.1,0
alanalovee,0.04,0,0,0,0.06,0.8,0,0.1,0,0
tootsiebye,0.01,0,0,0,0,0.9,0,0.08,0,0
HCXBS,0,0,0,0,0.09,0,0.06,0,0.84,0.01
LauraDMTLJ,0,0,0,0,0,0,0,0,0,1.0
NBSSAP,0,0,0,0,0.17,0,0.83,0,0,0
jssicum,0,0,0,0,0,0.33,0,0.67,0,0
Brooklynnnn3,0,0,0,0,0,0.78,0,0.22,0,0
dmfa20871,0,0,1.0,0,0,0,0,0,0,0
Carpevinumblog,0,0.12,0,0.07,0.38,0,0.07,0,0,0.36
YunQian212121,0,0,0,0,0,0.9,0,0.09,0,0
scarletfana,0,0,0,0,0.01,0.22,0,0.07,0,0.69
FearTheNando,0.36,0.01,0,0.01,0.07,0.19,0,0.35,0,0
HeartLikeADog,0,0.66,0,0,0.08,0.12,0.13,0,0,0
kaylacook_,0.03,0,0,0,0.01,0.81,0,0.14,0,0
Junior95100,0,0.02,0,0.93,0,0,0,0,0,0.04
KWEEN_Ci,0,0,0,0,0.05,0.19,0.03,0.7,0.03,0
ZeusKoSnow,0,0,0,0,0,0,0,0,0,1.0
EmilyHara,0.03,0,0,0,0.01,0.85,0,0.11,0,0
briannamarselle,0.14,0,0,0,0.03,0.65,0,0.19,0,0
ashleyrenee2291,0,0,0,0,0.01,0.78,0,0.2,0,0
Mago4_alex,0,0,0,0,0,0,0,0,0,0.99
Eyyy_Flaca,0,0,0,0,0.02,0.67,0,0.29,0,0.01
Dyosalevel999,0,0,0,0,0.05,0.37,0,0.05,0.28,0.26
Astrobrandology,0.17,0.05,0,0,0.11,0.15,0.44,0.08,0,0
AshiAkira,0,0,0,0.59,0.26,0.05,0.05,0.04,0,0
510cherly,0.05,0.12,0,0,0.56,0.09,0,0,0.17,0
frjessie,0,1.0,0,0,0,0,0,0,0,0
LeighPeace,0,0.02,0,0,0,0.87,0.06,0.03,0.02,0
TLengeling,0.06,0.01,0,0,0.26,0.35,0.3,0.02,0,0
LubnaAlsaleh_,0,0,0,0,0,0,0,0,0.98,0
tbqueerh,0.09,0,0,0,0.05,0.8,0.02,0.03,0,0
Lala_jonnae,0,0,0,0,0,0.25,0,0.75,0,0
Sumankarki05,0,0,0,0.53,0,0,0.32,0,0.14,0
BalrajInsan,0,0,0,0,0,0,0,0,1.0,0
sto_o,0.13,0.11,0,0.24,0.25,0.03,0.24,0,0,0
gadgetifo,0,0.12,0,0,0,0,0.87,0,0,0
kaylancarlsonB,0.01,0,0,0,0.02,0.83,0.02,0.12,0,0
nadaaax0,0,0,0,0,0,0.56,0,0.44,0,0
MMohsen29,0.05,0.05,0.05,0.05,0.05,0.05,0.05,0.55,0.05,0.05
MarcPatterson89,0.18,0,0,0.47,0.03,0.25,0,0.06,0,0
ColsAndrea20,0,0,0,0.03,0.03,0.18,0,0.73,0.02,0
mackkieeee,0,0,0,0,0.58,0.19,0,0.23,0,0
seansumner10,0.26,0,0,0,0.08,0.31,0,0.34,0,0
iwritefordrake,0.1,0,0,0.08,0,0.25,0.18,0.38,0,0
muhness,0,0,0,0,0,0.66,0,0.32,0,0
lhynneirish,0,0,0,0,0,0.82,0,0.02,0.07,0.09
anabibah_,0,0,0,0,0,0.29,0,0.01,0.7,0
JBR_AlK,0.06,0,0,0.57,0.02,0.24,0,0.07,0.05,0
klieze,0.05,0,0,0,0.08,0.29,0,0.35,0.09,0.13
fannyy_babee,0,0,0,0,0,0.32,0,0.68,0,0
RosieRenner,0.02,0.03,0,0.06,0.03,0.33,0.21,0.02,0.31,0
mighanica,0,0,0,0,0,0.36,0.04,0,0.59,0
AndrewHopkins15,0.22,0,0,0.46,0.16,0.15,0,0,0,0
Becci_Chan,0.22,0.47,0,0,0,0.24,0,0,0.04,0.03
dudeblood,0.24,0.05,0,0,0.12,0.48,0.01,0.1,0,0
kelsterwhytey,0.02,0,0,0.61,0.17,0.19,0,0.01,0,0
PhorthWonder,0.34,0.02,0,0.03,0.16,0.01,0.09,0.31,0.05,0
laceyweisshull,0.03,0.01,0,0,0.04,0.79,0.06,0.07,0,0
MadelineSterlin,0.07,0,0,0,0.02,0.85,0,0.06,0,0
watcher256,0.19,0,0,0,0.43,0.19,0.19,0,0,0
kenjeong,0.13,0,0,0,0.79,0.08,0,0,0,0
Wolfe_2Gs,0.11,0,0,0,0.05,0.06,0,0.77,0,0
mDAVIDrr_,0,0.06,0,0.02,0.04,0,0.88,0,0,0
omar_abdlbasset,0,0.01,0,0.1,0,0.04,0,0,0.85,0
olddirtysweater,0.7,0,0,0.14,0.09,0.02,0,0.05,0,0
Hanmarieexx,0,0,0,0,0,0.86,0,0.14,0,0
Kayzalfante,0,0,0,0.03,0.16,0.42,0,0.09,0.21,0.09
teabagNpoppins,0.17,0.03,0,0,0.04,0.53,0.02,0.17,0.02,0
DMariette,0,0,0,0.71,0,0,0.17,0,0,0.11
noellyjanice,0,0,0,0,0,0.05,0,0.95,0,0
EliteGroupAlain,0.05,0.19,0,0.29,0.04,0.02,0.3,0.07,0.04,0
KMega23,0,0.2,0.13,0,0,0,0.37,0,0,0.27
MorganStolpa,0.04,0,0,0,0.03,0.9,0,0.03,0,0
_AshleyMarie1,0,0,0,0,0.09,0.4,0,0.5,0,0
katybugg_,0.09,0,0,0,0.06,0.79,0,0.06,0,0
foxman0608,0.04,0,0,0.57,0.32,0.05,0,0.02,0,0
virgin_kakoti,0,0.12,0,0.03,0,0,0,0,0.81,0.04
cissatimm,0.11,0.05,0,0,0,0.38,0,0,0,0.46
thecindymiralxx,0,0,0,0,0.2,0.34,0,0.03,0.14,0.28
lisalodin,0.43,0.02,0,0,0,0.23,0,0,0.23,0.1
itsmeyayel,0,0,0,0,0.14,0.1,0,0,0.27,0.48
lucianasimoes,0.15,0.05,0,0,0,0,0.08,0,0.13,0.59
SumMannShit,0.02,0,0,0,0,0,0,0.98,0,0
rox_e_isfab,0,0,0,0,0,0.52,0,0.33,0,0.14
Madaaaam_,0,0,0,0,0,0.18,0,0.81,0,0
john_foley,0.12,0.12,0,0,0.01,0.46,0,0.29,0,0
AyyRokaa,0.09,0,0,0,0.02,0.64,0.03,0.22,0,0
AGattoB_TCH16,0,0,0,0,0.69,0.08,0,0.2,0.02,0
danikaharrod,0.07,0.01,0,0,0.19,0.59,0,0.11,0.02,0
AmiliaPermataS,0,0,0,0,0,0,0,0,0.96,0.04
AudreyTCarroll,0.04,0,0,0,0.39,0.45,0.11,0,0,0
johnnyutah66,0.23,0.02,0,0.12,0.33,0.22,0.08,0,0,0
meagbelline19,0.03,0,0,0,0.06,0.9,0,0,0.01,0
nicolelove_com,0.05,0.05,0.05,0.05,0.05,0.05,0.05,0.55,0.05,0.05
Meryconley,0.03,0,0,0,0.01,0.35,0.02,0.02,0,0.57
SelenaaBiancaa,0.07,0,0,0,0.03,0.61,0,0.29,0,0
K_Fdes,0,0,0,0.09,0,0.12,0.12,0.03,0,0.64
EstellePedreira,0,0,0,0.67,0,0,0,0,0,0.27
butl31006,0,0,1.0,0,0,0,0,0,0,0
NS_bink,0,0,0,0,0.03,0.08,0.07,0,0.61,0.21
Dizzie2k,0.37,0.03,0,0,0.16,0.25,0.06,0.11,0,0
in2o14,0,0,0,0,0.12,0.03,0,0,0.85,0
JMinords,0.03,0,0,0.4,0,0.46,0,0.11,0,0
sugastahp,0,0.08,0.03,0,0.09,0.53,0,0.05,0.22,0
ChildersMorgan,0,0,0,0,0,0.8,0,0.2,0,0
ASBuford,0.87,0,0,0.05,0.04,0,0.03,0,0,0
danielle4334,0.14,0,0,0,0,0.58,0,0.27,0,0
SheaSkye,0,0,0,0,0,0.62,0,0.38,0,0
PeaceSchmidt,0.02,0.02,0,0.04,0.09,0.77,0,0,0,0.06
xolei_,0,0,0,0,0,0.39,0,0.6,0,0
gtfbh,0.02,0.02,0.02,0.02,0.02,0.02,0.02,0.02,0.85,0.02
xskyhook,0.03,0,0,0,0.03,0.6,0.03,0.3,0,0
ShannonKRobson,0.01,0.02,0,0,0.01,0.75,0.03,0.18,0,0
chelssawaya,0.11,0.01,0,0.01,0.2,0.64,0,0.03,0,0
sheila0314,0,0,0,0.02,0.3,0.02,0,0,0.37,0.27
JCeliin,0,0,0,0,0,0,0,0,0,1.0
syssa75_,0,0,0,0,0,0.66,0,0.34,0,0
MadisonUlm,0.15,0,0,0,0,0.7,0,0.15,0,0
carbine10101,0.09,0,0,0,0.03,0.24,0.23,0.4,0,0
jr_firefight68,0.37,0.03,0,0.03,0.05,0.1,0.4,0.02,0,0
iamporgy,0.01,0,0,0,0.06,0.64,0.1,0.18,0,0
imSantino,0.02,0,0,0,0.03,0.25,0,0.1,0.35,0.25
sampreston13,0.43,0,0,0,0.15,0.35,0.01,0.04,0,0
GenevaPang,0.14,0.06,0,0.02,0.21,0.06,0.33,0.11,0.06,0.01
churchmarquis,0.34,0.02,0,0.13,0.2,0.11,0.03,0.16,0,0
4evercrazycool,0.01,0.08,0,0,0.54,0.14,0,0.13,0.1,0
allie_catt13,0.04,0,0,0,0,0.81,0,0.15,0,0
hopeforever72,0.06,0.02,0,0.02,0.09,0.69,0,0,0.01,0.1
msnosun,0,0.01,0,0,0.29,0.44,0,0.03,0.22,0
douglas_bowley,0,0,0,0.05,0.07,0.03,0.84,0,0,0
JarbyDent,0.13,0,0,0.01,0,0.12,0.04,0.02,0.01,0.66
crickwooder,0.17,0.02,0,0,0.09,0.59,0.1,0.01,0,0
melaniesunshine,0.13,0.1,0,0,0.23,0.44,0.01,0.06,0,0
jazzzy_marie,0,0,0,0,0,0.6,0,0.39,0,0
FaisalBasrah,0.58,0,0,0.04,0,0.02,0,0.2,0.14,0
JusnKng,0.35,0,0,0.02,0.04,0.56,0,0.04,0,0
Atiqah0505,0,0.03,0,0,0,0.18,0.03,0.01,0.74,0
CaptainKimChen,0.03,0,0,0,0.07,0.35,0,0,0.23,0.31
ClairJee,0,0,0,0.29,0.45,0.17,0.08,0,0,0
RosVanesaPerez,0,0,0,0,0,0,0,0,0,1.0
bwisebw,0.52,0,0,0,0,0.13,0,0.33,0,0
VoicePriestess,0.17,0.01,0,0.06,0,0,0.56,0,0.15,0.03
tjasa_draksler,0,0.01,0,0,0.61,0.23,0,0,0.13,0
LalaLightyear,0.18,0,0,0,0.03,0.29,0,0.06,0,0.43
1FromPpl,0,0.17,0,0,0,0.75,0,0,0.07,0
kdwhite81,0.07,0,0,0.62,0.22,0.08,0,0,0,0
MaDStaR91,0,0.01,0,0.94,0,0,0,0,0,0.05
gzmmocall,0,0,0.23,0,0,0,0.21,0,0.46,0.1
nathkay04,0.18,0,0,0,0.1,0.65,0,0.05,0,0
AshMeLater__,0,0,0,0,0.01,0.56,0,0.42,0,0
vucasyhiq,0,0,0,0,0,0,1.0,0,0,0
MackNSweetJones,0.33,0.01,0,0,0,0,0.03,0.61,0,0
PMWineMerchants,0,0.06,0,0.51,0.43,0,0,0,0,0
Joey_Bray1,0,0,0,0,0,0.22,0,0.77,0,0
AndrewHopkins16,0.08,0,0,0,0.05,0.36,0,0.51,0,0
avecLamourCASSI,0.01,0,0,0,0.06,0.87,0,0.05,0,0
ballislifesave,0.16,0,0,0,0.06,0.02,0,0.76,0,0
anacristina1227,0.08,0,0,0,0.04,0.45,0,0.06,0.03,0.33
dr_tatas,0.16,0,0,0,0,0.27,0.04,0.52,0,0
Ess_jay_pee,0.19,0,0,0,0.08,0.42,0.31,0,0,0
carolahuna,0.03,0.01,0,0,0,0.84,0,0.11,0,0
greer_court,0.16,0,0,0,0.06,0.65,0,0.12,0,0
dopee_bitches,0,0,0,0,0,0.16,0,0.84,0,0
TeamUOT_Pics,0.02,0.03,0,0.1,0.22,0.04,0.49,0.04,0.06,0
matttiiiii,0.1,0,0,0,0.07,0.8,0,0.02,0,0
WINTER_004,0,0,0,0.43,0.23,0.17,0.06,0.08,0.02,0
NNGGMarbellaSP,0,0,0,0,0,0,0,0,0,1.0
FamilyFirstGlos,0,0.02,0,0,0.25,0.03,0.7,0,0,0
_Mx91,0,0,0,0.2,0.48,0.3,0,0,0.02,0
Morena_do_Hemmo,0.43,0.02,0,0,0.1,0.36,0,0,0,0.09
macsdr,0,0,0,0,0,0,0,0,1.0,0
ShannonSibbell,0.04,0.13,0,0,0,0.04,0.78,0,0,0
GeorgeHicks_,0.03,0,0,0.16,0.13,0.51,0,0.16,0,0
xjayalex,0.09,0,0,0,0.05,0.8,0.04,0.01,0,0
NhannaniMKamal,0,0,0,0,0,0.48,0,0,0.5,0.01
ghh_ohh,0,0,0,0,0,0.24,0,0.76,0,0
DJCosmo7,0.25,0.15,0,0,0.1,0.09,0.41,0,0,0
misskrytti_x,0.03,0,0,0.03,0.12,0.72,0,0.08,0,0
carpedisdick,0.07,0,0,0,0,0.57,0.04,0.3,0,0
txmlintwerk,0,0,0,0.36,0,0.63,0,0,0,0
paulmcdermottt,0.07,0,0,0.62,0.02,0.09,0,0.2,0,0
emilywoodford55,0.05,0,0,0,0,0.7,0,0.24,0,0
thegraftonnw5,0,0,0,0.49,0.51,0,0,0,0,0
sgrovesss,0,0,0,0.16,0.07,0.68,0,0.09,0,0
HarishBhaiJi,0,0,0,0,0,0.02,0.8,0.01,0.17,0
mogni64,0,0,0,0,0,0,1.0,0,0,0
jackbumn,0.05,0,0,0,0.05,0.28,0,0,0.12,0.5
svnnyxlne,0,0,0,0,0.2,0.72,0.01,0.02,0.04,0
Anishinsan1,0,0,0,0,0,0,0,0,1.0,0
kimparkjara,0.01,0.18,0.03,0.05,0.19,0.02,0,0,0.5,0.01
JohnieRuess,0.31,0.2,0,0.08,0,0.1,0.22,0.05,0,0.02
pillowtaIkIjp,0.03,0.01,0,0,0.03,0.68,0,0.19,0.05,0
CornellJones202,0.16,0,0,0,0.06,0,0,0.77,0,0
maloney_hannah,0,0,0,0,0.1,0.76,0,0.14,0,0
RowenaPabingwit,0,0,0,0,0.2,0.02,0,0,0.52,0.26
_NYO9,0,0,0,0,0,0.99,0,0,0,0
44,0.27,0.05,0,0.01,0.26,0.19,0.2,0,0,0
MontWildlife,0,0.03,0,0.3,0.22,0,0.45,0,0,0
Claudiaahumada_,0,0,0,0,0,0.68,0,0.32,0,0
TheOneMarcus_V,0,0,0,0,0.04,0.23,0.03,0.69,0,0
Its_Shalom,0.18,0,0,0.01,0.14,0.44,0.03,0.2,0,0
alexxthorntonn,0.08,0,0,0,0,0.65,0,0.26,0,0
SebaPelado2510,0,0,0,0,0,0,0,0,0,1.0
_syafain,0,0.01,0,0,0,0.26,0,0.06,0.67,0
jordan_kugler,0.16,0.02,0,0.02,0,0.13,0.04,0.63,0,0
JWPoulin,0,0,0,0,0.01,0.86,0,0.13,0,0
nratiraa,0,0,0,0,0,0,0,0.01,0.97,0
Axis22,0.34,0.01,0,0.01,0.15,0.36,0.03,0.1,0,0
mocamylo,0,0,0,0,0,0.31,0,0.05,0.63,0
fsmerseyside,0,0,0,0.37,0.39,0,0.2,0,0.04,0
classi4u,0,0.05,0,0,0.08,0,0.79,0,0,0.07
Ashley_W25,0,0,0,0,0,0.92,0,0.07,0,0
IqbaalleBaale,0,0,0,0,0,0,0,0,0.99,0
health_google,0,0,0,0,0,0,1.0,0,0,0
ParsonsBrett2,0.27,0.45,0,0,0,0,0.28,0,0,0
_classylikethat,0.04,0,0,0,0.02,0.78,0.03,0.14,0,0
tewi_en,0,0,0,0,0.76,0.08,0.04,0.11,0,0
farley_amber,0,0,0,0,0.03,0.69,0,0.28,0,0
26,0.52,0,0,0,0,0.15,0.01,0.3,0,0
Trip_Maverick,0.29,0,0,0,0.07,0.53,0.06,0.04,0,0
heatherhayesx,0,0,0,0.06,0.02,0.86,0.04,0,0,0
Your_Cambodian,0,0,0,0,0,0.67,0.06,0.26,0,0
mearrbearr,0.01,0,0,0,0,0.87,0,0.11,0,0
craicallaic,0,0,0,0,0,0.59,0,0.33,0.08,0
_SignedbyRie,0,0,0,0,0.01,0.3,0,0.68,0,0
DianaMSharpton,0.03,0.55,0,0.14,0.05,0,0.2,0,0.02,0
michaelotter,0,0.03,0,0.04,0.09,0,0.79,0,0.05,0
nicolesmith_xo,0,0,0,0.17,0.09,0.67,0.04,0.02,0,0
peachy_keen21,0.02,0.58,0,0,0,0.37,0,0.02,0,0
LuArellanoC,0,0,0,0,0,0,0,0,0,1.0
rshska,0.05,0,0,0,0.01,0.75,0.15,0.03,0,0
christinejbr_,0.02,0.01,0,0,0.13,0.4,0,0.03,0.19,0.21
JunhuiHanWooSVT,0,0,0,0.03,0.07,0.37,0,0,0.53,0
Ashleey_Dallas,0.04,0,0,0,0.04,0.84,0,0.04,0.03,0
villarealroxan,0,0.81,0,0,0,0.08,0,0,0.1,0.02
anaaryhn,0,0,0,0,0,0.3,0,0,0.7,0
chanel_merp,0.09,0.04,0,0,0.12,0.61,0.08,0.05,0,0
EchosPolitique,0,0,0,0.83,0,0,0.1,0,0,0.07
Olivia__Olivia,0,0,0,0,0,0.45,0.01,0.53,0,0
___YuminDevine,0.02,0,0,0.04,0.11,0.78,0,0,0,0.05
jav_girl,0,1.0,0,0,0,0,0,0,0,0
pattylawls,0.5,0,0,0.02,0.02,0.24,0,0.02,0.19,0
Big_ThUg31,0.64,0,0,0.02,0,0.01,0,0.33,0,0
czlivelovelaugh,0,0,0,0,0.2,0.27,0.08,0,0.43,0
razo_nestor,0,0,0,0,0,0,0.02,0.1,0,0.87
MarjorieDickins,0,0.11,0,0.01,0.06,0,0.81,0,0,0
astrology_day,0,0,0,0,0.3,0.55,0,0.15,0,0
teenytynee_,0.06,0.01,0,0,0,0.28,0.1,0.54,0,0
singladeepak551,0,0,0,0,0,0,0,0,1.0,0
Kayshire_Cat,0.33,0,0,0,0.05,0.42,0.05,0.14,0,0
Phawazz,0.43,0,0,0.07,0.07,0.18,0.11,0.1,0.04,0
NathsGamingHD,0.53,0,0,0.16,0.08,0.13,0,0.03,0.06,0
exim_102,0.39,0,0,0,0,0,0.52,0.08,0,0
docktimus_prime,0.3,0,0,0,0.02,0.43,0,0.24,0,0
TylerAngelou,0.03,0,0,0,0.04,0.55,0.09,0.26,0.01,0
CoffeySamantha9,0.1,0,0,0,0.06,0.59,0,0.24,0,0
Marim0419,0,0,0,0,0,0.51,0,0.46,0.02,0
SMOKEUPTOWN,0,0.16,0,0,0.38,0,0,0.37,0,0.08
red_eyelash,0,0,0,0.05,0.02,0.12,0.2,0,0.61,0
ach_ayuneram,0,0,0,0,0,0,0,0,0.99,0
lena_grace,0.06,0,0,0,0.04,0.81,0.05,0,0,0
STEVGDE,0.6,0.01,0,0,0.05,0.09,0,0.23,0,0
Autumnkylie1026,0.01,0,0,0,0,0.71,0.07,0.21,0,0
EiyzadChibi,0,0.01,0,0,0,0.21,0.01,0.02,0.74,0
Csereno_67,0.34,0.03,0,0,0.1,0.39,0.03,0.11,0,0
Suck_myash,0.03,0,0,0,0.01,0.71,0,0.24,0,0
TutRaygoza,0,0,0,0.06,0,0.15,0.59,0,0.19,0
Soffia0620,0,0,0,0,0,0.27,0,0.16,0,0.57
theninesixx,0.02,0.02,0,0,0.12,0.05,0,0.79,0,0
KoriCatherall,0.05,0.02,0,0,0,0.2,0.04,0.69,0,0
4x4_xtreme,0.28,0.15,0,0.14,0.27,0,0,0.14,0.01,0
mitchygems,0,0.06,0,0.69,0.24,0,0,0,0,0.01
holleymarvin123,0.01,0,0,0,0,0.05,0,0.14,0.8,0
CarloosGaarza7,0.05,0,0,0.07,0,0.14,0,0.1,0.13,0.51
Milagrosstello,0,0,0,0,0,0.03,0,0,0.07,0.9
saefrog94,0,0.06,0.01,0.01,0.49,0,0.02,0.02,0.38,0.01
chizu0611,0.06,0.61,0,0.01,0.12,0,0,0,0.2,0
lyssamorgaan,0,0,0,0,0,0.87,0,0.13,0,0
02125gnlb,0,0,1.0,0,0,0,0,0,0,0
essmaxwell,0.08,0,0,0,0.1,0.73,0.06,0.01,0,0
MSP_Traffic,0.02,0,0,0.9,0,0,0.03,0.05,0,0
diaspradiptaa,0,0,0,0.64,0,0,0,0,0.34,0.01
yum9D0sos,0.17,0.06,0,0.02,0.23,0.09,0.34,0.05,0.03,0
_MVAN,0,0,0,0,0,0,0,0,0,1.0
valerietruewick,0.1,0.02,0,0,0,0.73,0.03,0.11,0,0
SamTempleman,0.06,0,0,0.33,0.01,0.41,0,0.18,0,0
MadisonUli,0.03,0,0,0,0,0.7,0.03,0.24,0,0
mathanagopal,0,0.06,0,0.03,0.2,0.2,0.29,0,0.21,0
QuboPass,0.02,0.01,0,0,0.15,0,0.81,0,0,0.01
Eudogg,0.06,0,0,0.33,0.06,0.41,0.03,0.1,0,0
RogerVolcano52,0.04,0,0,0,0,0.15,0.79,0.02,0,0
Whiskey_N_Cigs,0.27,0,0,0,0.02,0.42,0.11,0.17,0,0
jessica___ruiz,0,0,0,0,0.09,0.39,0,0.5,0,0
kdahyunx,0,0,0,0,0.08,0.76,0,0,0.15,0
kiten16,0.02,0.12,0,0,0.25,0.09,0,0,0.3,0.22
ursinha123,0,0.01,0,0,0.1,0.51,0.02,0.3,0.04,0.02
tamiaraeleen,0,0,0,0,0,0.38,0,0.62,0,0
mama_sita47,0.01,0,0,0,0.05,0.77,0,0.17,0,0
trevor_zmk,0.21,0,0,0,0,0.11,0.01,0.66,0,0
Dragger65,0,0.08,0,0,0.27,0,0.46,0.18,0,0
nt9909,0.05,0.05,0.05,0.05,0.05,0.05,0.05,0.55,0.05,0.05
DaILLEST_Nick,0.35,0,0,0,0,0,0,0.63,0,0
CBiscuit213,0.6,0.03,0,0.04,0.02,0.11,0.02,0.17,0,0
ShyY0shi,1.0,0,0,0,0,0,0,0,0,0
gabbi_tafoya,0.04,0,0,0,0.08,0.49,0.02,0.36,0,0
lexiiicon,0.05,0,0,0.01,0.03,0.81,0.05,0.04,0,0
RueTheDayBand,0,0.27,0,0.29,0.44,0,0,0,0,0
rus23NIk,0.59,0.1,0,0,0.23,0,0,0,0.05,0.02
Indriaverillya,0,0,0,0.15,0.04,0.05,0,0,0.75,0
jazzy_alejandra,0,0,0,0,0,0.72,0,0.28,0,0
SyuhadaMaarof,0,0.01,0,0,0,0.41,0,0.04,0.53,0
CPVDAR23,0.67,0,0,0.12,0.01,0.14,0,0.06,0,0
TriciaADay,0.04,0.04,0,0.02,0.2,0.1,0.59,0.01,0,0
Quinnadad_Jeff,0.01,0,0,0,0.04,0.52,0,0.43,0,0
AmniiF_,0,0,0,0,0,0.46,0,0.05,0.49,0
TheFemaleBlack,0,0,0,0,0,0,0,1.0,0,0
kahlil_glenn,0.13,0,0,0,0.04,0.25,0.01,0.56,0,0
vuhovirulaj,0,0,0,0,0,0,1.0,0,0,0
juicyhewsy,0.17,0,0,0,0,0.65,0,0.17,0,0
KeiradonnachieX,0,0,0,0.1,0.1,0.72,0,0.08,0,0
_brianakelley,0.07,0,0,0,0.04,0.37,0.02,0.49,0.01,0
EveningStandard,0.04,0,0,0.26,0,0.08,0.61,0,0,0
JohaMosquera,0,0,0,0,0,0,0,0,0,1.0
abokado_307,0.03,0.03,0.03,0.03,0.32,0.03,0.03,0.41,0.03,0.03
pummimi,0,0.06,0,0,0.15,0.44,0.04,0,0.31,0
IamStevieAllen,0.1,0,0,0.68,0.04,0.11,0.02,0.06,0,0
_ashleySoWhat,0,0,0,0,0,0.1,0,0.9,0,0
BlackDeath6371,0.08,0.05,0,0,0.05,0.35,0.39,0.06,0.02,0
KyleChauvin,0.14,0,0,0,0.04,0.58,0,0.24,0,0
ins_gaurav,0,0,0,0,0,0,0,0,1.0,0
1k2,0.05,0,0,0,0.03,0.27,0,0.64,0,0
MaysRiney,0,0,0,0,0,0,0.09,0,0,0.9
AleeJb2000,0,0,0,0,0.6,0.28,0,0.02,0.09,0
HunnyyyDipp,0,0,0,0,0.01,0.26,0,0.73,0,0
Deena_Simon,0,0,0,0,0,0.74,0,0.25,0,0
ellonor,0,0,0,0,0.3,0.08,0,0,0.41,0.21
ShayminKing,0.16,0,0,0,0.04,0.13,0,0.45,0.22,0
lukymere,0,0,0,0,0,0,0,0,0,1.0
IaIaIander,0,0,0,0.04,0,0,0,0,0,0.95
wildflowxo,0,0,0,0,0,0.63,0,0.36,0,0
allstarsings,0.06,0.16,0,0.05,0.1,0.05,0.42,0.07,0.08,0
Benfellows7,0.03,0,0,0.23,0.04,0.49,0,0.2,0,0
kecarterr,0,0,0,0,0.67,0.07,0,0.26,0,0
atah_ovagob91,0.02,0.02,0.02,0.02,0.02,0.02,0.51,0.02,0.33,0.02
jesusemmanuelMV,0,0,0,0,0,0,0,0,0.06,0.93
GuguJue,0,0,0,0,0,0.88,0,0.06,0.06,0
imalwaysarusher,0,0,0,0.02,0.29,0.63,0,0,0.05,0
beechEdesignz,0,0.02,0,0,0.55,0.04,0.39,0,0,0
IzazagaJr,0.11,0,0,0,0.04,0.3,0,0.54,0,0
tvxqs_,0,0.02,0,0.03,0.32,0.31,0,0.02,0.3,0
la_chica_marcia,0,0,0,0,0,0,0,0,0,1.0
theDRAMAQUEENb,0,0,0,0,0,0.79,0,0.09,0.12,0
petermoore,0.04,0.02,0,0.27,0.44,0.04,0.19,0,0,0
paulrharvey3,0.49,0,0,0.04,0.31,0.06,0.02,0,0.09,0
nur_raudah,0,0,0,0,0,0.24,0.02,0,0.74,0
elenacenteno3,0.05,0,0,0,0.39,0.19,0,0,0.29,0.06
rileylovy23,0.06,0,0,0,0,0.02,0,0.31,0.62,0
Baileeyylynnn,0,0,0,0,0,0.84,0,0.16,0,0
dazzsb,0,0,0.04,0.02,0.74,0,0,0.05,0.15,0
hawkrae,0,0,0,0,0.17,0.69,0.06,0.03,0.04,0
Adjoa_alldAy,0,0,0,0,0.04,0.32,0.02,0.48,0.14,0
_DxmBillingtxn,0.04,0,0,0.31,0,0.39,0,0.24,0,0
LetsGoKato,0.01,0.01,0,0,0.18,0.09,0.69,0,0,0
_doreli_,0,0,0,0,0,0.37,0,0.63,0,0
Jienam941015,0,0.09,0,0,0.17,0.1,0,0,0.57,0.05
neezussays,0,0,0,0,0.05,0.53,0.06,0.34,0.01,0
IfomaOkaye,0,0.2,0,0.2,0,0,0.54,0,0.06,0
eromerox13,0.07,0,0,0,0.04,0.17,0,0.72,0,0
maemaeshay,0,0,0,0,0,0.77,0,0.23,0,0
basedemily,0,0,0,0,0.03,0.37,0,0.6,0,0
ChaseEiland,0.61,0.01,0,0.02,0.27,0.06,0.03,0,0,0
iamChaiiAbesia,0,0,0,0,0,0.39,0,0.04,0.5,0.06
shishuworld,0,0.66,0,0,0.04,0.15,0.15,0,0,0
julenfernan,0.05,0,0,0,0,0,0,0,0,0.94
k__K2617,0,0.19,0,0,0.11,0.18,0,0,0.51,0
iSandraRosado,0,0,0,0,0,0,0,0.02,0,0.98
signpamela,0.04,0.01,0,0,0.03,0.84,0.05,0.04,0,0
olt160,0,0,1.0,0,0,0,0,0,0,0
Pott_sey72,0.7,0,0,0,0.02,0.18,0,0.11,0,0
AinsleeValles,0,0,0,0,0,0.86,0,0.13,0,0
shellanancy_,0.04,0.02,0,0,0.04,0.08,0,0.05,0.77,0
karlylemonroe,0.02,0,0,0,0.26,0.61,0,0.09,0.01,0
nawachad,0,0.1,0.03,0,0.6,0,0.04,0,0.22,0
red_empire,0.02,0.17,0,0.08,0.34,0,0.01,0.1,0.26,0
StewWhitfield,0.15,0.01,0,0.37,0.1,0.21,0.14,0.02,0,0
Punga007,0,0,0,0.01,0,0,0.98,0,0,0
kahelialfonzhoe,0,0,0,0,0,0.79,0,0.19,0,0
wastevocals,0,0.03,0,0,0,0.92,0,0.03,0,0
marissafierro,0,0,0,0,0,0.79,0,0.2,0,0
kayla_watt13,0,0,0,0,0,0.23,0,0.77,0,0
JennELo,0,0,0,0,0.23,0.38,0,0.38,0,0
emacosc,0.02,0,0,0.07,0.02,0.09,0.01,0.58,0.02,0.18
sooomanyshrimp,0.47,0,0,0.01,0,0.15,0,0.36,0,0
savitha78,0.03,0,0,0,0,0.39,0.27,0,0.3,0
s_naioka,0.03,0,0,0,0,0.64,0,0.32,0.01,0
wanderingmindds,0.03,0,0,0.02,0.29,0.65,0,0,0,0
tildecauwenb,0,0,0.15,0.02,0,0.55,0,0.19,0.09,0
WhatsPappening,0.36,0,0,0,0.1,0.39,0.14,0,0,0
Pridenisee33,0,0,0,0,0,0,0,0,0,1.0
numykyferin,0,0,0,0,0,0,1.0,0,0,0
blessedis_me,0,0,0,0,0.04,0.33,0,0.6,0.02,0
moxyfruvous,0.33,0.02,0,0,0.09,0.4,0.13,0.03,0,0
emilystlawrence,0.07,0,0,0.01,0.07,0.77,0,0.06,0,0
ashishk199463,0,0,0,0,0,0.33,0,0.08,0.59,0
paredesmabel,0,0,0,0,0,0,0,0,0,1.0
raellita,0,0,0,0,0,0,0,0,0,1.0
HyacinthieHannu,0,0,0,0,0,0.82,0,0.18,0,0
caparica1975,0.32,0.13,0,0,0,0,0.52,0,0,0.02
edwinhe70948041,0.1,0,0,0,0,0.24,0.01,0.61,0.03,0
InvGurInd,0,0,0,0,0,0,0.99,0,0,0
taylorenke_,0,0,0,0,0,0.32,0,0.68,0,0
LawTRICIA,0.02,0,0,0.31,0.15,0.4,0.12,0,0,0
kaitlinrak,0.03,0,0,0,0,0.75,0.01,0.19,0,0
100k_Trey,0,0,0,0,0,0,0,1.0,0,0
azfarazhr_,0,0,0,0,0,0.34,0,0.08,0.58,0
cwmpbb,0.01,0,0,0,0.04,0.76,0,0.18,0,0
GadgetShopNG,0,0.61,0,0,0.02,0.04,0.29,0.04,0,0
benmhennilina,0,0.3,0,0.12,0,0.02,0.51,0,0.03,0
WilliamSeaton10,0.84,0,0,0,0,0.03,0,0.11,0,0
cade_dallwitz1,0.56,0,0,0,0,0.38,0,0.06,0,0
dead_babyy,0,0,0,0,0,0.45,0,0.06,0.27,0.22
meanherrera,0.04,0.03,0,0.01,0.33,0.19,0.03,0,0.07,0.3
ShaniandTheCity,0.08,0.08,0,0,0.53,0.08,0.08,0.09,0.05,0
Morse781,0.42,0,0,0,0,0,0,0.56,0,0
Kimmyjustsayinn,0,0,0,0,0.06,0.56,0.03,0.33,0,0
Bangtanojams,0,0,0,0,0.1,0.49,0,0.14,0.27,0
PantyRadar,0.12,0,0,0,0.06,0.66,0.02,0.12,0.02,0
RocioKunath,0,0,0,0,0,0,0,0,0,1.0
03855trdb,0,0,1.0,0,0,0,0,0,0,0
miles_hakim,0.11,0,0,0,0,0.42,0,0.47,0,0
kelslynna,0.02,0,0,0,0,0.81,0,0.17,0,0
Dwainvdw,0,0,0,1.0,0,0,0,0,0,0
FirmacionShane,0,0,0,0,0,0.69,0,0.06,0.09,0.16
RaeyvenSong,0,0.11,0,0.04,0.55,0.21,0.05,0.03,0,0
jrmnkng,0,0,0,1.0,0,0,0,0,0,0
m_liller,0.12,0,0,0,0.1,0.7,0.07,0,0,0
thejjbelanger,0.23,0,0,0,0.02,0.45,0.18,0.1,0,0
bieberspige12,0,0,0,0,0.63,0.31,0,0.04,0.01,0
Admoretta,0,0,0,0,0,0,0,0,0,0.99
AJHayez,0.04,0,0,0.27,0.02,0.48,0,0.2,0,0
x3_lilChocolate,0,0,0,0,0,0,0,1.0,0,0
rochaiko,0,0,0,0,0,0.54,0.02,0.43,0,0
TBankxx,0.03,0,0,0.26,0.03,0.09,0.09,0.4,0.09,0
lalitweb,0,0,0,0.01,0.07,0,0.91,0,0,0
2CW,0.09,0,0,0.5,0.35,0,0,0.04,0,0
isaias_pereyra,0,0,0,0,0,0,0,0,0,1.0
AhmadNurRohman,0.03,0,0,0,0,0,0.02,0,0.94,0
ooccttoo,0.28,0.02,0,0,0.08,0.49,0.09,0.02,0,0
justianahmad,0,0,0,0.44,0,0,0,0,0.56,0
yupitstifftiff,0,0,0,0.03,0,0.26,0,0.69,0,0
_gizzlybear,0.01,0,0,0,0,0.65,0,0.31,0,0
katherine_nolem,0,0,0,0,0.01,0.96,0,0.03,0,0
BrandonKobe_,0.71,0,0,0.01,0.01,0.07,0.02,0.18,0,0
JadeJones009,0,0,0,0,0,0.76,0,0.23,0,0
danisfahreza,0.7,0,0,0.14,0,0,0.02,0,0.14,0
shantrelroberts,0,0,0,0,0,0.27,0,0.72,0,0
djgeemix,0,0.52,0,0.05,0.23,0.15,0,0.04,0,0
charleyhallx,0,0,0,0,0,0.79,0,0.2,0,0
AvritMcCotter,0,0,0,0,0,0.94,0,0.06,0,0
ewaldh_,0.01,0,0,0.07,0.01,0.41,0.05,0.43,0,0
Jana_Lamb,0,0,0,0.02,0.21,0.52,0.24,0,0,0
tbhshyma,0,0,0,0,0,0.89,0,0,0.09,0.01
sayydayy,0,0,0,0,0,0.51,0,0.49,0,0
luklovesgreenb1,0.22,0,0,0,0.06,0.56,0.09,0.06,0,0
04927lktb,0,0,1.0,0,0,0,0,0,0,0
nath_harris7,0.2,0,0,0,0.02,0.67,0.01,0.08,0,0
xobasura,0.01,0.02,0,0,0,0.85,0.02,0.09,0,0
Its_3mmak,0.01,0.01,0.01,0.01,0.01,0.01,0.01,0.9,0.01,0.01
AngelitaRam,0.13,0.02,0,0,0,0,0.17,0,0,0.68
TheCPU001,1.0,0,0,0,0,0,0,0,0,0
Maddlynn13,0,0,0,0,0.43,0.42,0,0.16,0,0
weeeeeeeei_ffrk,0.01,0.01,0.01,0.01,0.01,0.89,0.01,0.01,0.01,0.01
AbbieAdwell,0.01,0,0,0,0,0.93,0,0.04,0,0
KroarRadio,0.05,0,0,0,0,0,0,0,0.94,0
gntran,0,0,0,0,0,0.65,0.02,0.32,0,0
mozxa,0,0,0,0,0,0.69,0,0.27,0,0.02
JoshInnes_WIP,0.36,0,0,0,0.11,0.14,0.03,0.36,0,0
iamwizzz,0.19,0.11,0,0.07,0.03,0,0.39,0.11,0.09,0
DeborahfromDetr,0.05,0,0,0,0.05,0.71,0.05,0.14,0,0
Reach4MoJOYRN,0,0,0,0,0.5,0.03,0.35,0,0.1,0
LongLiveB3N,0.21,0,0,0,0.07,0.38,0.04,0.27,0,0
ChelsTopley,0.01,0,0,0.12,0.11,0.68,0,0.08,0,0
ammarin_eve,0,0,0.02,0,0.46,0,0,0,0.46,0.05
hoosierdaddytdh,0.26,0,0,0.01,0.17,0.41,0.1,0.04,0,0
C_mentzer,0,0,0,0,0,0.72,0,0.27,0,0
danicyarr,0,0,0,0,0.16,0.35,0.04,0.4,0.04,0
DoubleUp_Byrdie,0,0,0,0,0.08,0.29,0,0.62,0,0
trevorjanes23,0.29,0,0,0,0,0.67,0,0,0.04,0
JINACONDA,0,0,0.01,0,0.15,0.41,0,0.1,0.31,0
GrownS1mba,0.14,0,0,0,0.09,0.03,0.06,0.68,0,0
JoelNavarro9,0,0,0,0.38,0,0,0.62,0,0,0
Shannonlatoya08,0,0,0,0,0,0,0,1.0,0,0
maybebecca,0,0,0,0,0.01,0.9,0.04,0.05,0,0
Masta_Blasta47,0.54,0,0,0,0.07,0.18,0.02,0.19,0,0
EllieHammy,0,0,0,0.01,0.19,0.73,0,0.04,0.04,0
aj_emmanuel,0.12,0,0,0,0.04,0.09,0,0.21,0.55,0
ahhh_dee,0,0,0,0,0,0.69,0,0.31,0,0
BVBfansUK_NW,0.09,0,0,0.72,0.12,0.07,0,0,0,0
Crystal_Fishy,0.01,0.1,0,0.09,0.32,0.25,0.11,0,0.11,0.01
abby2012_abby,0,0,0,0.02,0.04,0.91,0,0.02,0,0
GabrielaRodasC,0,0,0,0,0.04,0.37,0.05,0.05,0.03,0.45
__Junebugg,0.51,0,0,0,0,0,0,0.49,0,0
Miss_Omotesho,0,0,0,0.04,0.18,0.52,0.01,0.19,0.05,0
6geauxdess,0.01,0,0,0,0.01,0.62,0,0.35,0,0
beatriz_bieber9,0,0,0,0,0,0.36,0,0,0,0.63
2leftcheeks,0.02,0,0,0,0,0.88,0.01,0.09,0,0
Gyumoo,0,0,0.01,0,0.03,0.16,0,0.02,0.77,0
ibra_official93,0,0,0,0.12,0,0,0,0,0.88,0
AndyWeldon1,0.45,0.01,0,0.03,0.12,0.28,0.09,0.02,0,0
SuperErizzle,0.01,0.02,0,0.01,0.32,0.54,0.05,0.04,0,0
officer_trey,0.61,0.01,0,0,0.09,0.2,0,0.08,0,0
ScottyPenguin,0.03,0,0,0.03,0.02,0,0.89,0,0,0
banditcab,0,0,0,0.25,0.01,0.23,0.41,0.1,0,0
bengillam,0.05,0.08,0,0.03,0.41,0.21,0.21,0,0,0
manicalIy,0,0,0,0,0,0.91,0,0.06,0.02,0
OlgaGpe,0.03,0.03,0.03,0.03,0.03,0.03,0.03,0.03,0.03,0.77
blairecap,0.1,0,0,0,0,0.35,0,0.53,0,0
christine_cope,0,0.06,0,0,0.3,0,0.4,0,0.22,0
RJBoone14,0.49,0,0,0,0.06,0.1,0,0.33,0,0
LauraSymonxo,0,0,0,0.05,0.04,0.91,0,0,0,0
Crafterxxx,0.19,0.12,0,0.21,0.08,0.24,0.04,0.12,0,0
tekinsahan,0,0,0,0.03,0,0,0.73,0,0.22,0.02
03051trdc,0,0,1.0,0,0,0,0,0,0,0
irateGinger,0.49,0,0,0,0.1,0.4,0,0,0,0
animaux__,0.04,0.02,0,0.04,0.06,0.78,0.01,0.04,0,0
youknowkurt,0,0.02,0,0.82,0,0.06,0,0.04,0.02,0.04
Nunu_Hope,0,0,0,0,0,0.65,0,0.18,0.16,0
sesamakaltim,0.28,0.05,0,0,0.02,0,0,0.17,0.46,0.03
heyymaisarah,0,0,0,0,0.02,0.67,0,0.02,0.28,0
michaelaianaki,0.09,0.02,0,0,0.11,0.73,0,0.02,0.02,0
BicPEN_,0,0.02,0,0,0.06,0.27,0.05,0.52,0.06,0
SabriMartinez15,0,0,0,0,0,0,0,0,0.31,0.69
doublex2Dee,0.14,0.01,0,0,0,0,0,0.83,0,0
TheOG_PYT,0.01,0,0,0,0.04,0.35,0,0.59,0,0
hanalakuzail,0.58,0.02,0.02,0.02,0.02,0.02,0.02,0.02,0.29,0.02
lovelynnapicog,0,0,0.01,0,0.26,0,0,0,0.45,0.27
filpap,0,0,0,0,0,0,0,0,0.96,0
PRIYANLAKSHMAN,0,0.66,0,0,0,0.21,0,0,0.13,0
Federiko21,0,0.09,0,0.21,0,0,0,0,0,0.69
babydani16,0,0,0,0.17,0.43,0.4,0,0,0,0
MusaDembele,0,0,0,0.12,0.01,0.29,0.02,0.4,0.15,0
Lila_Nadine,0.07,0,0,0,0.02,0.86,0,0.04,0,0
j0hnw0lf,0.93,0,0,0.06,0,0,0,0,0,0
kanaafa,0.06,0,0,0.03,0.15,0.24,0.49,0,0,0
AmandaTaylor08,0,0,0,0.44,0.24,0.21,0.07,0.03,0.01,0
KaitlynnAjzensz,0,0,0,0,0,0.94,0,0.06,0,0
SimpleDee_22,0.26,0,0,0,0,0.02,0,0.71,0,0
UknoTez,0,0,0,0,0,0.08,0,0.92,0,0
umisaeki,0,0.03,0.01,0,0.08,0.59,0,0.04,0.25,0
Rosee_tothetop,0.06,0.01,0,0,0.17,0.19,0.02,0.54,0,0
RITSUKO_MGK_AKZ,0.2,0,0,0,0,0,0.8,0,0,0
_Faavi,0,0,0,0,0.02,0.62,0,0.35,0,0
tracideannn,0,0,0,0,0,0.78,0,0.22,0,0
ClementEmery,0,0.02,0,0.9,0,0,0,0,0,0.07
trinitytorii,0,0,0,0,0,0.39,0,0.61,0,0
TheHireRightGrl,0,0,0,0,0.15,0,0.84,0,0,0
Cjrussell6,0,0,0,0,0,0,0,1.0,0,0
brblovingdemi,0.06,0.02,0,0,0.41,0.4,0,0,0.09,0
DJG1NUCS,0.06,0,0,0,0.09,0.02,0,0,0,0.83
chilll1d,0.01,0.01,0,0.03,0.02,0.92,0,0,0,0
GwenSiblot,0,0.02,0,0.92,0,0,0,0,0,0.05
fixpart16,0.09,0,0,0,0,0,0.81,0,0.05,0.05
Joanna_Mitton,0.04,0,0,0.03,0.09,0.82,0.02,0,0,0
rayanalnoh,0,0,0,0,0,0,0.66,0.22,0,0.1
AmandineHln,0,0,0,0.9,0,0,0,0.04,0,0.05
camillalewis,0,0.02,0,0.06,0.11,0.78,0.03,0,0,0
xHarriett,0,0,0,0.02,0.12,0.83,0,0.02,0,0
RatanLang,0.02,0,0,0.05,0.01,0,0.89,0,0.03,0
nnnnut_,0,0.29,0.01,0.01,0.02,0.29,0,0,0.37,0
HeatonJoleen,0.36,0.06,0,0,0.01,0.4,0.16,0,0,0
TheyHateTykia,0,0,0,0,0,0,0,1.0,0,0
PrimatePromo,0,0.05,0,0,0.95,0,0,0,0,0
jkshukla87,0,0.55,0,0,0,0,0.04,0,0.4,0
naterwallace,0.33,0,0,0,0.04,0.45,0,0.17,0,0
Qtypie018,0,0,0,0,0.22,0.16,0,0.62,0,0
verminmark,0.09,0.02,0,0.11,0.33,0.31,0.07,0.06,0,0
syaf106,0,0,0,0,0,0.38,0,0.01,0.61,0
marv_p,0.24,0.06,0,0.02,0.26,0.31,0.1,0,0.01,0
elliee_baynham,0,0,0,0,0,0.94,0.01,0.03,0,0
eastersss,0.07,0,0,0,0.11,0.76,0.04,0.01,0,0
ohsolegittt,0.06,0,0,0.01,0,0.56,0,0.37,0,0
APM3141,0.08,0.01,0,0,0.02,0.55,0.29,0.03,0,0
nicoleherygers,0.03,0,0,0,0,0.91,0,0.06,0,0
andrewdaaboul,0.53,0,0,0,0.02,0.16,0,0.28,0,0
cabreraelena5,0.02,0,0,0,0.13,0.6,0,0.24,0,0
sunitanimbalkar,0,0,0,0,0,0,0.03,0,0.97,0
JJMORGAN9122,0.05,0.05,0,0,0,0.2,0.48,0.22,0,0
TBOE99,0.42,0,0,0,0.01,0.35,0,0.2,0,0
nrlnzhh,0,0,0,0.17,0.01,0.37,0.03,0.01,0.39,0
EspinalAngie,0,0.01,0,0,0,0,0,0,0,0.99
SunilAshi,0,0,0,0,0,0,0,0,1.0,0
the_closerr,0,0,0,0,0.01,0.29,0,0.7,0,0
elardo_john,0,0,0,0,0.34,0,0,0,0.45,0.19
Elsie_geselsie,0,0.03,0,0.05,0.76,0,0,0,0.15,0.01
sayir07,0.02,0,0,0.07,0.05,0.11,0.13,0,0.62,0
MenjoFukushu,0,0,0,0,0.47,0.39,0.09,0.02,0.02,0
josweddingdress,0,0,0,1.0,0,0,0,0,0,0
catarinaiaraujo,0,0,0,0.03,0,0.26,0,0.07,0,0.64
Haileyamanduhhh,0,0,0,0,0.01,0.63,0,0.35,0,0
alyssaclandez,0,0.05,0,0,0.24,0.64,0,0.06,0,0
trippybella,0.04,0.01,0,0,0.02,0.57,0.11,0.25,0,0
DykeVanTom,0.16,0,0,0,0,0.17,0.65,0.01,0,0
yaboy_jrod,0.54,0,0,0.03,0,0.02,0,0.4,0,0
TvccSoftball,0.88,0,0,0.1,0.01,0,0,0,0,0
AryaSetiadharma,0,0.12,0,0,0.19,0,0.6,0,0.08,0
miyu_miyu121,0.05,0.05,0.05,0.05,0.05,0.05,0.05,0.55,0.05,0.05
dreayaya_WGP,0.05,0,0,0,0.03,0.79,0.03,0.1,0,0
Hozer12,0.36,0,0,0.06,0.03,0.45,0,0.1,0,0
thepx__,0,0.01,0,0,0,0,0,0,0.96,0.02
MrHensen1,0.16,0,0,0,0.16,0.49,0,0.17,0,0
BisettiVanessa,0,0,0,0,0,0.82,0,0.17,0,0
UdaipurKiran,0,0,0,0.02,0,0,0.97,0.01,0,0
Do_Not_Honk,0,0,0,0,0,0.2,0.6,0.02,0.16,0.01
staceyNYCDC,0.2,0,0,0,0.22,0.23,0.27,0.07,0,0
Firsticha_ichul,0,0,0,0,0,0,0,0,1.0,0
ja4jack,0.03,0.03,0,0,0.02,0.61,0,0.3,0,0
TeeDotsworld_,0,0,0,0,0,0,0,0.99,0,0
sadladygalo,0.12,0.01,0,0,0.04,0.51,0.09,0.22,0,0
Pascacelio,0.07,0,0,0.02,0,0.39,0,0.21,0.09,0.22
jokeyrhyme,0.03,0.02,0,0,0.05,0.23,0.66,0,0,0
Vinnie125VIP,0.64,0,0,0,0,0.06,0,0.29,0,0
Koroccann,0,0,0,0,0.01,0.63,0,0.25,0.1,0
Tex2WestSeattle,0.56,0,0,0,0.08,0.3,0.03,0.04,0,0
carlyjophillips,0.09,0,0,0,0.01,0.87,0,0.02,0,0
jerome49k,0,0,0,0.95,0,0,0,0,0,0.05
lujop83,0.58,0,0,0.03,0.21,0.14,0,0.03,0,0
ConorTheKing,0.08,0,0,0.17,0,0.68,0,0.04,0.02,0
domingotrejo1,0.1,0.18,0,0.05,0.01,0.13,0,0.02,0,0.51
blranderson,0,0,0,0,0.08,0.77,0,0.14,0,0
doili_tv,0,0.33,0,0.59,0,0,0,0,0.07,0
KhpalWaziristan,0,0,0,0,0,0,0.21,0,0.68,0.11
AmandaJihan,0,0,0,0,0,0.11,0,0.03,0.85,0
itweetherGOOD,0,0,0,0,0.01,0.14,0,0.85,0,0
mr_iklan,0,0,0,0,0,0,0.89,0,0.08,0.03
MarathiRT,0,0,0,0,0.25,0,0.27,0,0.47,0
ianacedera,0,0,0,0.18,0.03,0.7,0,0.07,0,0
jenconroy___,0,0,0,0.06,0.18,0.75,0,0.01,0,0
NeelakshiDon,0,0,0,0.02,0.32,0.49,0,0,0.16,0
AmyWilkes15,0,0,0,0.04,0.01,0.84,0,0.1,0,0
eft_finance,0,0.02,0,0.05,0.06,0,0.87,0,0,0
MACPAT83,0.41,0,0,0.02,0.2,0.11,0.02,0.25,0,0
MagazineAlbania,0.17,0.08,0,0.32,0,0,0,0,0,0.42
tastyliam,0,0,0,0.01,0.01,0.93,0,0,0.03,0
P_bogan,0.1,0,0,0.02,0.06,0.21,0.6,0.02,0,0
Becky__Patten,0.02,0,0,0,0,0.72,0,0.25,0,0
Hello_jars,0.02,0.35,0,0.03,0.48,0.08,0.04,0,0,0
wildfreckle,0,0.01,0,0.46,0.26,0.02,0.24,0,0,0
becca_hoffman22,0.19,0,0,0,0.03,0.73,0,0.03,0,0
KaseyWarmington,0.11,0,0,0,0.08,0.62,0.02,0.17,0,0
luisangel201410,0.14,0,0,0,0,0.03,0,0,0,0.83
_nidori,0.05,0,0,0.01,0,0.62,0,0.03,0,0.27
Are_U_Hungry,0.01,0.1,0,0.11,0.54,0.02,0,0.21,0,0
TheReelStevie_J,0.33,0,0,0,0,0.02,0,0.39,0.26,0
snoopy_vass,0.08,0,0,0.03,0.61,0.2,0,0,0.07,0
uhshataa,0.05,0.01,0,0,0.08,0.35,0.01,0.48,0.01,0
AlexJimenezDj,0.05,0.1,0,0.01,0.13,0,0,0.03,0,0.68
Fiafifu,0,0,0,0,0,0.96,0,0,0.03,0
ivannaezg,0,0.02,0,0.04,0,0.72,0,0,0,0.2
Korinna10,0.17,0,0,0,0.15,0.57,0,0.11,0,0
spunppppp,0,0.06,0.02,0,0.3,0.38,0,0,0.19,0.05
Ugbaad_,0.03,0,0,0,0,0.38,0.11,0.45,0.02,0
mathewflorence3,0.42,0,0,0,0.02,0.44,0,0.12,0,0
geonews_en,0,0,0,0,0,0,1.0,0,0,0
A_S_Kirschtorte,0,0,0,0,0.33,0,0,0,0.6,0
GcHekk,0.05,0.05,0.05,0.05,0.05,0.05,0.05,0.55,0.05,0.05
BerdugoTamy,0,0,0,0,0,0,0,0,0,0.99
faridpier,0,0,0,0,0.02,0.39,0.03,0.04,0.5,0
nikotuazon,0.09,0,0,0,0.01,0.32,0.07,0.5,0,0
AsroyyAlcantara,0.02,0,0,0.53,0,0.12,0,0.11,0.22,0
Oceane_35230,0,0,0,0.94,0,0,0,0,0,0.05
secretmixerx,0.04,0.05,0,0,0.46,0.24,0,0,0.02,0.19
YolandaCruzCruz,0,0,0,0,0,0.17,0,0.07,0,0.76
sdcmedia,0,0.06,0,0.5,0.38,0,0.04,0.01,0,0
Paulyne_,0,0.02,0,0.87,0,0.03,0,0,0,0.07
iTeshura,0.04,0.06,0,0,0.48,0.34,0.08,0,0,0
dream_chaser_10,0.24,0,0,0,0.08,0.1,0,0.57,0,0
Shaawaaaa,0,0,0,0,0,0,0,0,0.03,0.96
KSwarringin,0,0,0,0,0,0.8,0,0.2,0,0
15turra,0.01,0,0,0.1,0.34,0.49,0,0,0.04,0.02
ctrlaubrey,0,0,0,0,0,0.71,0,0.28,0,0
MESSinAZ5,0.02,0,0,0,0.01,0.24,0.57,0.16,0,0
Hypest_Nikku,0.32,0.01,0,0,0.04,0.56,0,0.06,0,0
jswagsostupid,0.28,0,0,0.04,0.16,0.15,0,0.36,0,0
wvrglenn4,0.52,0.09,0,0.11,0.07,0.01,0.18,0,0.02,0
allenarayne,0,0,0,0,0.02,0.78,0,0.18,0,0
Haylee_Mccray,0,0.01,0,0,0.05,0.78,0.02,0.14,0,0
DuarteS45,0,0,0,0,0,0,0,0,0,1.0
inejghvfa,0.05,0,0,0,0.18,0.67,0.09,0,0,0
joanna230687,0,0,0,0,0.25,0.27,0,0,0.28,0.19
NorburyEva,0.04,0.14,0,0,0,0.04,0.78,0,0,0
lobakerrr,0.02,0,0,0,0,0.71,0,0.27,0,0
sanomaru02251,0.02,0.02,0.02,0.02,0.02,0.85,0.02,0.02,0.02,0.02
Emclub7,0.29,0,0,0.25,0,0.04,0.1,0.05,0.26,0
badettecornelia,0.09,0.02,0,0,0.53,0.14,0.19,0,0.02,0
SueHoll09387870,0.16,0.13,0,0.02,0,0.05,0.64,0,0,0
MSfunsize69,0,0,0,0,0,0,0,0.99,0,0
vakta17,0.16,0,0,0.02,0.23,0.29,0.3,0,0,0
ohitsmeandy,0,0,0,0,0,0.72,0,0.14,0.03,0.1
JaclynBradley,0.17,0,0,0,0,0.75,0.03,0.04,0,0
Lynnielou77,0.08,0.04,0,0.02,0.5,0.35,0.01,0,0,0
dreahelfer,0,0.27,0,0,0.41,0,0.31,0,0,0
LEXthePEX,0.75,0,0,0,0.21,0.02,0,0.01,0,0
Brooklynnn_R,0.03,0,0,0.01,0.05,0.63,0.02,0.25,0,0
Ale_carl36,0,0,0,0.12,0.01,0.23,0.6,0.04,0,0
asdfgkxjd1,0.05,0.05,0.05,0.05,0.05,0.05,0.05,0.55,0.05,0.05
lariissaeviana,0,0,0,0,0,0.4,0,0.08,0,0.52
Fututu,0,0.02,0,0.02,0.64,0.14,0,0.02,0.14,0.01
krpn444,0.19,0,0,0.68,0,0,0.08,0,0.03,0
UnkleAce,1.0,0,0,0,0,0,0,0,0,0
ukon993301611,0.05,0.05,0.05,0.05,0.05,0.05,0.05,0.55,0.05,0.05
Maddawg_Davis,0,0,0,0,0,0.77,0.01,0.2,0,0
MyLifeIsSRK,0,0,0,0.02,0.37,0,0.06,0,0.53,0
RoraBartolomeu,0,0,0,0,0,0.93,0,0.07,0,0
AmierBitch,0.1,0.01,0,0,0,0.4,0.06,0.37,0.05,0
Hello_ImKYRA,0.01,0,0,0,0.37,0.01,0,0.61,0,0
shelby_knight36,0,0,0,0,0,0.52,0,0.48,0,0
rpillamaweather,0,0,0,0,0,0,0,1.0,0,0
its_devinnnn,0,0,0,0,0.35,0.39,0,0.23,0,0
jamoharvey,0.17,0,0,0.48,0.1,0.19,0,0.05,0.01,0
MrBurnett4,0.09,0.17,0,0,0.26,0.14,0.03,0.11,0.21,0
0qllisIho6CSKFo,0.05,0.05,0.05,0.05,0.05,0.05,0.05,0.55,0.05,0.05
OutlookFromHere,0,0.08,0,0.04,0.19,0.24,0.41,0,0.04,0
akaShelbs,0.14,0,0,0,0.04,0.5,0.03,0.29,0,0
chinedulopez,0,0,0,0.11,0.11,0.23,0.03,0.09,0.42,0
angelgrimes36,0.03,0.01,0,0,0.1,0.76,0.02,0.06,0,0
hermann_taylor,0.02,0,0,0,0,0.89,0,0.09,0,0
sreejitsh,0,0,0,0.03,0.08,0.16,0.56,0,0.15,0
Crabb90,0.02,0,0,0,0.03,0.21,0.71,0.03,0,0
Le_Tebz,0.07,0,0,0.28,0.04,0.26,0.08,0.26,0,0
18_27,0.32,0.2,0,0.27,0.08,0.02,0.04,0,0.08,0
j_aki_8,0.03,0,0,0.11,0.59,0.26,0,0,0.01,0
hijirisawayosio,0.03,0.03,0.03,0.03,0.03,0.03,0.03,0.03,0.7,0.03
smearedeyes,0.02,0.02,0,0.05,0.06,0.81,0.03,0.01,0,0
Nastsukii,0.02,0,0,0.01,0.21,0.68,0,0,0.08,0
sarahllambert,0.05,0,0,0,0.01,0.92,0,0,0,0
AuraPOPofficial,0,0.16,0,0.04,0.37,0.08,0.21,0,0.13,0
Aleksandar_zevs,0.13,0,0.61,0,0,0,0,0,0.21,0.05
TheRealLumpen,0.02,0.05,0,0.02,0.27,0.26,0.2,0.12,0.06,0
IngridJCantu,0,0,0,0,0.02,0.52,0,0.46,0,0
Carlos04185143,0.16,0.08,0,0.16,0.13,0.04,0.33,0.05,0.03,0
tatunori513,0.03,0.03,0.03,0.03,0.03,0.03,0.03,0.7,0.03,0.03
SheA1NTKi,0,0,0,0,0.14,0.1,0,0.76,0,0
KatchHQ,0.06,0.36,0,0.03,0.24,0.05,0.14,0.03,0.09,0
MahoneMaBoy,0,0.03,0,0,0.32,0.61,0,0,0,0.02
therealZackKatz,0.77,0.01,0,0.01,0,0.02,0.11,0.08,0,0
kinglamboheat21,0.01,0,0,0,0.09,0.39,0,0.5,0,0
_Faraz,0.05,0.06,0,0,0.17,0.12,0.56,0,0.02,0
JawedTweets,0,0,0,0,0.03,0.05,0.81,0.02,0.09,0
Nat_xoo,0,0,0,0,0,0.61,0,0.28,0.11,0
JG90210,0,0,0,0,0.04,0.89,0,0.07,0,0
ColeBlooded16,0.36,0,0,0,0,0.02,0,0.61,0,0
tabatkins,0.12,0,0,0,0.11,0.38,0.37,0,0,0
lydiaflorence_,0,0,0,0.03,0.02,0.88,0,0.06,0,0
therealcandy88,0.02,0,0,0,0.03,0.05,0,0.9,0,0
Jus_Stu,0.04,0.02,0,0.15,0.07,0.07,0,0.52,0.12,0
DaaYusof,0,0,0,0,0,0.29,0,0.05,0.66,0
luurivero87,0,0,0,0,0,0,0,0,0,1.0
choploueh,0,0,0,0,0.01,0.89,0.01,0.04,0.03,0
nate_gonzales,0.02,0,0,0,0.12,0.56,0,0.3,0,0
wrestlingnomad,0.79,0,0,0.08,0.05,0.02,0.05,0,0,0
onj_forshort,0.05,0,0,0,0.06,0.42,0.04,0.42,0,0
falnelind,0.02,0,0,0,0,0.24,0,0.5,0.16,0.08
vandalism_fd,0,0,0,0,0,0,0.94,0,0,0
MSheikh313,0.02,0,0,0.03,0.02,0.57,0.06,0.26,0.03,0
fuzamanraja,0,0,0,0,0.04,0.05,0.66,0,0.24,0
RenzelMcSilver,0.07,0,0,0.03,0.09,0,0,0,0.05,0.75
_delhiteLdy,0,0,0,0,0.25,0.14,0,0,0.6,0.01
isa_abadia,0,0,0,0,0,0,0.08,0,0,0.92
ritscrazker,0.04,0,0,0,0,0.64,0.28,0.04,0,0
SNZ_STRTSIBLING,0.15,0.02,0,0.01,0.06,0.04,0.02,0.2,0.49,0
_leannn2,0.06,0,0,0,0,0.44,0,0.41,0.08,0
harshrajrox01,0,0.16,0,0,0,0.67,0.14,0.03,0,0
KaranJa23931874,0.09,0,0,0.27,0.2,0,0.08,0,0.37,0
Martoz96,0,0,0,0.01,0.02,0.7,0.07,0.18,0,0
abraughler,0.01,0.02,0,0,0.25,0.63,0.07,0.02,0,0
Futch_It37,0.03,0,0,0,0.02,0.6,0,0.34,0,0
FlorBelieber99,0,0,0,0,0.05,0,0,0,0,0.95
DrStrangeLove22,0.07,0,0,0,0.19,0.41,0.31,0,0,0
OpulentCouture,0.02,0.12,0,0.05,0.49,0.18,0.09,0.03,0.01,0
luisb21_,0.11,0,0,0.01,0,0.58,0,0.29,0,0
3ine_s,0,0,0,0,0,0.91,0,0.07,0.01,0
_Natykirsch,0,0,0,0,0,0,0,0,0,1.0
jessicachido,0,0,0,0,0.38,0.47,0,0.02,0.12,0
Jariff_,0.09,0,0,0.04,0.04,0.72,0.1,0,0,0
Maddy_Stricks,0.08,0,0,0,0,0.7,0,0.21,0,0
DNakkoud,0,0,0,0,0,0.77,0,0.23,0,0
sammyflesher,0.48,0,0,0,0.01,0.38,0,0.1,0.02,0
LaCretiaWomack,0.94,0,0,0.06,0,0,0,0,0,0
Megadethchic,0.25,0,0,0.02,0.2,0.37,0.08,0.06,0,0
WWERickGrimes,0.25,0,0,0,0,0.41,0,0.32,0.01,0
kopiarap,0,0,0,0.21,0,0,0,0,0.78,0
Stockfiendz,0,0,0.02,0,0,0,0,0.98,0,0
ScottHaynesRE,0.19,0.12,0,0,0.37,0.06,0.2,0.04,0,0
TarnationTim,0.8,0,0,0.02,0.05,0.06,0.02,0.05,0,0
Radio_V_L,0,0.02,0,0.76,0,0,0.13,0,0,0.1
rebeccawoford,0,0,0,0,0,0.49,0,0.5,0,0
SamsungSupport,0,0.92,0.01,0,0.06,0,0,0,0,0
Cecilia_VS_444,0.05,0.05,0.05,0.05,0.05,0.05,0.05,0.55,0.05,0.05
mmargot94,0,0,0,0,0,0,0,0,0,1.0
yanovi_,0.11,0.03,0,0.02,0.13,0.6,0.05,0.03,0.01,0
sliceofcait,0.05,0.1,0,0.04,0.41,0.36,0,0.03,0,0
nrppp__,0.02,0,0,0.01,0.05,0.8,0,0.08,0.05,0
