id,indegree,outdegree,degree
00k,0,1,1
kb,3,1,4
078_yess,0,2,2
AntiJokeTyrone,34,0,34
sdcmedia,2,0,2
09youngm,1,2,3
raguas4,2,0,2
siddersgeorge,1,2,3
108,2,1,3
jennatar,7,2,9
1140miles,0,1,1
ShayeWilkowske_,1,0,1
143mandz,0,1,1
JustBlaze,34,0,34
1D_news24_7,0,1,1
1DLittleSecret,26,0,26
1dhugsx,0,1,1
209scraziest,0,1,1
alyssalee64,1,0,1
2CC,1,2,3
Lerida_Estate,2,1,3
mrbenjaminlaw,4,1,5
3FE,4,1,5
forkncork,1,1,2
44,4,2,6
c2,1,1,2
rx,5,3,8
468,0,2,2
WNews_Reddit,2,0,2
iA,11,1,12
4everwine,0,1,1
Aliceday09,1,0,1
50atbid,0,1,1
BW,44,1,45
58R,1,1,2
MutePaper,1,1,2
982Ethan,0,1,1
FA,76,0,76
9ja_Boss,1,1,2
TemiAdebiyi,1,1,2
9x,1,1,2
politiquestions,2,1,3
ADBremner,1,1,2
alexmassie,6,0,6
ADPHUK,1,1,2
pbradley1965,1,1,2
ALI_75015,0,1,1
L_Emilie78,1,0,1
AP_Alyson,1,1,2
A_lexandra2,1,1,2
ARTORICAL,0,1,1
ASSonLOSO,1,1,2
montCAPboii1,1,1,2
ASipOf_Mocha,1,1,2
DiBiaseATL,2,2,4
ATLHustlerPride,0,1,1
VPMattJR,3,0,3
AVASradiance,0,1,1
GamesBeat,5,1,6
AWillThaGreat,1,1,2
_NiquaaBoo,1,1,2
A_Merritt23,1,1,2
iza14018812,1,1,2
Aarmynah,1,1,2
Its_ybello,2,1,3
AboutIt_Tay,0,1,1
kenjeong,53,0,53
AceTorie,1,1,2
Ninnamariexo1,2,2,4
Ace_Levy_,1,1,2
NemRaps,3,2,5
AdmiralDurano,0,1,1
AfRuLeUx,1,2,3
Cleem_cht,1,1,2
pasletime,11,0,11
AlanaReimondo,1,1,2
brookechase36,1,1,2
Ale_carl36,0,1,1
AlecThompson3,1,1,2
arriffee,1,1,2
AlecThompson6,1,1,2
maddiejonesxoxo,1,1,2
Alex_Sizdi,1,1,2
PiLs_TK,1,2,3
AlexaCastillos,0,1,1
Orozco___,1,0,1
Alexaaandria,0,1,1
AlexandraMC4706,1,1,2
Keith_A_20,2,3,5
AlexandraaCasoo,0,1,1
tbhjustlol,15,0,15
AllisonPerales,0,1,1
AlphaMan78,0,1,1
AlviaBhisaksana,0,1,1
Alyia_Hilgeman,1,1,2
Lexa_Blainer,1,1,2
AlyssaVillescas,1,1,2
manduhhlauren,2,2,4
AmandaAasa,0,1,1
mattiasljungbrg,2,0,2
AmandaRay123,0,1,1
SydneyPopp,1,0,1
AmandineThl,0,1,1
AnnaRvr,13,0,13
AmberCheesecake,1,1,2
jazzabellediary,4,2,6
AmyThomas47,0,1,1
rhiannoncape,1,0,1
AmyThomas97,0,1,1
Kattastrophe_,1,0,1
AndreaGaytan4,1,1,2
Ashley_598,1,1,2
AndreaPCurtis,1,1,2
tackettdc,2,1,3
AndrewHopkins16,1,1,2
SelinaHite,1,1,2
Andy_Wheatley,0,1,1
JakeReesMogg,4,1,5
AneishaJustine,0,1,1
AngelaDelSol,0,1,1
qz,20,0,20
Angelicawuvsyu,1,2,3
jazlynngarcia,1,1,2
krustykalin,2,0,2
Anna2Sy,0,1,1
AnnaR90,1,1,2
AnnaX15,1,1,2
FedReady,3,3,6
Anna_63,0,1,1
AnonDitto,0,1,1
Anotherpotheadd,1,1,2
bbysproutlet,1,1,2
AnthonyLevin,1,1,2
ApexSteele,1,2,3
parkertorres98,1,1,2
ArianneWard,1,1,2
SamTempleman,1,1,2
ArtieFanPage,1,1,2
Gomemenasai,1,1,2
Ascii211,3,2,5
HanFreakinSolo,5,3,8
MadCatz,4,0,4
AshMeLater__,1,1,2
KingBailey413,1,1,2
AsroyyAlcantara,0,1,1
AugusTyme,0,1,1
tnewtondunn,4,1,5
Austin_Balos97,2,2,4
hope_stretchXO,1,1,2
yemil2013,1,1,2
AviNarine7,0,1,1
AyeeeFal,2,2,4
Real_Reck,1,1,2
t_sarahhh,2,2,4
AyyCeci,0,1,1
ImAntOrtiz,7,1,8
B00NC00N,2,2,4
SouthernShogun,1,1,2
__Kareemjr,1,1,2
BLCKKNG,0,1,1
Trillfo_life,1,0,1
BR4BBIT_,1,1,2
f0xhoound,1,2,3
BTP_TACO,2,2,4
Khie_Michelle,1,1,2
TyneyDacosta,1,1,2
BV,7,1,8
BWBkathy,0,1,1
B_Ryan7,1,1,2
taylarbaay,1,1,2
BabySorrela,0,1,1
deraj_10,1,0,1
BabyySM,0,1,1
agusstinhl,1,0,1
BallOut__Duke,1,1,2
youngboy_juney,3,3,6
BanggoodFashion,0,1,1
BeaSalgado7,1,1,2
varelamendi,1,1,2
BeatPoteto,1,1,2
native_rapper,2,2,4
BeccaRose66,0,1,1
Becky_wilkes2,0,1,1
Beecccaaxoxo,1,1,2
JoShauRamiReZ,1,1,2
Belieber__Rauhl,0,1,1
KIDRAUHL1345,1,0,1
Bene_000,0,1,1
94MarcoVss,7,0,7
Bene_Rbv,1,1,2
TashaaBlk,1,1,2
BertLatamore,0,1,1
markos,11,0,11
BestDarthVaderr,1,1,2
LotusTheory,1,1,2
BestLumpiaNA,1,1,2
ohgeezluis,1,1,2
BiancaOrtiz11,1,1,2
DeShawnThomas11,2,2,4
BiebersAddicts,0,1,1
bxmbiie,4,1,5
BiebersStruggle,0,1,1
BigNosedBully,1,1,2
ZantalScalie,2,2,4
BillBowring,1,1,2
fredacowell,1,3,4
Bistro_2110,0,1,1
11W,7,0,7
BlakDaDonPrince,0,1,1
MitchTC_34,1,0,1
BlareMusic,0,1,1
boysnoizerec,4,1,5
Blow_Jobs_Galor,1,1,2
alissaa19,1,1,2
Bobby_Gizmo,0,1,1
Boredhound,0,1,1
Boss_Ahh_StOner,1,1,2
PrettyPretty_21,1,1,2
BrendanIsTheGuy,1,1,2
_NG3_,2,2,4
Bretjohnston10,2,1,3
Fortu90,1,1,2
Brick_Icewood,0,1,1
BrittanyCapriR,1,1,2
BrunaRegina10,1,1,2
georxie,1,1,2
BrunsypPB,0,1,1
BubiStanciu,1,1,2
VAGorina,1,1,2
BuddyTebza,1,1,2
Gugu_D_,1,1,2
ButItsBiba,1,1,2
khristophe_,1,1,2
Butterfly_Lyns,0,1,1
Loves_Sparkle,3,0,3
CHUBBYGrilaNene,0,1,1
JasonHipster,1,1,2
CLEMS_OCONNORS,0,1,1
CPVDAR23,1,2,3
arriel29,2,2,4
CSLStockbroking,0,2,2
CSPshala,0,1,1
CacahueteSonia,0,1,1
Callum_Sibley,0,2,2
CameronYardeJnr,3,2,5
lewispringle,1,1,2
melliebuse,1,1,2
Canaryfan95,0,1,1
CapucineVssr,0,1,1
CarleeBerglund,0,1,1
Leathercrocs,5,1,6
CarolBale,0,1,1
MissionAthlete,1,0,1
Carterslife,1,1,2
Glanning75,1,2,3
CassidyParker13,0,1,1
CatheyShelby,1,1,2
asssssslyn,1,1,2
CharlieMayer93,0,1,1
ChaseEiland,0,1,1
ChelsLoveridge,0,1,1
TomDingleyPhoto,1,0,1
ChelsTopley,3,2,5
JoeGodden12,2,2,4
Liam_Ridout,1,2,3
ChemBarJournal,0,1,1
humuhumu,1,0,1
ChipsforthePoor,1,1,2
pushpullvintage,1,1,2
Chloe_Vincentt,2,1,3
roberts_jillian,1,1,2
ChocoFlavour,1,1,2
wennyyy_,1,1,2
ChrisRenwick,1,1,2
markrt,1,1,2
Christy_Jaynes,0,1,1
BertShowBert,2,0,2
Chuckkerryken,0,1,1
lomuellzzz3,2,1,3
Chxmpagnepapi_,1,1,2
IGottaFat_Ash,1,3,4
Cjhamilton4,1,1,2
meredithoffman,1,1,2
Claire0h,1,3,4
jf,2,1,3
ClaireF_,0,1,1
ClaireSS,1,1,2
EleanorRudd,1,1,2
ClaytonSprabary,0,1,1
h_sull34,1,0,1
ClearPthCapital,0,2,2
ClothingStoresx,0,1,1
kattanita,3,0,3
CollinHarris1,0,1,1
RJBoone14,1,0,1
CollinsCorina,1,1,2
WhoIsTeeDunn,1,0,1
CorrectUnicycle,0,1,1
CourtneyHill_16,1,1,2
EmilyTimchak,1,1,2
Crabb90,0,4,4
Cwaggonner,0,1,1
TC1310,1,0,1
DBulletsFilm,1,1,2
MRodgers4,1,1,2
DIXONBROS,0,1,1
DJFLEXONEE,1,1,2
MichelinaXOXO,1,1,2
DKingBH,1,1,2
GordDawg,1,1,2
DODStudios,0,1,1
missjrach,1,0,1
DULCE_MELINDRES,0,1,1
LargoJavariega,1,0,1
Dachoklitelviz,0,1,1
Dakidfresh247,1,1,2
DamnnCute,1,1,2
lovyay,1,1,2
DamoMccluskey,0,1,1
leephelps,2,1,3
DamonTemanson,0,1,1
FaZePryZee,8,0,8
DanMKDons,0,1,1
Dannys_in_Paris,1,1,2
iCHOAT3,1,1,2
DasGomer,0,1,1
makaylagray_,1,0,1
DaveClarke42,0,1,1
UScricketguy,6,0,6
Daveyboymoyes,1,1,2
Nat_Hes,1,1,2
DavidOentoro,0,1,1
DeAndra_14,1,1,2
mattieparks_3,1,1,2
kerrimartinn,1,1,2
DearWhitney29,1,2,3
Marie_isiz,1,2,3
DeborahfromDetr,0,1,1
Deepowell_62,2,2,4
KasiaMitchell,3,3,6
wesleyroberts4,3,3,6
Derek__Foreal,2,1,3
Sassy_Kassi92,1,1,2
DerickDanielD,1,1,2
amlalaine,1,1,2
Desbarrancadero,0,1,1
ElKiwiMx,1,0,1
DesireeeMarquez,1,1,2
DewGotti,1,1,2
_LuVa,1,1,2
settle4LES,7,1,8
DillonHeathh,1,1,2
mikegesicki,2,0,2
Dizzil79,1,1,2
connmack30,1,1,2
Dj_Skreem,0,1,1
DonnieAmes,1,1,2
TBOE99,1,1,2
DopeBoy_Vision,1,1,2
ThoughtAstronmr,1,1,2
DoraHuttoG,0,1,1
DrAsisAcharya,0,1,1
DrShobha,5,2,7
DrFronkenstine,0,1,1
ww,1,0,1
amitvkaushik,1,1,2
Drew_Money21,2,2,4
YOUknow_Styx,1,1,2
maria_thtkidd,2,2,4
Drunkbrunettes,1,2,3
FaithfulGf13,1,1,2
PaulyyC8,1,0,1
Drunken_Hatter,0,1,1
DuaneBratt,0,1,1
markdjarvis,1,0,1
DustySoup68,0,1,1
DuttyUrbann,1,1,2
Rarepapi,2,2,4
EC,0,2,2
ELJAYWIX,0,2,2
Watts2000,1,1,2
Eddy_with_aY,0,1,1
r_zana,2,1,3
EkaPitDew,0,1,1
IniCewekBanget,2,0,2
EliasD17,0,1,1
leafsbuzztap,3,0,3
EliasWVU,2,2,4
Qtypie018,1,1,2
kendallcoles24,1,1,2
Eliasafy,0,1,1
GeageaMaria,1,0,1
EligoEscapes,0,1,1
VisitEngland,6,2,8
EllaRalli,1,1,2
liam_cockayne,1,1,2
Ella_MacDonald,0,1,1
EllyfromOZ,0,1,1
Emanwhale,1,1,2
Yesenialuvz,1,1,2
Emily_Mangles,1,2,3
Wyefarm,1,0,1
EmmaSierra17,0,1,1
Emmyslim47,1,1,2
Sexycordel,1,1,2
EmoniIsMyName,2,2,4
PesosLik,1,1,2
RabbaShanks_,1,2,3
EndlessStackss,1,1,2
JustDOIt7696,2,2,4
EricDegerman,1,1,2
RonShandler,1,0,1
Eric_b1990,0,1,1
FFfarahain,0,1,1
SyarenaRadzi,1,0,1
FHS_Confessi0ns,0,2,2
brooke_dolezal,1,0,1
oliviacothran,1,0,1
FREZfries,0,1,1
kvg_ibe,1,0,1
FcoHerAgu,0,1,1
chukky_NE,1,0,1
InSydni_WeTrust,1,1,2
WajeehHasan2,1,1,2
Fernandolunaa14,1,1,2
jodhelychavez,1,1,2
Fieldy91Alex,0,1,1
JHunterChron,2,1,3
Flimsii,1,1,2
Skippysigmatic,1,1,2
Floflorynette,0,1,1
Forealizzle,1,1,2
FoxPublicHouse,0,1,1
thegraftonnw5,1,1,2
FuMan_Shu,1,1,2
Gab_Reflex,1,1,2
lmaokyleigh,1,1,2
GandyGoddess,1,1,2
LATibbetts,1,1,2
Gcina_S_Majola,0,1,1
Geanine1965,0,1,1
Gee_Off401,1,1,2
GeorgeCarscadde,1,1,2
blake023stanton,1,1,2
GeronimoTrill,0,1,1
Glo_boyyy,1,1,2
QueenJazminnn,1,2,3
GoodGuideBris,0,1,1
Gooner30Chris,0,1,1
GrandSecurityGr,0,3,3
NovaPeris,1,0,1
the_chronicle_,1,0,1
Grant_cocktails,0,1,1
blackwellrum,2,1,3
Greens_in_Reg,0,1,1
GT_GOLF,1,0,1
GregTumbarello,0,1,1
GrnRiverAmb,0,1,1
MilkyWayJP,1,0,1
GrownS1mba,1,1,2
iiBreathe_Musik,1,1,2
GwenSiblot,0,1,1
HMorales95,0,1,1
HafsaBilwani,0,2,2
Ayeeeshu,1,0,1
HaganNoeleen,0,1,1
Haileyamanduhhh,1,1,2
cadetcee,1,1,2
Hannaah_Roberts,0,1,1
HaywardLeland,0,1,1
VanArtGallery,2,0,2
HenriksenErik,0,1,1
theoneringnet,6,0,6
Heymebe_Hayley,1,1,2
msglap,1,1,2
HoODzFinEsT,1,1,2
brunaaaa_x3,1,1,2
HollybushG,1,1,2
RowingProjects,1,1,2
Honey_Shade,1,1,2
gwiboon,1,1,2
Hustle_Bunnee,0,1,1
IAMHIPHOP716,0,1,1
IAintShxt_Yet,1,1,2
Joi_2theworld,1,1,2
IAmJacksonK,1,1,2
j_muenzer_21,1,1,2
IAmMulo,1,1,2
_NOXL,2,1,3
joselinewest,1,1,2
ImClareHarrison,0,1,1
Indriaverillya,0,1,1
InkBonesBooks,0,1,1
OtakuCommunity,1,0,1
Ionisingsw,1,2,3
YellowAfterlife,1,1,2
Is_That_Gage,1,1,2
welOVEJassy,3,2,5
Isabella_Vy,1,1,2
ZaySmoove_,1,2,3
Italianstud0069,1,1,2
badger_lands,1,1,2
ItsMeeSkyee,1,1,2
_YeahImShort,2,2,4
ItsUlfiani,1,1,2
elle99justinB,1,1,2
IvanAllanPoe,0,1,1
MorganAshleey,1,0,1
JMedicine1,0,1,1
nmpanek,1,0,1
JVOXO88,0,1,1
JVerreckt,1,1,2
lealefeuuvre,1,1,2
J_Jones217,1,1,2
don_fishh,1,1,2
JacamusTaddamus,1,1,2
bennett2big4you,1,1,2
JackRudland,1,1,2
amyfranciss,1,1,2
JacobStopay,1,1,2
jakebloszinsky,1,1,2
JaneLinleyT,0,1,1
EmmaaBroownn,2,0,2
JayNicole_xoxo,1,2,3
Liziswhatitis,1,0,1
Tay_TooCool,2,2,4
JayTee2G,1,1,2
just_misi,1,1,2
Jazmynee__,1,1,2
_kaylakeyz,1,1,2
JeSuisFolleDEux,0,1,1
Jewcobbeak,0,1,1
Jo_Milligan,0,1,1
JoanaGabizinha,1,1,2
mahduds,1,1,2
JoeDrury,0,2,2
_dani_ross,1,1,2
Joey_Brack,1,1,2
j_wils96,2,2,4
JohnLones,1,1,2
emma_cunneen,1,1,2
JosAndrsSalazar,0,1,1
JoshuaGuthrie,0,3,3
JoshuaLouder,0,1,1
FordhamCompany,1,0,1
JuleeQuintana,1,1,2
wazzalachels,1,1,2
JulesDerekWills,0,1,1
RegalOutlaw,1,0,1
JuliaTuzzolino,0,1,1
Junior_moya24,1,1,2
SlikRicktheRula,1,1,2
JustBabyDee,1,1,2
MarinaLongoria1,1,1,2
Justin_Onorato,0,1,1
maddiesloneh,1,0,1
KUF_Love,0,1,1
KWEEN_Ci,1,1,2
Xoxomunchkin_,1,1,2
K_Eppp,0,1,1
_BitchYouSEEMe,1,1,2
KatelynFaggerty,1,1,2
_jadamichelle,1,1,2
KateyCollins,1,1,2
aardvarksafaris,1,1,2
KatieCastanon,0,1,1
Swxnky,3,2,5
KaylaJacqueline,1,1,2
TorieAloi,1,1,2
KayleeeighRhian,0,1,1
Keepcalmtwitt,0,1,1
rangersaregood,1,1,2
stephanieskene,1,0,1
KelMichaelle,1,1,2
SeanUnderwood00,1,1,2
KellenTheModel,0,1,1
_lovelycinx3,1,0,1
Kendra14Leigh,1,1,2
VernRiffeCenter,1,1,2
Kenny6FHS,1,1,2
Twice_5,1,1,2
KentFontenot,1,1,2
ambrrlee_arr,1,1,2
KevinFbaby23,0,1,1
KikeNavas94,0,1,1
King_Scxtt,1,1,2
_Telebah,1,1,2
Kit_Kat817,0,1,1
KofiOVO,1,1,2
ajturch35,1,1,2
Kololiaaionee,2,2,4
acuuura,1,1,2
Korinna10,1,1,2
kayteecandela,1,1,2
KorriCurtis,0,1,1
Krazy_kaybrooks,1,1,2
aaronwade4,3,3,6
Kristenpanz,1,1,2
jcatprettycat,1,1,2
Krittinbug,1,1,2
ellagantx,2,2,4
LANAUespacio,0,1,1
TeatroCalderonM,1,0,1
LILD916,0,1,1
LLCooJO,0,1,1
IndieJoi,3,0,3
LOVATOPDOWN,2,1,3
being_bearable,1,0,1
LRNeuby,0,1,1
Shannon_Penn,1,0,1
LVL47Games,0,1,1
LadyHOOPS__x10,1,1,2
_pure_beauty101,1,1,2
Lala_jonnae,0,1,1
336_my_city,1,0,1
Lance_C32,0,1,1
tmexthetrex,1,0,1
Laudalina2,0,1,1
LauraSymonxo,0,1,1
LaurenFazioo_,1,1,2
ally_whitaker,1,1,2
Lauren__boyett,0,1,1
gracexharrison,1,0,1
LaurissaJesen1,0,1,1
tvs7340,1,0,1
LeafsFanMike17,0,1,1
BrentButt,4,0,4
dannyalva_,1,1,2
LeeAllenHoward,1,1,2
horrorwriter74,1,1,2
LeidyChris_,1,1,2
SHAH_MILLZ,1,1,2
Leka_J,2,1,3
Leke47,1,1,2
bstroh_55,1,1,2
Sam_Grains,2,0,2
LeviMusicClodgo,0,1,1
Lexi_RunninShit,1,1,2
_FlexGod,2,1,3
LeykaAdnieww,0,1,1
_nishashahira,1,0,1
LifeTeambreezy,0,1,1
LilleyMisuraco,0,1,1
LindseeyNicole,1,1,2
youngzebra,1,1,2
Lissandramg,0,1,1
LittleDiaazz_,0,1,1
JamesAn38439958,1,0,1
LittleGreyGleek,1,1,2
lipsofcabello,1,1,2
Liv2lovalways,0,1,1
DWTStars,1,0,1
LiveLifeLydz,1,1,2
uwantnee,1,1,2
Liverbabe78,0,1,1
Livooor,1,1,2
gill_lord,1,1,2
LizIsBeyonce,1,2,3
AndrewHopkins15,1,0,1
SweetTeaLxrry,1,1,2
Lizette_denise,1,1,2
_sophiarominaaa,1,1,2
LongLiveJag,2,1,3
ThoughtsByDRE,1,1,2
LosHernandezNBA,0,1,1
DanFeldmanNBA,1,0,1
LovasMJ,0,1,1
MSP_Traffic,2,0,2
LovelyAssAmber,1,1,2
ReezyDoe,2,2,4
Lunkechu,1,1,2
SarahxLenae,1,1,2
MADDIIIEE,1,1,2
viccsuchecki,1,1,2
MANUEL115,0,1,1
AnaRent,4,0,4
MHerdinius,1,2,3
philippaxelina,1,1,2
MKskates420,1,1,2
SirSuperStoner,1,1,2
MLhernout,0,1,1
M_Ihsan10,0,1,1
MaanonRx,0,1,1
MacGarnagle,0,1,1
almartin28,1,0,1
MaccaFn,0,1,1
beatboxhobbit,1,0,1
Macdavd,0,1,1
Macleodlvc,0,1,1
JV,1,0,1
Maddawg_Davis,1,1,2
jaycers_101,1,1,2
Maddlynn13,0,1,1
lee_109,1,0,1
MadiMeowth,1,1,2
civonulaB_oiraD,1,1,2
MadisonUli,1,1,2
kenzie_lessard,1,1,2
MaggiieShafer,0,1,1
jcollins1121,1,0,1
MainDiscussion_,1,1,2
_Fabjr,1,1,2
MallorySchapker,0,2,2
juicyjmeyer,1,0,1
kayyyythomas,1,0,1
Mani_Baaabyyy,1,2,3
MixxedBreeed_,1,1,2
ManuSolivella7,0,1,1
LucasGraells,2,0,2
ManuValverdeA,1,1,2
SabriMartinez15,1,1,2
Mariaundos3,1,1,2
adrii_fcb,1,1,2
HugoLezier,1,0,1
Marissa_Reynoso,0,1,1
MarkoPaovica,0,1,1
_NMay,3,0,3
MathieuLoutre,1,2,3
descubes,1,2,3
MaySurridge,0,1,1
MeTheBocus,1,0,1
McCrow76,0,1,1
SuperErizzle,1,0,1
MeiPlae,0,1,1
_SweetestEscape,1,0,1
MemoirsOfAKing_,1,1,2
TuesdayBleu,1,1,2
MerabGro,0,1,1
ValeriaDays,1,0,1
MericanMuscle12,1,1,2
breanne155,2,1,3
Michaelp11hm,0,2,2
MikeFrappuccino,1,1,2
kweenkuntaa,3,1,4
MikeyStacks7,0,1,1
loveee_emii,1,0,1
MilicaNenezic,0,1,1
MinajxBella_,1,1,2
deminvj,1,1,2
Minnie_MouseeXO,1,1,2
_llamiii,1,1,2
MissJennifer,1,1,2
MistuhKrabs,1,1,2
_bworkk,1,1,2
MoBeMuggin,0,1,1
MokingBirdSong,0,1,1
MolnarRachel,1,1,2
WAR_Race,1,1,2
Mowgli_Liii,1,1,2
SenyaLisette,1,1,2
MrOizoLA,0,1,1
MrWhoseUrDaddy,1,1,2
prettyPAIDash,2,1,3
MsTj_Siqila,1,1,2
ubsta_,1,1,2
MuseofIre,0,1,1
Shakestweetz,4,0,4
MyLifeIsTom,0,1,1
baileymcfc,2,2,4
Mylife_Ziall,0,1,1
N_S_Icon,0,1,1
NamelessKith,0,1,1
Nannaklausen,0,1,1
NenaGotSwagg,1,1,2
NatashaLoves1D_,0,1,1
NebulaKnows,1,1,2
bradleyfranks,1,1,2
YaBoiAction,1,1,2
itsSamCollins,4,1,5
Nenneeee_,1,1,2
NiNjaSpanish,0,1,1
Nicole_Stapler,1,1,2
nicole21290,1,2,3
Noelsmiles04,0,1,1
ltsTrueWisdom,1,0,1
NurNajmie_,1,1,2
iNoorFarhana,1,1,2
OGWATSON,0,1,1
OMD_Its1D,1,1,2
_foreverlarry_,1,1,2
OasisProps,0,1,1
JammiieeD,1,0,1
Officiaaljaz_,1,1,2
thisissharrieff,2,2,4
Official_LGoins,1,1,2
__ImThtNigga,1,1,2
OhNoAmmo,0,1,1
OlgaJOV,0,1,1
OlgaOG_,1,1,2
RogerThat_92,1,1,2
OmfgitsEdith,1,1,2
vickyd_817,1,1,2
PaddyChorlton,0,1,1
stringersbeer,1,0,1
Paigelp13,1,1,2
underwoodkatic,2,2,4
PalominoPony,1,1,2
PatsyMacGrealli,0,1,1
5thswag,1,0,1
PaulDaviesKew,0,1,1
LDNBeerWeek,2,0,2
PaulOutBox,1,2,3
Shiftinthinking,2,2,4
Paul_Castain,1,1,2
daviddseguraa,1,1,2
PaulsANDrewind_,1,1,2
breahislifee,1,1,2
Paulyne_,0,1,1
Paulysue,2,2,4
kasiax__,2,2,4
kierrawr_,2,1,3
PaulyyT_,0,1,1
Aubrayyy93,1,0,1
PeaceSchmidt,0,1,1
Gleekious,1,0,1
PeekaBooPooh,1,1,2
iScream_TMac,1,1,2
PelaezThePimp,2,3,5
_vicksterz,1,1,2
guwopgaby,1,1,2
Penguin_celi,0,1,1
Peru_Collins,0,1,1
mavunochurchorg,2,0,2
Pete_Chilcutt,0,1,1
Shakabrodie,1,0,1
PhilUpOnU,0,1,1
PinkNails_NMore,1,1,2
_DolllFace_,1,1,2
PlayJarizm,0,1,1
PurpleRane0511,0,1,1
QuarlesAlex,0,1,1
londongpowell,1,0,1
EMTwomes,1,0,1
Quilla10,1,1,2
leicestercity01,1,2,3
RMNewsFlash,1,1,2
mhmmdfkr_4,1,1,2
RaeNellLaG,0,1,1
RainRich,0,1,1
RajaKalsi,1,1,2
satiricdistress,1,2,3
RaquelAveeeiro,1,2,3
marnbt,1,1,2
Unkommonmixture,1,1,2
Rautela,0,2,2
LGIndiaTweets,5,0,5
satyamevjayate,6,0,6
Raw_Toastt,0,2,2
Rayyan_tukur,0,1,1
_Marybeee,1,0,1
RealEceStyles_2,1,1,2
RealEceStyles_3,1,1,2
RealzDoe,0,1,1
ReddHott_,1,1,2
brandino_lalo,1,1,2
youngMikePhelps,1,2,3
ReezyKid,0,1,1
RhysDMiles,0,1,1
RichCookOnWine,1,2,3
bruceschoenfeld,5,0,5
lutzvillewines,1,1,2
Richiebrown_85,1,1,2
amandaemma12,1,1,2
RideOutTheWave,1,2,3
cathypower,1,1,2
RioBallout,0,1,1
KalishaSandre,1,0,1
Riskypvt_miller,0,1,1
RochaGrier,0,1,1
RockettStGeorge,0,1,1
SHRBTCH,1,0,1
RomanoucheDede,0,1,1
Rosstominey,0,2,2
RoxanneShirazi,1,1,2
mfgaede,1,1,2
RufusNolan,0,1,1
Ryan2Changz,1,1,2
eastersss,2,2,4
RyanThompson311,1,1,2
datdykson,1,1,2
SMITHEN_overU,1,1,2
_iStrokeuMoan_,1,1,2
SMbb34,0,1,1
BasedGodVeeze,1,0,1
Saadiq_Shabazz,0,1,1
SamPrentice95,0,1,1
Sarahbrennt,0,1,1
Scrupulous7,0,2,2
BurgerrB,3,0,3
deLusticious,4,0,4
ShaSellars,1,1,2
a_fry7,1,1,2
ShaeMallory,1,2,3
jacobjohntow,2,2,4
lobakerrr,2,1,3
Shaniqua_Renae_,0,1,1
stephencbishop,6,0,6
Shaunstah,1,1,2
mat711,1,1,2
She_SuckaFREE,0,1,1
JennyBoomBoom85,1,0,1
fuckinwank3r,1,1,2
Si,0,2,2
wr,4,2,6
SirGreybush,0,1,1
drunkjaysfans,3,0,3
SkunkWrestler,0,1,1
SlyleRaab,0,1,1
JoeyRLibby,1,0,1
Smoove_Religion,0,3,3
2TONEZZZZZ,1,0,1
_beatrizrivera,1,0,1
nameskellina,1,0,1
SoFLiTay,0,1,1
Soffia0620,1,1,2
smyd_26,2,2,4
Solomon419_,1,1,2
TKentopp,1,1,2
SophiaMonique_,1,1,2
kendallali,1,1,2
SpannyPunany,0,1,1
StDxToddler,0,1,1
St_Evo_,0,1,1
Starburch,0,1,1
StephanieRgrs,0,1,1
StephanieT313,0,1,1
SteveC0067,0,1,1
StreaksSterling,0,1,1
baetrip,1,0,1
SumMannShit,1,1,2
_vanessamarissa,1,1,2
SuperSinger1231,0,1,1
TheDanielMeyers,1,0,1
Supsaam,1,1,2
cokegold,2,2,4
SurlyGriffith,0,1,1
Susanmaed,0,1,1
akamikki08,1,0,1
SwapnilDutkar,0,1,1
Back2Sellnhoes_,1,0,1
WF,2,0,2
TBOSSM,0,1,1
THEREALDJSAVAGE,0,1,1
TaniaVidovic,0,1,1
Tashaa_17,1,1,2
yupitstifftiff,1,1,2
TaurusBone,0,1,1
Taylor_West25,1,1,2
j_wag10,1,1,2
Teafletcher,1,1,2
almightyshvkur,1,1,2
TeeDotsworld_,0,1,1
Love_MissKay,1,0,1
Texas_Stew,0,1,1
That_Weird_Kid9,0,1,1
morgan_finger,1,0,1
TheJoshlax,0,1,1
ThePale_Moon,0,1,1
Laurenngracie,1,0,1
TheSonOfJungle,0,2,2
EmilyCarbery,2,0,2
KyliSimonelli,1,0,1
TheSportsCast,0,1,1
TheStellaJavien,0,1,1
ThruEmmasEyes,0,1,1
TieDyeJoe,1,1,2
hawaiiianlion,1,1,2
TiffyCourtney,1,1,2
TikeGooden,1,1,2
bthurm85,1,1,2
TommyBandlow,1,1,2
Von_VonRichter,1,1,2
Tonjesnapa,0,1,1
TootsiePopIzBk,0,1,1
Super_flysam,1,0,1
TracksideTrav,0,1,1
RacenetTweets,1,0,1
Trip_Maverick,0,1,1
TrueBeautyXO_,1,1,2
deztbh,1,1,2
Tumaiencuatro,1,1,2
__whorege,1,1,2
TutRaygoza,0,1,1
TweetThis_DICK,0,1,1
Endless_Kicks_,1,0,1
TylerGoodybag,0,2,2
TylerHumbel,1,1,2
ianfarmerdoe,2,1,3
TylerLumberjack,1,1,2
mooney_steve99,1,1,2
UNHCowbell,0,1,1
Ugly_Feelingss,1,1,2
__girlybrunette,1,1,2
UnpopularGamerr,0,1,1
UpshawCrystal,0,1,1
UrbaneDoc4Kids,0,1,1
staceyNYCDC,1,0,1
VianneyAksil,0,1,1
VictorCatteau,0,1,1
EchosPolitique,1,0,1
VielCstro,0,1,1
Marcobununu,1,0,1
ViirusOh,0,2,2
VineetSonkar,0,1,1
W80Stephens,0,1,1
WSmithhh,1,1,2
andimawsonn,1,1,2
WeStreamMusic,0,1,1
kadeyjames,2,1,3
WebbleAlliance,0,1,1
WelshAlienLDN,0,1,1
Nick_Pettigrew,1,0,1
WillTruthout,0,2,2
WillWheaton1,0,1,1
William_Stits,1,1,2
brefickle,1,1,2
Winegarden_A,0,3,3
BeerInsights,1,0,1
Wooomane,0,1,1
WorkTiffany,1,1,2
aye_its_paige04,1,1,2
WritingLisaL,0,1,1
misskubelik,1,1,2
Xo_Yanaaaa,0,1,1
_NOBODYGreater,1,0,1
Xx_2ClassyJaye_,0,1,1
rwood035,1,0,1
YOLO_BTC,0,1,1
YOUNGPIFFIII,0,2,2
YVNGBRONZE,0,1,1
Baileeyylynnn,1,0,1
YeahhImAFangirl,0,3,3
bathbombfranta,1,0,1
mellarkskisses,1,0,1
Yep_Im_Dope,0,2,2
Tay_TheQueen,1,0,1
YoGirlSadesss,1,1,2
ch_ells,1,1,2
YoooJvmes,1,1,2
herolynikcube4,1,1,2
Young_Cassa21,1,1,2
Youthguy07,1,1,2
wdwnotjustkids,1,1,2
ZacharyrrebweN,1,1,2
ashapohlel,1,1,2
Zahrah_Patel,0,1,1
Zane_Kugamore,1,1,2
__oxoxoxo,1,0,1
_Cheyyyenne6,0,1,1
kaylacook_,1,0,1
_Jocelynee13,1,1,2
wstdyth420,1,1,2
_LeslieMendez,1,1,2
andy_rojo98,1,1,2
_Made,1,1,2
_Maria_xoxo,0,1,1
khollinger__,1,0,1
_Marseille,0,1,1
_Mo0g,0,1,1
SteveAmiri,2,0,2
_NDN_,0,1,1
lowercasekev,1,0,1
_NE28,1,1,2
paulmcdermottt,2,2,4
officialjoseiii,1,1,2
__CurlyBoy,1,2,3
_Nathaaliaa_,1,1,2
_niccoleEsteves,1,1,2
_Natykirsch,1,1,2
fofi2611,1,1,2
_ODJ_,1,1,2
montyxxo,1,1,2
_RuizNancy,1,1,2
alllycake,1,1,2
_TropicKidBebo,0,2,2
KeepinUpWitMems,1,0,1
iflyfearless,1,0,1
yootonna,1,1,2
__Goldie_Locks,0,1,1
NewJET_Order,1,0,1
__XIXVIII,0,1,1
_OOMF,1,0,1
__lovemi__,1,1,2
lxgxndary,1,1,2
__tiaNOtamera,0,1,1
priincessslay,1,0,1
_amdsoftball,0,1,1
_baddiesupreme,0,1,1
1k_Santana,1,0,1
_brianakelley,1,1,2
_cassidyj,1,1,2
hannahcarrillo_,1,1,2
_djuannaaa,3,3,6
_kodimarie,1,1,2
laurenlaiyen,1,2,3
mahdyy_,1,1,2
_ezSteezy,1,1,2
_highlyfavored1,0,1,1
MorganAshleiY,1,0,1
_iprettynay,1,1,2
_janannipuva,0,1,1
_lbeeen,1,1,2
blg_margaux,1,1,2
_meganf_,1,1,2
ohhlels,1,1,2
_meganjh,0,1,1
_plxtinuuum,1,1,2
rinnesy,1,1,2
_smoooochess,1,2,3
_wadem,1,1,2
jthor099,1,1,2
a2,1,1,2
ws,2,1,3
aSouthIndian,0,3,3
aaron643,0,1,1
aaronoafc,0,1,1
shawncphillips,1,0,1
lonnaannmarie,1,1,2
songsmakesense,1,1,2
adreechardae,0,1,1
adrianf0800,0,1,1
afox1793,0,1,1
agnesofiowa,0,1,1
Rincon38Mpls,1,0,1
akaasartule,0,1,1
alannacoton,0,1,1
alberto_sfcfans,0,1,1
speakersfc,1,0,1
aleefa_fab,0,1,1
aleema_baigh,0,1,1
basedemily,1,0,1
alejandrocoviel,0,1,1
mariaib52931594,1,0,1
alexjacobyx,0,1,1
alexsiregar,0,1,1
alextsovikian,0,1,1
alexvsnider,0,2,2
aliyalewis,0,1,1
CodyCarroll15,1,0,1
alltimeadtr,1,1,2
yakelinee_xo,1,1,2
alltimeblxw,0,1,1
allysondelagza,1,1,2
diegosalazar_21,1,1,2
alyssa_parker10,0,1,1
alyssaleong,0,1,1
sullaem,1,0,1
amg19842000,0,1,1
anmasijo,1,1,2
iPhelBlues,1,1,2
anouckjtn,0,1,1
anthonny__g,1,1,2
chandllor_,1,1,2
anthony_terrell,0,1,1
anthonytylerno1,0,1,1
apodrxw,0,2,2
aq,1,1,2
wolfhard,2,0,2
arfia__,1,1,2
sadkittymi,1,1,2
millionAire_too,1,1,2
arsenalvision,2,1,3
ashleighannan,1,1,2
harrisonmae97,1,1,2
ashlynericksonn,0,1,1
jordanbroown,1,0,1
ashtonmorris1,0,1,1
austinmohr00,0,1,1
austintucker47,0,2,2
matttiiiii,2,0,2
avbodeguers,0,1,1
Llancaturisme,1,0,1
b1gbones,0,2,2
Philwalkercomic,1,0,1
bEzEh44,0,1,1
baclofenews,0,1,1
DrinkTankAu,1,0,1
baileyneth,0,1,1
basyerbasil,0,1,1
bayleeeejahn,0,1,1
meghanhill_,1,0,1
bear_foot,1,1,2
phototropy,1,1,2
becerzzz,0,1,1
taylorhopkiins,1,0,1
beer_chris,0,1,1
ChefJamieLauren,3,0,3
begg_368k,0,1,1
_wa_ya,1,0,1
ben_geradts,0,1,1
benjthompson,0,1,1
beth_sellars,0,1,1
bethankellyy,1,1,2
im_sophieeee,1,1,2
bfchope,0,1,1
bieleberfan105,0,1,1
_taylorrbrookee,1,0,1
bigeasydrinks,0,1,1
bigkwanzaavest,0,1,1
billie_mack,0,1,1
birds_NESSt,1,1,2
shaunaxdeee,1,1,2
biswadeep07,0,3,3
ssttuuttii,1,0,1
RobbieGorgeous,1,0,1
blaireyes,1,1,2
jennagsb,1,1,2
blxcklace,0,1,1
barbiefakcr,1,0,1
bobaloo0,0,1,1
SillySillyGirl2,1,0,1
boomitsjessi,0,1,1
bootlegger1974,0,1,1
boringtrucker,0,2,2
__lucyosborne,1,0,1
paulrharvey3,1,0,1
born_dovah,0,1,1
bosiechampagne,0,1,1
braad_joness,0,1,1
bradderz2212,0,1,1
brandibuzzard,0,2,2
CKadventure247,1,0,1
breeeeeeeL,0,1,1
brennafolkers,0,1,1
MacRed96,1,0,1
briannamarselle,0,1,1
britbrought,0,1,1
brodybushnell14,0,1,1
KenzButler14,1,0,1
brookewaibel,0,1,1
brookins13,1,1,2
lexisheridan97,1,1,2
bropanski,0,1,1
Hairessy,1,0,1
bryvnna,0,1,1
btwlayy,1,1,2
buckeye2006,0,1,1
MannyActa14,2,0,2
buddykartik,0,1,1
bunnyoasis83,0,1,1
looarcher,1,0,1
littlethottie,1,1,2
caaitlinmccann,1,1,2
todd_diesel95,1,1,2
caitymedrek,0,1,1
calebinpdx,0,1,1
TheSpicyBee,1,0,1
callist0,0,1,1
calulmann,0,1,1
cathyca_,0,1,1
catjungle,0,1,1
cellodiva24,0,1,1
ch_endo,0,1,1
chelseaamainx,1,1,2
duff_rachael,1,1,2
cheryl7003,0,1,1
ao,2,0,2
chey_shy6,0,1,1
FemaleSccrProbs,1,0,1
chilll1d,0,1,1
chris_erdman,0,1,1
chris_wanless,1,1,2
yourroyalfresh,1,2,3
chrisbrownmob1,0,4,4
Tiffanynikolexx,1,0,1
cincodeymayo8,0,1,1
chichifriday,1,0,1
cj_cunningham22,0,1,1
clantz8895,0,1,1
managingmadrid,1,0,1
clarapilier,0,1,1
classicmaterial,0,1,1
codymoore_24,0,1,1
coltonhorn9,0,1,1
csuwildcat,1,1,2
fwenzel,1,1,2
d6,1,2,3
hawksley,1,1,2
ra,1,1,2
da_macc,0,1,1
daliamillan,0,1,1
danicyarr,1,1,2
iMaad_Scientist,1,1,2
danwindlol,0,1,1
davidmcdaniel21,0,1,1
j_wizzle20,1,0,1
debbiehabib_,1,1,2
marky_mark34,1,1,2
devlinxrose,1,1,2
dregsofpluto,1,1,2
diferentbutsame,0,1,1
djressiecups,0,1,1
djspencediamond,0,1,1
dkigweta,0,1,1
domingotrejo1,0,1,1
doraned66,0,1,1
dorproductions7,0,1,1
442,1,0,1
dortiz2371,0,1,1
dremmayoung,0,1,1
dubbsie17,0,1,1
duine71,0,1,1
primrosesandrue,1,0,1
dumtree18,0,1,1
dwellenstein,0,1,1
SMaryG,1,0,1
eatdrink_sleep,0,1,1
edentheboss,0,1,1
edquish,0,1,1
Heritage_Radio,2,0,2
edvla09,0,1,1
theScenesBand,1,0,1
ellie_keller21,0,1,1
elooise_and,0,1,1
emflint_,1,1,2
sulliebby,1,1,2
emilywindle_,0,1,1
emmapeters33,0,1,1
ericastokes,0,1,1
esepini,1,1,2
luis_law,1,1,2
eses150,0,1,1
farhanah_zlkfl,0,1,1
farrochie,0,1,1
fashionbyrd,0,1,1
SXMUrbanView,1,0,1
fow_nick,0,1,1
fplyasunova1,0,1,1
dygin1,1,0,1
Ollie_Middleton,1,0,1
freebaggins,0,1,1
gailweir,0,2,2
ghosh_manish,0,1,1
gummmypig,0,1,1
lyykalingat,1,1,2
hailefost,0,1,1
haley60597,0,1,1
halfdeeve,0,1,1
hannah_koller,0,1,1
hannahclong,0,1,1
harrislewis99,0,1,1
hawkk01,0,1,1
sullygo,1,0,1
hazelsanut,0,1,1
heartless_fay,0,1,1
HeyyDiva,1,0,1
heartpaynesx,0,1,1
Canada_5SOS,1,0,1
hh,1,2,3
szoges,1,1,2
hitendudhatra,0,1,1
hoosierdaddytdh,0,1,1
hotjamalle,1,1,2
ohhkass,1,1,2
httpspetrova,0,1,1
huff_caroline,0,1,1
hyphyabby,0,1,1
iSelphish,1,1,2
iamkeeferz,1,1,2
iToonsz,0,1,1
theninesixx,1,1,2
iamSamdaves1ne,0,1,1
iamjomos,0,2,2
iiAM_KYRiNA,0,1,1
tedburns28,1,0,1
iluvjb_7,0,1,1
imaskid,0,1,1
indyaxo,1,1,2
mpahoulis11,1,1,2
indydee,0,3,3
ErythreanSea,1,0,1
LaissezFaireBks,1,0,1
itsandreahh,0,1,1
itsforhome,0,1,1
CleantechOpenNE,1,0,1
itsjasminehey,0,1,1
meabh_mcnulty,1,0,1
itsmeLyAn27,1,2,3
TawaKaNaman,3,0,3
trixiesexyy,1,1,2
ivettex0,0,1,1
young_trelle_,1,0,1
ivettey_,1,1,2
ivetukis,0,1,1
teegssmith,1,1,2
jaaadeheath,1,1,2
leescfc1984,1,2,3
jackweller9,0,3,3
jacp1515,0,1,1
BFbookies,1,0,1
jadaawaydaa__,0,1,1
dnelms_,1,0,1
jant009,0,1,1
leighhannlazzz,1,0,1
jasonmo73570078,0,1,1
jdorosario,0,1,1
jenna927,0,1,1
jenna_r_,1,1,2
noelleloyello,1,1,2
jennajmv,0,1,1
jennam15,1,1,2
marandajoycee,1,1,2
jennammm,0,1,1
jeremyjr777,0,2,2
jerome33_,0,1,1
jerome559,0,1,1
ericakland,1,0,1
jerrybr54028613,0,1,1
jessica_13213,0,1,1
jhonatanisaac1,0,1,1
NeylaPerez3,1,0,1
jilliandiaries,0,1,1
qc,3,0,3
jkmcnamara,0,1,1
jo,0,1,1
johnnychronix,0,1,1
jonasz_k_,0,1,1
jordanwillcox,0,1,1
joshbellas,0,1,1
joshua_yoerger,0,1,1
joshueezy,0,1,1
joybowman1,0,1,1
jp_sano,1,1,2
mariapapadakis,1,1,2
juniorperezmon,0,1,1
justwaza,0,1,1
jyevans2,0,1,1
kAsSiCyRuS,0,1,1
ashleywelty,1,0,1
kaitlindob,0,1,1
kaplunm,0,1,1
katealejo01,1,1,2
katycantuflores,1,1,2
katiebenoit97,0,1,1
katysmart_00,0,1,1
kdwhite81,0,1,1
kecarter_,0,2,2
HelloFrancisco_,1,0,1
keelydawn_,0,1,1
sgrovesss,1,0,1
kelsterwhytey,0,1,1
kendallsan,0,1,1
kevenBasehooper,1,1,2
xChee_,1,1,2
keytyaqueline,1,1,2
loveniall1996,1,2,3
kh,0,1,1
khadesia_,0,1,1
Michaelp1122,1,0,1
kimfucius_say,0,1,1
king_pipestem,1,1,2
ohtsenashe,1,1,2
kitenge,0,5,5
knxcklepxckk,0,1,1
kraftpreston,0,1,1
DakotaDecoy,1,0,1
krislard,0,1,1
ragonmiller,1,0,1
kristineee26,0,1,1
laurencrago13,0,1,1
YoungStunner97,1,0,1
laurenjasso,0,1,1
Jazmyneee_,1,0,1
lausheehan,1,1,2
lewishunt94,1,1,2
lexnowling,0,1,1
lexx612,0,1,1
lg,2,1,3
lilmiguel815,0,1,1
lindsay_lee,1,1,2
theskipperdees,1,1,2
loftymatambo,0,1,1
louannthorel,0,1,1
camilllleanne,1,0,1
lovingpitts,0,1,1
lowec5,0,1,1
lowercasejae,0,1,1
loxbea,0,1,1
loxivn,0,1,1
luis_rh1,0,1,1
lukecfc1999,0,1,1
lulabula99,0,1,1
familymoms,1,0,1
maddisont19,0,1,1
johnkelly_music,1,0,1
madyearl,0,1,1
maivelous,1,1,2
paramofe,1,1,2
marfa5,0,1,1
marg_x,0,2,2
mark_ebpb,0,1,1
marlybreann,0,1,1
marmx3,0,1,1
martmannion,0,1,1
marv_p,0,2,2
Arfanchaudhry,1,0,1
marz05,0,1,1
mash09,0,2,2
matejaburisa,0,1,1
Team_Smoldy,1,0,1
mattydurgin,0,1,1
maverrikkk,0,2,2
mc,0,1,1
ph,1,0,1
mcintyrerayne,0,1,1
marie_sheira,1,0,1
mdelturco95,1,1,2
tracideannn,1,1,2
meow_at_me_,0,1,1
merriday_brandy,0,1,1
michico_angel,0,1,1
Dukong_taeng,1,0,1
mikemeginnis,0,1,1
mimiariengo89,0,1,1
Fearless15ers,1,0,1
mjvulch,0,1,1
monday40,0,2,2
morakinyoHadeyT,0,1,1
mshiek,0,1,1
mslaurenliz,1,1,2
nrawding116,1,1,2
namat05,0,1,1
ookuboy,1,1,2
naxeerdankoli,0,1,1
newparad_gm,0,1,1
imagina7ion,1,0,1
nhl_panthersfan,0,1,1
breeeeee__,1,0,1
nickfletchergdn,0,2,2
fembot77,1,0,1
niiallsgiirll,1,2,3
vanillalattehes,1,1,2
nikolayvanchev,0,1,1
nlcole_foo,0,1,1
SheibourneHotel,1,0,1
noel_elizabethh,0,1,1
noemzz_,0,1,1
nr,0,4,4
pm,1,0,1
nufcislife,1,1,2
off2wine,0,1,1
ohmyliam,0,1,1
ohparksehyoel,0,2,2
exosconvos,1,0,1
sehunxosoul,1,0,1
olashilebakare,0,1,1
PiimyToriah,1,0,1
ombelinejnt,0,1,1
onearsenalarmy,0,1,1
oo,0,2,2
originalankur,0,1,1
ot,0,1,1
owen_main,0,1,1
ox,0,1,1
paaquayson,0,1,1
pam0nhadoluanjr,0,1,1
goianadoluan,1,0,1
pamatluing,0,1,1
pandonkey,0,1,1
paralian,0,1,1
paulhboyd1,0,1,1
semoballErin,1,0,1
pete_stanley,0,2,2
petermcgladdery,0,1,1
ShutUpAndrea,1,0,1
phanatic97,0,1,1
pipipororo,1,1,2
sue_hoshi,1,1,2
piramida,0,1,1
BankToTheFuture,1,0,1
pmrane2703,0,2,2
porche_renee,0,1,1
AwfulSam,1,0,1
ppskmedia,0,1,1
prameshjain12,0,3,3
pratapketan,0,2,2
prestigy_moons,1,1,2
saffiah_,1,1,2
priyankapauly,0,1,1
procter25,0,1,1
qjnmh,0,1,1
queenniaaaa,1,1,2
theyloveimane,1,1,2
qx,1,1,2
rahmadillafth,0,1,1
randilynn_xx,0,1,1
rantindave,0,2,2
rastapasta42,0,1,1
rawilkinson11,0,1,1
rinniez,0,1,1
corrinrenee,1,0,1
rip1918,0,1,1
robertoooo_78,0,1,1
rohingupta1,0,1,1
rotster,0,1,1
markrshaw,1,0,1
rsiuda,0,1,1
rsjay1,0,1,1
rtbllue,0,1,1
rutto_kipkemboi,0,2,2
s_wizzard,0,1,1
salma_carrillo,0,1,1
sarabenwell,0,1,1
sarah_rutkowski,1,1,2
theSSDaryanani,1,1,2
sarahjane1923,0,1,1
sarahleeyoga,0,1,1
Crafterxxx,1,0,1
savannahwoodrow,0,1,1
seacol13,0,2,2
sevensanchezz,0,1,1
shakira_dc,0,1,1
shankap0tomus,0,1,1
sharishawstudio,0,1,1
sheisruthkelly,0,1,1
sherley60,0,1,1
sirine2b,0,1,1
LoubnaZrari,1,0,1
skylerashtonnn,0,1,1
smallcomfylouis,0,1,1
snregenold,0,1,1
spillaaar,0,1,1
startaMOB,0,1,1
HawksNumbers,1,0,1
stein_gauthier,0,1,1
stephanmerkle,0,1,1
stephengood08,0,1,1
stickyfingers63,0,1,1
stumcc761,0,1,1
sunshine_shanna,0,1,1
bentorrestweets,1,0,1
susiebear38,0,2,2
tAyDoReMaSh,0,1,1
tallecChristoph,0,1,1
tastyliam,0,1,1
teatyme1,0,1,1
teeflawlesss_,0,1,1
indigo_47_,1,0,1
tentril,0,1,1
thebetbutler,0,1,1
thedngrs,0,1,1
thefoodloft,0,1,1
WeBroughtBeer,1,0,1
thelorddraehn,0,1,1
themohaahmed,0,1,1
xperienceharlem,1,0,1
Blazed_Zombie,1,0,1
therealZackKatz,0,1,1
therohanization,0,1,1
tino_villegas,0,1,1
tomlinsorcier,0,1,1
txmlintwerk,1,0,1
tommy2hotty,0,1,1
tommybenit,0,1,1
tran_bill,0,1,1
SophiaBerrios,1,0,1
treysanford,0,1,1
thecajuncleaver,1,0,1
tw,0,2,2
twofortwomaybe,0,1,1
tylerichardson7,0,2,2
ReggieWLTX,1,0,1
_megan22,1,0,1
ullmatic,0,1,1
ultrasftc1,0,1,1
BoobsPics,1,0,1
wanderingmindds,1,1,2
untiltheygo,0,2,2
vaalouuz,0,1,1
valourchd,0,1,1
vanvannnnn,0,1,1
varcel1d,0,1,1
verminmark,0,1,1
victa_co,0,1,1
viveunpoquito,0,1,1
waitingirl13,0,2,2
wanakafilm,0,1,1
warholskidd,0,1,1
xotiaa_,1,1,2
wendypauyon,0,1,1
willi_knecht,0,1,1
DavidBernard21,1,0,1
wolfinhd,0,1,1
wydubawuqavu,0,1,1
wyqenujemaha,1,0,1
xBlainx,0,1,1
OhMyJulia_,1,0,1
xOBLiViiOUS,0,1,1
xjbftmc,0,1,1
yahoomac,0,1,1
yootopea,0,1,1
GreyhoundsGolf,1,0,1
younglink,0,1,1
youseph_11,0,1,1
zamonizuka,0,1,1
