id,label,timeset,eigencentrality,modularity_class
00k,00k,,0.0,11
kb,kb,,0.19641720891570533,11
078_yess,078_yess,,0.0,0
AntiJokeTyrone,AntiJokeTyrone,,0.32866644670260436,0
sdcmedia,sdcmedia,,0.019333320394270846,0
09youngm,09youngm,,0.02974843246886786,1
raguas4,raguas4,,0.05949686493773562,1
siddersgeorge,siddersgeorge,,0.02974843246886786,1
108,108,,0.2687547998385852,11
jennatar,jennatar,,0.5222309803009237,11
1140miles,1140miles,,0.0,2
ShayeWilkowske_,ShayeWilkowske_,,0.009666660197135423,2
143mandz,143mandz,,0.0,16
JustBlaze,JustBlaze,,0.5837969916860555,16
1D_news24_7,1D_news24_7,,0.0,3
1DLittleSecret,1DLittleSecret,,0.2714149373972534,3
1dhugsx,1dhugsx,,0.0,3
209scraziest,209scraziest,,0.0,4
alyssalee64,alyssalee64,,0.009666660197135423,4
2CC,2CC,,0.009666660197135423,5
Lerida_Estate,Lerida_Estate,,0.030261955120599267,5
mrbenjaminlaw,mrbenjaminlaw,,0.09234584114530953,5
3FE,3FE,,0.1023085927793695,6
forkncork,forkncork,,0.07968301719817042,6
44,44,,0.2667095046339587,7
c2,c2,,0.1386084794311759,7
rx,rx,,0.3490743937104328,7
468,468,,0.0,7
WNews_Reddit,WNews_Reddit,,0.019333320394270846,7
iA,iA,,0.3141714771521089,7
4everwine,4everwine,,0.0,8
Aliceday09,Aliceday09,,0.009666660197135423,8
50atbid,50atbid,,0.0,7
BW,BW,,0.9958721334238767,7
58R,58R,,0.02974843246886786,9
MutePaper,MutePaper,,0.02974843246886786,9
982Ethan,982Ethan,,0.0,371
FA,FA,,1.0,371
9ja_Boss,9ja_Boss,,0.02974843246886786,10
TemiAdebiyi,TemiAdebiyi,,0.02974843246886786,10
9x,9x,,0.04307237683394874,11
politiquestions,politiquestions,,0.04617292057265479,11
ADBremner,ADBremner,,0.009666660197135423,38
alexmassie,alexmassie,,0.08901036818087336,38
ADPHUK,ADPHUK,,0.02974843246886786,12
pbradley1965,pbradley1965,,0.02974843246886786,12
ALI_75015,ALI_75015,,0.0,13
L_Emilie78,L_Emilie78,,0.009666660197135423,13
AP_Alyson,AP_Alyson,,0.02974843246886786,14
A_lexandra2,A_lexandra2,,0.02974843246886786,14
ARTORICAL,ARTORICAL,,0.0,7
ASSonLOSO,ASSonLOSO,,0.02974843246886786,15
montCAPboii1,montCAPboii1,,0.02974843246886786,15
ASipOf_Mocha,ASipOf_Mocha,,0.009666660197135423,16
DiBiaseATL,DiBiaseATL,,0.16110459447993458,16
ATLHustlerPride,ATLHustlerPride,,0.0,17
VPMattJR,VPMattJR,,0.02899998059140627,17
AVASradiance,AVASradiance,,0.0,11
GamesBeat,GamesBeat,,0.24015223609725772,11
AWillThaGreat,AWillThaGreat,,0.02974843246886786,18
_NiquaaBoo,_NiquaaBoo,,0.02974843246886786,18
A_Merritt23,A_Merritt23,,0.02974843246886786,19
iza14018812,iza14018812,,0.02974843246886786,19
Aarmynah,Aarmynah,,0.04307237683394874,20
Its_ybello,Its_ybello,,0.04617292057265479,20
AboutIt_Tay,AboutIt_Tay,,0.0,337
kenjeong,kenjeong,,0.5324147627199097,337
AceTorie,AceTorie,,0.056590673893591244,21
Ninnamariexo1,Ninnamariexo1,,0.08116092828944935,21
Ace_Levy_,Ace_Levy_,,0.07260088364245774,22
NemRaps,NemRaps,,0.10573118268530746,22
AdmiralDurano,AdmiralDurano,,0.0,337
AfRuLeUx,AfRuLeUx,,0.02974843246886786,23
Cleem_cht,Cleem_cht,,0.02974843246886786,23
pasletime,pasletime,,0.14649680671195453,23
AlanaReimondo,AlanaReimondo,,0.02974843246886786,24
brookechase36,brookechase36,,0.02974843246886786,24
Ale_carl36,Ale_carl36,,0.0,371
AlecThompson3,AlecThompson3,,0.02974843246886786,25
arriffee,arriffee,,0.02974843246886786,25
AlecThompson6,AlecThompson6,,0.02974843246886786,26
maddiejonesxoxo,maddiejonesxoxo,,0.02974843246886786,26
Alex_Sizdi,Alex_Sizdi,,0.02974843246886786,16
PiLs_TK,PiLs_TK,,0.02974843246886786,16
AlexaCastillos,AlexaCastillos,,0.0,27
Orozco___,Orozco___,,0.009666660197135423,27
Alexaaandria,Alexaaandria,,0.0,7
AlexandraMC4706,AlexandraMC4706,,0.056590673893591244,28
Keith_A_20,Keith_A_20,,0.08116092828944935,28
AlexandraaCasoo,AlexandraaCasoo,,0.0,29
tbhjustlol,tbhjustlol,,0.16508167522876382,29
AllisonPerales,AllisonPerales,,0.0,0
AlphaMan78,AlphaMan78,,0.0,371
AlviaBhisaksana,AlviaBhisaksana,,0.0,371
Alyia_Hilgeman,Alyia_Hilgeman,,0.02974843246886786,30
Lexa_Blainer,Lexa_Blainer,,0.02974843246886786,30
AlyssaVillescas,AlyssaVillescas,,0.056590673893591244,31
manduhhlauren,manduhhlauren,,0.08116092828944935,31
AmandaAasa,AmandaAasa,,0.0,32
mattiasljungbrg,mattiasljungbrg,,0.03941509266600327,32
AmandaRay123,AmandaRay123,,0.0,33
SydneyPopp,SydneyPopp,,0.009666660197135423,33
AmandineThl,AmandineThl,,0.0,23
AnnaRvr,AnnaRvr,,0.1256665825627605,23
AmberCheesecake,AmberCheesecake,,0.0886110933913243,34
jazzabellediary,jazzabellediary,,0.1303014370811655,34
AmyThomas47,AmyThomas47,,0.0,35
rhiannoncape,rhiannoncape,,0.009666660197135423,35
AmyThomas97,AmyThomas97,,0.0,36
Kattastrophe_,Kattastrophe_,,0.009666660197135423,36
AndreaGaytan4,AndreaGaytan4,,0.02974843246886786,37
Ashley_598,Ashley_598,,0.02974843246886786,37
AndreaPCurtis,AndreaPCurtis,,0.009666660197135423,38
tackettdc,tackettdc,,0.030261955120599267,38
AndrewHopkins16,AndrewHopkins16,,0.02974843246886786,39
SelinaHite,SelinaHite,,0.02974843246886786,39
Andy_Wheatley,Andy_Wheatley,,0.0,117
JakeReesMogg,JakeReesMogg,,0.1323176742405523,117
AneishaJustine,AneishaJustine,,0.0,3
AngelaDelSol,AngelaDelSol,,0.0,7
qz,qz,,0.2201728041210924,7
Angelicawuvsyu,Angelicawuvsyu,,0.02974843246886786,40
jazlynngarcia,jazlynngarcia,,0.02974843246886786,40
krustykalin,krustykalin,,0.03941509266600327,40
Anna2Sy,Anna2Sy,,0.0,23
AnnaR90,AnnaR90,,0.0886110933913243,34
AnnaX15,AnnaX15,,0.09129997180849841,41
FedReady,FedReady,,0.1598319537711001,41
Anna_63,Anna_63,,0.0,5
AnonDitto,AnonDitto,,0.0,0
Anotherpotheadd,Anotherpotheadd,,0.02974843246886786,42
bbysproutlet,bbysproutlet,,0.02974843246886786,42
AnthonyLevin,AnthonyLevin,,0.07647809347076204,5
ApexSteele,ApexSteele,,0.02974843246886786,7
parkertorres98,parkertorres98,,0.02974843246886786,7
ArianneWard,ArianneWard,,0.02974843246886786,43
SamTempleman,SamTempleman,,0.02974843246886786,43
ArtieFanPage,ArtieFanPage,,0.02974843246886786,44
Gomemenasai,Gomemenasai,,0.02974843246886786,44
Ascii211,Ascii211,,0.2409006879747193,11
HanFreakinSolo,HanFreakinSolo,,0.41119830203968893,11
MadCatz,MadCatz,,0.15211016239823932,11
AshMeLater__,AshMeLater__,,0.02974843246886786,45
KingBailey413,KingBailey413,,0.02974843246886786,45
AsroyyAlcantara,AsroyyAlcantara,,0.0,371
AugusTyme,AugusTyme,,0.0,117
tnewtondunn,tnewtondunn,,0.1257515577821229,117
Austin_Balos97,Austin_Balos97,,0.08116092828944935,46
hope_stretchXO,hope_stretchXO,,0.056590673893591244,46
yemil2013,yemil2013,,0.056590673893591244,46
AviNarine7,AviNarine7,,0.0,371
AyeeeFal,AyeeeFal,,0.12556596278979923,183
Real_Reck,Real_Reck,,0.07228864486609923,183
t_sarahhh,t_sarahhh,,0.14457728973219833,183
AyyCeci,AyyCeci,,0.0,200
ImAntOrtiz,ImAntOrtiz,,0.14161930545667048,200
B00NC00N,B00NC00N,,0.08116092828944935,47
SouthernShogun,SouthernShogun,,0.056590673893591244,47
__Kareemjr,__Kareemjr,,0.056590673893591244,47
BLCKKNG,BLCKKNG,,0.0,48
Trillfo_life,Trillfo_life,,0.009666660197135423,48
BR4BBIT_,BR4BBIT_,,0.02974843246886786,16
f0xhoound,f0xhoound,,0.02974843246886786,16
BTP_TACO,BTP_TACO,,0.08116092828944935,49
Khie_Michelle,Khie_Michelle,,0.056590673893591244,49
TyneyDacosta,TyneyDacosta,,0.056590673893591244,49
BV,BV,,0.8067219307406768,7
BWBkathy,BWBkathy,,0.0,7
B_Ryan7,B_Ryan7,,0.02974843246886786,50
taylarbaay,taylarbaay,,0.02974843246886786,50
BabySorrela,BabySorrela,,0.0,51
deraj_10,deraj_10,,0.009666660197135423,51
BabyySM,BabyySM,,0.0,52
agusstinhl,agusstinhl,,0.009666660197135423,52
BallOut__Duke,BallOut__Duke,,0.09129997180849841,53
youngboy_juney,youngboy_juney,,0.1598319537711001,53
BanggoodFashion,BanggoodFashion,,0.0,34
BeaSalgado7,BeaSalgado7,,0.02974843246886786,54
varelamendi,varelamendi,,0.02974843246886786,54
BeatPoteto,BeatPoteto,,0.056590673893591244,55
native_rapper,native_rapper,,0.08116092828944935,55
BeccaRose66,BeccaRose66,,0.0,337
Becky_wilkes2,Becky_wilkes2,,0.0,371
Beecccaaxoxo,Beecccaaxoxo,,0.02974843246886786,56
JoShauRamiReZ,JoShauRamiReZ,,0.02974843246886786,56
Belieber__Rauhl,Belieber__Rauhl,,0.0,57
KIDRAUHL1345,KIDRAUHL1345,,0.009666660197135423,57
Bene_000,Bene_000,,0.0,267
94MarcoVss,94MarcoVss,,0.0877483936516804,267
Bene_Rbv,Bene_Rbv,,0.02974843246886786,58
TashaaBlk,TashaaBlk,,0.02974843246886786,58
BertLatamore,BertLatamore,,0.0,7
markos,markos,,0.13724706611607881,7
BestDarthVaderr,BestDarthVaderr,,0.02974843246886786,59
LotusTheory,LotusTheory,,0.02974843246886786,59
BestLumpiaNA,BestLumpiaNA,,0.02974843246886786,60
ohgeezluis,ohgeezluis,,0.02974843246886786,60
BiancaOrtiz11,BiancaOrtiz11,,0.056590673893591244,61
DeShawnThomas11,DeShawnThomas11,,0.08116092828944935,61
BiebersAddicts,BiebersAddicts,,0.0,62
bxmbiie,bxmbiie,,0.07902189678022874,62
BiebersStruggle,BiebersStruggle,,0.0,62
BigNosedBully,BigNosedBully,,0.056590673893591244,63
ZantalScalie,ZantalScalie,,0.08116092828944935,63
BillBowring,BillBowring,,0.02974843246886786,38
fredacowell,fredacowell,,0.02974843246886786,38
Bistro_2110,Bistro_2110,,0.0,74
11W,11W,,0.0877483936516804,74
BlakDaDonPrince,BlakDaDonPrince,,0.0,64
MitchTC_34,MitchTC_34,,0.009666660197135423,64
BlareMusic,BlareMusic,,0.0,16
boysnoizerec,boysnoizerec,,0.03866664078854169,16
Blow_Jobs_Galor,Blow_Jobs_Galor,,0.02974843246886786,65
alissaa19,alissaa19,,0.02974843246886786,65
Bobby_Gizmo,Bobby_Gizmo,,0.0,7
Boredhound,Boredhound,,0.0,11
Boss_Ahh_StOner,Boss_Ahh_StOner,,0.02974843246886786,66
PrettyPretty_21,PrettyPretty_21,,0.02974843246886786,66
BrendanIsTheGuy,BrendanIsTheGuy,,0.056590673893591244,67
_NG3_,_NG3_,,0.08116092828944935,67
Bretjohnston10,Bretjohnston10,,0.04617292057265479,412
Fortu90,Fortu90,,0.04307237683394874,412
Brick_Icewood,Brick_Icewood,,0.0,16
BrittanyCapriR,BrittanyCapriR,,0.009666660197135423,200
BrunaRegina10,BrunaRegina10,,0.02974843246886786,68
georxie,georxie,,0.02974843246886786,68
BrunsypPB,BrunsypPB,,0.0,371
BubiStanciu,BubiStanciu,,0.02974843246886786,69
VAGorina,VAGorina,,0.02974843246886786,69
BuddyTebza,BuddyTebza,,0.02974843246886786,70
Gugu_D_,Gugu_D_,,0.02974843246886786,70
ButItsBiba,ButItsBiba,,0.02974843246886786,71
khristophe_,khristophe_,,0.02974843246886786,71
Butterfly_Lyns,Butterfly_Lyns,,0.0,394
Loves_Sparkle,Loves_Sparkle,,0.02899998059140627,394
CHUBBYGrilaNene,CHUBBYGrilaNene,,0.0,371
JasonHipster,JasonHipster,,0.009666660197135423,371
CLEMS_OCONNORS,CLEMS_OCONNORS,,0.0,23
CPVDAR23,CPVDAR23,,0.056590673893591244,371
arriel29,arriel29,,0.08116092828944935,371
CSLStockbroking,CSLStockbroking,,0.0,7
CSPshala,CSPshala,,0.0,11
CacahueteSonia,CacahueteSonia,,0.0,267
Callum_Sibley,Callum_Sibley,,0.0,11
CameronYardeJnr,CameronYardeJnr,,0.10573118268530746,476
lewispringle,lewispringle,,0.07260088364245774,476
melliebuse,melliebuse,,0.07260088364245774,476
Canaryfan95,Canaryfan95,,0.0,371
CapucineVssr,CapucineVssr,,0.0,23
CarleeBerglund,CarleeBerglund,,0.0,72
Leathercrocs,Leathercrocs,,0.09544638488401568,72
CarolBale,CarolBale,,0.0,73
MissionAthlete,MissionAthlete,,0.009666660197135423,73
Carterslife,Carterslife,,0.02974843246886786,74
Glanning75,Glanning75,,0.02974843246886786,74
CassidyParker13,CassidyParker13,,0.0,371
CatheyShelby,CatheyShelby,,0.02974843246886786,75
asssssslyn,asssssslyn,,0.02974843246886786,75
CharlieMayer93,CharlieMayer93,,0.0,371
ChaseEiland,ChaseEiland,,0.0,11
ChelsLoveridge,ChelsLoveridge,,0.0,76
TomDingleyPhoto,TomDingleyPhoto,,0.009666660197135423,76
ChelsTopley,ChelsTopley,,0.13799716962861147,371
JoeGodden12,JoeGodden12,,0.13153330120011372,371
Liam_Ridout,Liam_Ridout,,0.0846715031615669,371
ChemBarJournal,ChemBarJournal,,0.0,77
humuhumu,humuhumu,,0.009666660197135423,77
ChipsforthePoor,ChipsforthePoor,,0.02974843246886786,78
pushpullvintage,pushpullvintage,,0.02974843246886786,78
Chloe_Vincentt,Chloe_Vincentt,,0.04617292057265479,432
roberts_jillian,roberts_jillian,,0.04307237683394874,432
ChocoFlavour,ChocoFlavour,,0.02974843246886786,79
wennyyy_,wennyyy_,,0.02974843246886786,79
ChrisRenwick,ChrisRenwick,,0.02974843246886786,80
markrt,markrt,,0.02974843246886786,80
Christy_Jaynes,Christy_Jaynes,,0.0,81
BertShowBert,BertShowBert,,0.019333320394270846,81
Chuckkerryken,Chuckkerryken,,0.0,82
lomuellzzz3,lomuellzzz3,,0.04617292057265479,82
Chxmpagnepapi_,Chxmpagnepapi_,,0.02974843246886786,337
IGottaFat_Ash,IGottaFat_Ash,,0.02974843246886786,337
Cjhamilton4,Cjhamilton4,,0.02974843246886786,83
meredithoffman,meredithoffman,,0.02974843246886786,83
Claire0h,Claire0h,,0.04307237683394874,7
jf,jf,,0.04617292057265479,7
ClaireF_,ClaireF_,,0.0,3
ClaireSS,ClaireSS,,0.02974843246886786,84
EleanorRudd,EleanorRudd,,0.02974843246886786,84
ClaytonSprabary,ClaytonSprabary,,0.0,85
h_sull34,h_sull34,,0.009666660197135423,85
ClearPthCapital,ClearPthCapital,,0.0,7
ClothingStoresx,ClothingStoresx,,0.0,86
kattanita,kattanita,,0.02899998059140627,86
CollinHarris1,CollinHarris1,,0.0,87
RJBoone14,RJBoone14,,0.009666660197135423,87
CollinsCorina,CollinsCorina,,0.009666660197135423,88
WhoIsTeeDunn,WhoIsTeeDunn,,0.020595294923463833,88
CorrectUnicycle,CorrectUnicycle,,0.0,337
CourtneyHill_16,CourtneyHill_16,,0.02974843246886786,89
EmilyTimchak,EmilyTimchak,,0.02974843246886786,89
Crabb90,Crabb90,,0.0,7
Cwaggonner,Cwaggonner,,0.0,90
TC1310,TC1310,,0.009666660197135423,90
DBulletsFilm,DBulletsFilm,,0.02974843246886786,91
MRodgers4,MRodgers4,,0.02974843246886786,91
DIXONBROS,DIXONBROS,,0.0,16
DJFLEXONEE,DJFLEXONEE,,0.02974843246886786,92
MichelinaXOXO,MichelinaXOXO,,0.02974843246886786,92
DKingBH,DKingBH,,0.02974843246886786,93
GordDawg,GordDawg,,0.02974843246886786,93
DODStudios,DODStudios,,0.0,94
missjrach,missjrach,,0.009666660197135423,94
DULCE_MELINDRES,DULCE_MELINDRES,,0.0,95
LargoJavariega,LargoJavariega,,0.009666660197135423,95
Dachoklitelviz,Dachoklitelviz,,0.0,337
Dakidfresh247,Dakidfresh247,,0.009666660197135423,16
DamnnCute,DamnnCute,,0.02974843246886786,96
lovyay,lovyay,,0.02974843246886786,96
DamoMccluskey,DamoMccluskey,,0.0,371
leephelps,leephelps,,0.019333320394270846,371
DamonTemanson,DamonTemanson,,0.0,11
FaZePryZee,FaZePryZee,,0.08826191630341192,11
DanMKDons,DanMKDons,,0.0,371
Dannys_in_Paris,Dannys_in_Paris,,0.02974843246886786,97
iCHOAT3,iCHOAT3,,0.02974843246886786,97
DasGomer,DasGomer,,0.0,98
makaylagray_,makaylagray_,,0.009666660197135423,98
DaveClarke42,DaveClarke42,,0.0,371
UScricketguy,UScricketguy,,0.07985723063546936,371
Daveyboymoyes,Daveyboymoyes,,0.02974843246886786,99
Nat_Hes,Nat_Hes,,0.02974843246886786,99
DavidOentoro,DavidOentoro,,0.0,7
DeAndra_14,DeAndra_14,,0.02974843246886786,100
mattieparks_3,mattieparks_3,,0.02974843246886786,100
kerrimartinn,kerrimartinn,,0.056590673893591244,61
DearWhitney29,DearWhitney29,,0.02974843246886786,23
Marie_isiz,Marie_isiz,,0.02974843246886786,23
DeborahfromDetr,DeborahfromDetr,,0.0,337
Deepowell_62,Deepowell_62,,0.3194570556303944,179
KasiaMitchell,KasiaMitchell,,0.3674585565755212,179
wesleyroberts4,wesleyroberts4,,0.3877173976568251,179
Derek__Foreal,Derek__Foreal,,0.04617292057265479,462
Sassy_Kassi92,Sassy_Kassi92,,0.04307237683394874,462
DerickDanielD,DerickDanielD,,0.02974843246886786,101
amlalaine,amlalaine,,0.02974843246886786,101
Desbarrancadero,Desbarrancadero,,0.0,102
ElKiwiMx,ElKiwiMx,,0.009666660197135423,102
DesireeeMarquez,DesireeeMarquez,,0.056590673893591244,31
DewGotti,DewGotti,,0.02974843246886786,103
_LuVa,_LuVa,,0.02974843246886786,103
settle4LES,settle4LES,,0.2020616162127686,16
DillonHeathh,DillonHeathh,,0.009666660197135423,309
mikegesicki,mikegesicki,,0.030261955120599267,309
Dizzil79,Dizzil79,,0.02974843246886786,104
connmack30,connmack30,,0.02974843246886786,104
Dj_Skreem,Dj_Skreem,,0.0,371
DonnieAmes,DonnieAmes,,0.02974843246886786,105
TBOE99,TBOE99,,0.02974843246886786,105
DopeBoy_Vision,DopeBoy_Vision,,0.02974843246886786,106
ThoughtAstronmr,ThoughtAstronmr,,0.02974843246886786,106
DoraHuttoG,DoraHuttoG,,0.0,337
DrAsisAcharya,DrAsisAcharya,,0.0,381
DrShobha,DrShobha,,0.09544638488401568,381
DrFronkenstine,DrFronkenstine,,0.0,107
ww,ww,,0.009666660197135423,107
amitvkaushik,amitvkaushik,,0.08304420992919148,381
Drew_Money21,Drew_Money21,,0.1126794601490237,348
YOUknow_Styx,YOUknow_Styx,,0.068507909618346,348
maria_thtkidd,maria_thtkidd,,0.1126794601490237,348
Drunkbrunettes,Drunkbrunettes,,0.02974843246886786,108
FaithfulGf13,FaithfulGf13,,0.02974843246886786,108
PaulyyC8,PaulyyC8,,0.02974843246886786,108
Drunken_Hatter,Drunken_Hatter,,0.0,11
DuaneBratt,DuaneBratt,,0.0,109
markdjarvis,markdjarvis,,0.009666660197135423,109
DustySoup68,DustySoup68,,0.0,0
DuttyUrbann,DuttyUrbann,,0.056590673893591244,110
Rarepapi,Rarepapi,,0.08116092828944935,110
EC,EC,,0.0,11
ELJAYWIX,ELJAYWIX,,0.0,16
Watts2000,Watts2000,,0.009666660197135423,16
Eddy_with_aY,Eddy_with_aY,,0.0,419
r_zana,r_zana,,0.05949686493773572,419
EkaPitDew,EkaPitDew,,0.0,111
IniCewekBanget,IniCewekBanget,,0.019333320394270846,111
EliasD17,EliasD17,,0.0,112
leafsbuzztap,leafsbuzztap,,0.02899998059140627,112
EliasWVU,EliasWVU,,0.08116092828944935,113
Qtypie018,Qtypie018,,0.056590673893591244,113
kendallcoles24,kendallcoles24,,0.056590673893591244,113
Eliasafy,Eliasafy,,0.0,114
GeageaMaria,GeageaMaria,,0.009666660197135423,114
EligoEscapes,EligoEscapes,,0.0,7
VisitEngland,VisitEngland,,0.1118708729878026,7
EllaRalli,EllaRalli,,0.02974843246886786,115
liam_cockayne,liam_cockayne,,0.02974843246886786,115
Ella_MacDonald,Ella_MacDonald,,0.0,29
EllyfromOZ,EllyfromOZ,,0.0,5
Emanwhale,Emanwhale,,0.02974843246886786,116
Yesenialuvz,Yesenialuvz,,0.02974843246886786,116
Emily_Mangles,Emily_Mangles,,0.009666660197135423,117
Wyefarm,Wyefarm,,0.020595294923463833,117
EmmaSierra17,EmmaSierra17,,0.0,3
Emmyslim47,Emmyslim47,,0.02974843246886786,118
Sexycordel,Sexycordel,,0.02974843246886786,118
EmoniIsMyName,EmoniIsMyName,,0.08116092828944935,337
PesosLik,PesosLik,,0.056590673893591244,337
RabbaShanks_,RabbaShanks_,,0.056590673893591244,337
EndlessStackss,EndlessStackss,,0.056590673893591244,119
JustDOIt7696,JustDOIt7696,,0.08116092828944935,119
EricDegerman,EricDegerman,,0.009666660197135423,120
RonShandler,RonShandler,,0.020595294923463833,120
Eric_b1990,Eric_b1990,,0.0,337
FFfarahain,FFfarahain,,0.0,121
SyarenaRadzi,SyarenaRadzi,,0.009666660197135423,121
FHS_Confessi0ns,FHS_Confessi0ns,,0.0,122
brooke_dolezal,brooke_dolezal,,0.009666660197135423,122
oliviacothran,oliviacothran,,0.009666660197135423,122
FREZfries,FREZfries,,0.0,123
kvg_ibe,kvg_ibe,,0.009666660197135423,123
FcoHerAgu,FcoHerAgu,,0.0,124
chukky_NE,chukky_NE,,0.009666660197135423,124
InSydni_WeTrust,InSydni_WeTrust,,0.09129997180849841,41
WajeehHasan2,WajeehHasan2,,0.09129997180849841,41
Fernandolunaa14,Fernandolunaa14,,0.02974843246886786,125
jodhelychavez,jodhelychavez,,0.02974843246886786,125
Fieldy91Alex,Fieldy91Alex,,0.0,371
JHunterChron,JHunterChron,,0.019333320394270846,371
Flimsii,Flimsii,,0.02974843246886786,126
Skippysigmatic,Skippysigmatic,,0.02974843246886786,126
Floflorynette,Floflorynette,,0.0,23
Forealizzle,Forealizzle,,0.056590673893591244,119
FoxPublicHouse,FoxPublicHouse,,0.0,127
thegraftonnw5,thegraftonnw5,,0.009666660197135423,127
FuMan_Shu,FuMan_Shu,,0.04307237683394874,82
Gab_Reflex,Gab_Reflex,,0.02974843246886786,128
lmaokyleigh,lmaokyleigh,,0.02974843246886786,128
GandyGoddess,GandyGoddess,,0.02974843246886786,129
LATibbetts,LATibbetts,,0.02974843246886786,129
Gcina_S_Majola,Gcina_S_Majola,,0.0,371
Geanine1965,Geanine1965,,0.0,7
Gee_Off401,Gee_Off401,,0.056590673893591244,21
GeorgeCarscadde,GeorgeCarscadde,,0.02974843246886786,130
blake023stanton,blake023stanton,,0.02974843246886786,130
GeronimoTrill,GeronimoTrill,,0.0,16
Glo_boyyy,Glo_boyyy,,0.02974843246886786,131
QueenJazminnn,QueenJazminnn,,0.02974843246886786,131
GoodGuideBris,GoodGuideBris,,0.0,5
Gooner30Chris,Gooner30Chris,,0.0,371
GrandSecurityGr,GrandSecurityGr,,0.0,7
NovaPeris,NovaPeris,,0.009666660197135423,7
the_chronicle_,the_chronicle_,,0.009666660197135423,7
Grant_cocktails,Grant_cocktails,,0.0,132
blackwellrum,blackwellrum,,0.019333320394270846,132
Greens_in_Reg,Greens_in_Reg,,0.0,133
GT_GOLF,GT_GOLF,,0.009666660197135423,133
GregTumbarello,GregTumbarello,,0.0,7
GrnRiverAmb,GrnRiverAmb,,0.0,134
MilkyWayJP,MilkyWayJP,,0.009666660197135423,134
GrownS1mba,GrownS1mba,,0.02974843246886786,135
iiBreathe_Musik,iiBreathe_Musik,,0.02974843246886786,135
GwenSiblot,GwenSiblot,,0.0,23
HMorales95,HMorales95,,0.0,7
HafsaBilwani,HafsaBilwani,,0.0,3
Ayeeeshu,Ayeeeshu,,0.009666660197135423,3
HaganNoeleen,HaganNoeleen,,0.0,7
Haileyamanduhhh,Haileyamanduhhh,,0.02974843246886786,136
cadetcee,cadetcee,,0.02974843246886786,136
Hannaah_Roberts,Hannaah_Roberts,,0.0,72
HaywardLeland,HaywardLeland,,0.0,7
VanArtGallery,VanArtGallery,,0.019333320394270846,7
HenriksenErik,HenriksenErik,,0.0,137
theoneringnet,theoneringnet,,0.05799996118281254,137
Heymebe_Hayley,Heymebe_Hayley,,0.02974843246886786,138
msglap,msglap,,0.02974843246886786,138
HoODzFinEsT,HoODzFinEsT,,0.02974843246886786,139
brunaaaa_x3,brunaaaa_x3,,0.02974843246886786,139
HollybushG,HollybushG,,0.02974843246886786,140
RowingProjects,RowingProjects,,0.02974843246886786,140
Honey_Shade,Honey_Shade,,0.02974843246886786,141
gwiboon,gwiboon,,0.02974843246886786,141
Hustle_Bunnee,Hustle_Bunnee,,0.0,16
IAMHIPHOP716,IAMHIPHOP716,,0.0,16
IAintShxt_Yet,IAintShxt_Yet,,0.02974843246886786,142
Joi_2theworld,Joi_2theworld,,0.02974843246886786,142
IAmJacksonK,IAmJacksonK,,0.02974843246886786,143
j_muenzer_21,j_muenzer_21,,0.02974843246886786,143
IAmMulo,IAmMulo,,0.009666660197135423,16
_NOXL,_NOXL,,0.0694596165717955,337
joselinewest,joselinewest,,0.1164499265660048,200
ImClareHarrison,ImClareHarrison,,0.0,34
Indriaverillya,Indriaverillya,,0.0,3
InkBonesBooks,InkBonesBooks,,0.0,144
OtakuCommunity,OtakuCommunity,,0.009666660197135423,144
Ionisingsw,Ionisingsw,,0.02974843246886786,11
YellowAfterlife,YellowAfterlife,,0.02974843246886786,11
Is_That_Gage,Is_That_Gage,,0.07260088364245774,145
welOVEJassy,welOVEJassy,,0.10573118268530746,145
Isabella_Vy,Isabella_Vy,,0.02974843246886786,146
ZaySmoove_,ZaySmoove_,,0.02974843246886786,146
Italianstud0069,Italianstud0069,,0.02974843246886786,147
badger_lands,badger_lands,,0.02974843246886786,147
ItsMeeSkyee,ItsMeeSkyee,,0.056590673893591244,148
_YeahImShort,_YeahImShort,,0.08116092828944935,148
ItsUlfiani,ItsUlfiani,,0.02974843246886786,149
elle99justinB,elle99justinB,,0.02974843246886786,149
IvanAllanPoe,IvanAllanPoe,,0.0,150
MorganAshleey,MorganAshleey,,0.009666660197135423,150
JMedicine1,JMedicine1,,0.0,151
nmpanek,nmpanek,,0.009666660197135423,151
JVOXO88,JVOXO88,,0.0,337
JVerreckt,JVerreckt,,0.02974843246886786,152
lealefeuuvre,lealefeuuvre,,0.02974843246886786,152
J_Jones217,J_Jones217,,0.02974843246886786,153
don_fishh,don_fishh,,0.02974843246886786,153
JacamusTaddamus,JacamusTaddamus,,0.02974843246886786,154
bennett2big4you,bennett2big4you,,0.02974843246886786,154
JackRudland,JackRudland,,0.02974843246886786,155
amyfranciss,amyfranciss,,0.02974843246886786,155
JacobStopay,JacobStopay,,0.02974843246886786,156
jakebloszinsky,jakebloszinsky,,0.02974843246886786,156
JaneLinleyT,JaneLinleyT,,0.0,86
EmmaaBroownn,EmmaaBroownn,,0.030261955120599267,371
JayNicole_xoxo,JayNicole_xoxo,,0.06404247099295252,196
Liziswhatitis,Liziswhatitis,,0.043121251655993724,196
Tay_TooCool,Tay_TooCool,,0.09717113803831585,196
JayTee2G,JayTee2G,,0.02974843246886786,157
just_misi,just_misi,,0.02974843246886786,157
Jazmynee__,Jazmynee__,,0.02974843246886786,158
_kaylakeyz,_kaylakeyz,,0.02974843246886786,158
JeSuisFolleDEux,JeSuisFolleDEux,,0.0,23
Jewcobbeak,Jewcobbeak,,0.0,371
Jo_Milligan,Jo_Milligan,,0.0,117
JoanaGabizinha,JoanaGabizinha,,0.02974843246886786,159
mahduds,mahduds,,0.02974843246886786,159
JoeDrury,JoeDrury,,0.0,7
_dani_ross,_dani_ross,,0.07668067516279345,371
Joey_Brack,Joey_Brack,,0.056590673893591244,160
j_wils96,j_wils96,,0.08116092828944935,160
JohnLones,JohnLones,,0.02974843246886786,161
emma_cunneen,emma_cunneen,,0.02974843246886786,161
JosAndrsSalazar,JosAndrsSalazar,,0.0,371
JoshuaGuthrie,JoshuaGuthrie,,0.0,371
JoshuaLouder,JoshuaLouder,,0.0,162
FordhamCompany,FordhamCompany,,0.009666660197135423,162
JuleeQuintana,JuleeQuintana,,0.02974843246886786,163
wazzalachels,wazzalachels,,0.02974843246886786,163
JulesDerekWills,JulesDerekWills,,0.0,164
RegalOutlaw,RegalOutlaw,,0.009666660197135423,164
JuliaTuzzolino,JuliaTuzzolino,,0.0,0
Junior_moya24,Junior_moya24,,0.02974843246886786,165
SlikRicktheRula,SlikRicktheRula,,0.02974843246886786,165
JustBabyDee,JustBabyDee,,0.02974843246886786,166
MarinaLongoria1,MarinaLongoria1,,0.02974843246886786,166
Justin_Onorato,Justin_Onorato,,0.0,167
maddiesloneh,maddiesloneh,,0.009666660197135423,167
KUF_Love,KUF_Love,,0.0,16
KWEEN_Ci,KWEEN_Ci,,0.02974843246886786,168
Xoxomunchkin_,Xoxomunchkin_,,0.02974843246886786,168
K_Eppp,K_Eppp,,0.0,74
_BitchYouSEEMe,_BitchYouSEEMe,,0.15551188958472106,179
KatelynFaggerty,KatelynFaggerty,,0.02974843246886786,169
_jadamichelle,_jadamichelle,,0.02974843246886786,169
KateyCollins,KateyCollins,,0.02974843246886786,170
aardvarksafaris,aardvarksafaris,,0.02974843246886786,170
KatieCastanon,KatieCastanon,,0.0,435
Swxnky,Swxnky,,0.02899998059140627,435
KaylaJacqueline,KaylaJacqueline,,0.02974843246886786,171
TorieAloi,TorieAloi,,0.02974843246886786,171
KayleeeighRhian,KayleeeighRhian,,0.0,137
Keepcalmtwitt,Keepcalmtwitt,,0.0,7
rangersaregood,rangersaregood,,0.056590673893591244,28
stephanieskene,stephanieskene,,0.056590673893591244,28
KelMichaelle,KelMichaelle,,0.02974843246886786,172
SeanUnderwood00,SeanUnderwood00,,0.02974843246886786,172
KellenTheModel,KellenTheModel,,0.0,173
_lovelycinx3,_lovelycinx3,,0.009666660197135423,173
Kendra14Leigh,Kendra14Leigh,,0.02974843246886786,174
VernRiffeCenter,VernRiffeCenter,,0.02974843246886786,174
Kenny6FHS,Kenny6FHS,,0.02974843246886786,175
Twice_5,Twice_5,,0.02974843246886786,175
KentFontenot,KentFontenot,,0.02974843246886786,176
ambrrlee_arr,ambrrlee_arr,,0.02974843246886786,176
KevinFbaby23,KevinFbaby23,,0.0,16
KikeNavas94,KikeNavas94,,0.0,0
King_Scxtt,King_Scxtt,,0.02974843246886786,177
_Telebah,_Telebah,,0.02974843246886786,177
Kit_Kat817,Kit_Kat817,,0.0,72
KofiOVO,KofiOVO,,0.02974843246886786,178
ajturch35,ajturch35,,0.02974843246886786,178
Kololiaaionee,Kololiaaionee,,0.2157300031297172,179
acuuura,acuuura,,0.09884149209634062,179
Korinna10,Korinna10,,0.02974843246886786,180
kayteecandela,kayteecandela,,0.02974843246886786,180
KorriCurtis,KorriCurtis,,0.0,86
Krazy_kaybrooks,Krazy_kaybrooks,,0.09129997180849841,181
aaronwade4,aaronwade4,,0.1598319537711001,181
Kristenpanz,Kristenpanz,,0.02974843246886786,182
jcatprettycat,jcatprettycat,,0.02974843246886786,182
Krittinbug,Krittinbug,,0.07228864486609923,183
ellagantx,ellagantx,,0.12556596278979923,183
LANAUespacio,LANAUespacio,,0.0,184
TeatroCalderonM,TeatroCalderonM,,0.009666660197135423,184
LILD916,LILD916,,0.0,16
LLCooJO,LLCooJO,,0.0,337
IndieJoi,IndieJoi,,0.08995830844478782,337
LOVATOPDOWN,LOVATOPDOWN,,0.019333320394270846,185
being_bearable,being_bearable,,0.031523929649792254,185
LRNeuby,LRNeuby,,0.0,186
Shannon_Penn,Shannon_Penn,,0.009666660197135423,186
LVL47Games,LVL47Games,,0.0,337
LadyHOOPS__x10,LadyHOOPS__x10,,0.02974843246886786,187
_pure_beauty101,_pure_beauty101,,0.02974843246886786,187
Lala_jonnae,Lala_jonnae,,0.0,188
336_my_city,336_my_city,,0.009666660197135423,188
Lance_C32,Lance_C32,,0.0,189
tmexthetrex,tmexthetrex,,0.009666660197135423,189
Laudalina2,Laudalina2,,0.0,112
LauraSymonxo,LauraSymonxo,,0.0,29
LaurenFazioo_,LaurenFazioo_,,0.02974843246886786,190
ally_whitaker,ally_whitaker,,0.02974843246886786,190
Lauren__boyett,Lauren__boyett,,0.0,191
gracexharrison,gracexharrison,,0.009666660197135423,191
LaurissaJesen1,LaurissaJesen1,,0.0,192
tvs7340,tvs7340,,0.009666660197135423,192
LeafsFanMike17,LeafsFanMike17,,0.0,193
BrentButt,BrentButt,,0.03866664078854169,193
dannyalva_,dannyalva_,,0.08304420992919148,72
LeeAllenHoward,LeeAllenHoward,,0.02974843246886786,194
horrorwriter74,horrorwriter74,,0.02974843246886786,194
LeidyChris_,LeidyChris_,,0.02974843246886786,195
SHAH_MILLZ,SHAH_MILLZ,,0.02974843246886786,195
Leka_J,Leka_J,,0.07370913119008796,196
Leke47,Leke47,,0.02974843246886786,197
bstroh_55,bstroh_55,,0.02974843246886786,197
Sam_Grains,Sam_Grains,,0.047305383239213475,5
LeviMusicClodgo,LeviMusicClodgo,,0.0,17
Lexi_RunninShit,Lexi_RunninShit,,0.04307237683394874,198
_FlexGod,_FlexGod,,0.04617292057265479,198
LeykaAdnieww,LeykaAdnieww,,0.0,199
_nishashahira,_nishashahira,,0.009666660197135423,199
LifeTeambreezy,LifeTeambreezy,,0.0,200
LilleyMisuraco,LilleyMisuraco,,0.0,29
LindseeyNicole,LindseeyNicole,,0.02974843246886786,201
youngzebra,youngzebra,,0.02974843246886786,201
Lissandramg,Lissandramg,,0.0,7
LittleDiaazz_,LittleDiaazz_,,0.0,202
JamesAn38439958,JamesAn38439958,,0.009666660197135423,202
LittleGreyGleek,LittleGreyGleek,,0.02974843246886786,203
lipsofcabello,lipsofcabello,,0.02974843246886786,203
Liv2lovalways,Liv2lovalways,,0.0,204
DWTStars,DWTStars,,0.009666660197135423,204
LiveLifeLydz,LiveLifeLydz,,0.02974843246886786,205
uwantnee,uwantnee,,0.02974843246886786,205
Liverbabe78,Liverbabe78,,0.0,7
Livooor,Livooor,,0.02974843246886786,206
gill_lord,gill_lord,,0.02974843246886786,206
LizIsBeyonce,LizIsBeyonce,,0.02974843246886786,207
AndrewHopkins15,AndrewHopkins15,,0.02974843246886786,207
SweetTeaLxrry,SweetTeaLxrry,,0.02974843246886786,207
Lizette_denise,Lizette_denise,,0.02974843246886786,208
_sophiarominaaa,_sophiarominaaa,,0.02974843246886786,208
LongLiveJag,LongLiveJag,,0.08116092828944935,292
ThoughtsByDRE,ThoughtsByDRE,,0.056590673893591244,292
LosHernandezNBA,LosHernandezNBA,,0.0,209
DanFeldmanNBA,DanFeldmanNBA,,0.009666660197135423,209
LovasMJ,LovasMJ,,0.0,337
MSP_Traffic,MSP_Traffic,,0.019333320394270846,337
LovelyAssAmber,LovelyAssAmber,,0.056590673893591244,16
ReezyDoe,ReezyDoe,,0.08116092828944935,16
Lunkechu,Lunkechu,,0.02974843246886786,210
SarahxLenae,SarahxLenae,,0.02974843246886786,210
MADDIIIEE,MADDIIIEE,,0.02974843246886786,211
viccsuchecki,viccsuchecki,,0.02974843246886786,211
MANUEL115,MANUEL115,,0.0,212
AnaRent,AnaRent,,0.03866664078854169,212
MHerdinius,MHerdinius,,0.02974843246886786,32
philippaxelina,philippaxelina,,0.02974843246886786,32
MKskates420,MKskates420,,0.02974843246886786,213
SirSuperStoner,SirSuperStoner,,0.02974843246886786,213
MLhernout,MLhernout,,0.0,267
M_Ihsan10,M_Ihsan10,,0.0,371
MaanonRx,MaanonRx,,0.0,23
MacGarnagle,MacGarnagle,,0.0,214
almartin28,almartin28,,0.009666660197135423,214
MaccaFn,MaccaFn,,0.0,215
beatboxhobbit,beatboxhobbit,,0.009666660197135423,215
Macdavd,Macdavd,,0.0,7
Macleodlvc,Macleodlvc,,0.0,216
JV,JV,,0.009666660197135423,216
Maddawg_Davis,Maddawg_Davis,,0.02974843246886786,217
jaycers_101,jaycers_101,,0.02974843246886786,217
Maddlynn13,Maddlynn13,,0.0,218
lee_109,lee_109,,0.009666660197135423,218
MadiMeowth,MadiMeowth,,0.02974843246886786,219
civonulaB_oiraD,civonulaB_oiraD,,0.02974843246886786,219
MadisonUli,MadisonUli,,0.02974843246886786,220
kenzie_lessard,kenzie_lessard,,0.02974843246886786,220
MaggiieShafer,MaggiieShafer,,0.0,221
jcollins1121,jcollins1121,,0.009666660197135423,221
MainDiscussion_,MainDiscussion_,,0.02974843246886786,222
_Fabjr,_Fabjr,,0.02974843246886786,222
MallorySchapker,MallorySchapker,,0.0,223
juicyjmeyer,juicyjmeyer,,0.009666660197135423,223
kayyyythomas,kayyyythomas,,0.009666660197135423,223
Mani_Baaabyyy,Mani_Baaabyyy,,0.02974843246886786,16
MixxedBreeed_,MixxedBreeed_,,0.02974843246886786,16
ManuSolivella7,ManuSolivella7,,0.0,224
LucasGraells,LucasGraells,,0.019333320394270846,224
ManuValverdeA,ManuValverdeA,,0.02974843246886786,225
SabriMartinez15,SabriMartinez15,,0.02974843246886786,225
Mariaundos3,Mariaundos3,,0.02974843246886786,226
adrii_fcb,adrii_fcb,,0.02974843246886786,226
HugoLezier,HugoLezier,,0.02974843246886786,23
Marissa_Reynoso,Marissa_Reynoso,,0.0,29
MarkoPaovica,MarkoPaovica,,0.0,227
_NMay,_NMay,,0.02899998059140627,227
MathieuLoutre,MathieuLoutre,,0.02974843246886786,7
descubes,descubes,,0.02974843246886786,7
MaySurridge,MaySurridge,,0.0,228
MeTheBocus,MeTheBocus,,0.009666660197135423,228
McCrow76,McCrow76,,0.0,229
SuperErizzle,SuperErizzle,,0.009666660197135423,229
MeiPlae,MeiPlae,,0.0,230
_SweetestEscape,_SweetestEscape,,0.009666660197135423,230
MemoirsOfAKing_,MemoirsOfAKing_,,0.02974843246886786,231
TuesdayBleu,TuesdayBleu,,0.02974843246886786,231
MerabGro,MerabGro,,0.0,232
ValeriaDays,ValeriaDays,,0.009666660197135423,232
MericanMuscle12,MericanMuscle12,,0.04307237683394874,369
breanne155,breanne155,,0.04617292057265479,369
Michaelp11hm,Michaelp11hm,,0.0,38
MikeFrappuccino,MikeFrappuccino,,0.056396321199029605,233
kweenkuntaa,kweenkuntaa,,0.06259740867644174,233
MikeyStacks7,MikeyStacks7,,0.0,234
loveee_emii,loveee_emii,,0.009666660197135423,234
MilicaNenezic,MilicaNenezic,,0.0,0
MinajxBella_,MinajxBella_,,0.02974843246886786,235
deminvj,deminvj,,0.02974843246886786,235
Minnie_MouseeXO,Minnie_MouseeXO,,0.02974843246886786,236
_llamiii,_llamiii,,0.02974843246886786,236
MissJennifer,MissJennifer,,0.09636815429427227,7
MistuhKrabs,MistuhKrabs,,0.02974843246886786,237
_bworkk,_bworkk,,0.02974843246886786,237
MoBeMuggin,MoBeMuggin,,0.0,0
MokingBirdSong,MokingBirdSong,,0.0,381
MolnarRachel,MolnarRachel,,0.02974843246886786,238
WAR_Race,WAR_Race,,0.02974843246886786,238
Mowgli_Liii,Mowgli_Liii,,0.02974843246886786,239
SenyaLisette,SenyaLisette,,0.02974843246886786,239
MrOizoLA,MrOizoLA,,0.0,16
MrWhoseUrDaddy,MrWhoseUrDaddy,,0.04307237683394874,240
prettyPAIDash,prettyPAIDash,,0.04617292057265479,240
MsTj_Siqila,MsTj_Siqila,,0.02974843246886786,241
ubsta_,ubsta_,,0.02974843246886786,241
MuseofIre,MuseofIre,,0.0,11
Shakestweetz,Shakestweetz,,0.03866664078854169,11
MyLifeIsTom,MyLifeIsTom,,0.0,371
baileymcfc,baileymcfc,,0.019333320394270846,371
Mylife_Ziall,Mylife_Ziall,,0.0,3
N_S_Icon,N_S_Icon,,0.0,371
NamelessKith,NamelessKith,,0.0,3
Nannaklausen,Nannaklausen,,0.0,477
NenaGotSwagg,NenaGotSwagg,,0.009666660197135423,477
NatashaLoves1D_,NatashaLoves1D_,,0.0,337
NebulaKnows,NebulaKnows,,0.02974843246886786,242
bradleyfranks,bradleyfranks,,0.02974843246886786,242
YaBoiAction,YaBoiAction,,0.07260088364245774,22
itsSamCollins,itsSamCollins,,0.09234584114530953,477
Nenneeee_,Nenneeee_,,0.09129997180849841,53
NiNjaSpanish,NiNjaSpanish,,0.0,337
Nicole_Stapler,Nicole_Stapler,,0.02974843246886786,243
nicole21290,nicole21290,,0.02974843246886786,243
Noelsmiles04,Noelsmiles04,,0.0,244
ltsTrueWisdom,ltsTrueWisdom,,0.009666660197135423,244
NurNajmie_,NurNajmie_,,0.02974843246886786,245
iNoorFarhana,iNoorFarhana,,0.02974843246886786,245
OGWATSON,OGWATSON,,0.0,7
OMD_Its1D,OMD_Its1D,,0.02974843246886786,246
_foreverlarry_,_foreverlarry_,,0.02974843246886786,246
OasisProps,OasisProps,,0.0,247
JammiieeD,JammiieeD,,0.009666660197135423,247
Officiaaljaz_,Officiaaljaz_,,0.056590673893591244,248
thisissharrieff,thisissharrieff,,0.08116092828944935,248
Official_LGoins,Official_LGoins,,0.02974843246886786,249
__ImThtNigga,__ImThtNigga,,0.02974843246886786,249
OhNoAmmo,OhNoAmmo,,0.0,11
OlgaJOV,OlgaJOV,,0.0,7
OlgaOG_,OlgaOG_,,0.02974843246886786,250
RogerThat_92,RogerThat_92,,0.02974843246886786,250
OmfgitsEdith,OmfgitsEdith,,0.02974843246886786,251
vickyd_817,vickyd_817,,0.02974843246886786,251
PaddyChorlton,PaddyChorlton,,0.0,252
stringersbeer,stringersbeer,,0.009666660197135423,252
Paigelp13,Paigelp13,,0.056590673893591244,253
underwoodkatic,underwoodkatic,,0.08116092828944935,253
PalominoPony,PalominoPony,,0.056590673893591244,63
PatsyMacGrealli,PatsyMacGrealli,,0.0,254
5thswag,5thswag,,0.009666660197135423,254
PaulDaviesKew,PaulDaviesKew,,0.0,255
LDNBeerWeek,LDNBeerWeek,,0.019333320394270846,255
PaulOutBox,PaulOutBox,,0.056590673893591244,7
Shiftinthinking,Shiftinthinking,,0.08116092828944935,7
Paul_Castain,Paul_Castain,,0.02974843246886786,256
daviddseguraa,daviddseguraa,,0.02974843246886786,256
PaulsANDrewind_,PaulsANDrewind_,,0.02974843246886786,257
breahislifee,breahislifee,,0.02974843246886786,257
Paulyne_,Paulyne_,,0.0,23
Paulysue,Paulysue,,0.1288430536922446,327
kasiax__,kasiax__,,0.12085222569347123,327
kierrawr_,kierrawr_,,0.0856528535534863,327
PaulyyT_,PaulyyT_,,0.0,258
Aubrayyy93,Aubrayyy93,,0.009666660197135423,258
PeaceSchmidt,PeaceSchmidt,,0.0,259
Gleekious,Gleekious,,0.009666660197135423,259
PeekaBooPooh,PeekaBooPooh,,0.02974843246886786,260
iScream_TMac,iScream_TMac,,0.02974843246886786,260
PelaezThePimp,PelaezThePimp,,0.08116092828944935,16
_vicksterz,_vicksterz,,0.056590673893591244,16
guwopgaby,guwopgaby,,0.056590673893591244,16
Penguin_celi,Penguin_celi,,0.0,3
Peru_Collins,Peru_Collins,,0.0,261
mavunochurchorg,mavunochurchorg,,0.019333320394270846,261
Pete_Chilcutt,Pete_Chilcutt,,0.0,262
Shakabrodie,Shakabrodie,,0.009666660197135423,262
PhilUpOnU,PhilUpOnU,,0.0,240
PinkNails_NMore,PinkNails_NMore,,0.02974843246886786,263
_DolllFace_,_DolllFace_,,0.02974843246886786,263
PlayJarizm,PlayJarizm,,0.0,16
PurpleRane0511,PurpleRane0511,,0.0,3
QuarlesAlex,QuarlesAlex,,0.0,264
londongpowell,londongpowell,,0.009666660197135423,264
EMTwomes,EMTwomes,,0.02974843246886786,131
Quilla10,Quilla10,,0.02974843246886786,371
leicestercity01,leicestercity01,,0.02974843246886786,371
RMNewsFlash,RMNewsFlash,,0.02974843246886786,265
mhmmdfkr_4,mhmmdfkr_4,,0.02974843246886786,265
RaeNellLaG,RaeNellLaG,,0.0,337
RainRich,RainRich,,0.0,7
RajaKalsi,RajaKalsi,,0.02974843246886786,266
satiricdistress,satiricdistress,,0.02974843246886786,266
RaquelAveeeiro,RaquelAveeeiro,,0.02974843246886786,267
marnbt,marnbt,,0.02974843246886786,267
Unkommonmixture,Unkommonmixture,,0.056590673893591244,110
Rautela,Rautela,,0.0,381
LGIndiaTweets,LGIndiaTweets,,0.04833330098567712,381
satyamevjayate,satyamevjayate,,0.05799996118281254,381
Raw_Toastt,Raw_Toastt,,0.0,11
Rayyan_tukur,Rayyan_tukur,,0.0,268
_Marybeee,_Marybeee,,0.009666660197135423,268
RealEceStyles_2,RealEceStyles_2,,0.02974843246886786,269
RealEceStyles_3,RealEceStyles_3,,0.02974843246886786,269
RealzDoe,RealzDoe,,0.0,11
ReddHott_,ReddHott_,,0.02974843246886786,270
brandino_lalo,brandino_lalo,,0.02974843246886786,270
youngMikePhelps,youngMikePhelps,,0.056590673893591244,16
ReezyKid,ReezyKid,,0.0,16
RhysDMiles,RhysDMiles,,0.0,371
RichCookOnWine,RichCookOnWine,,0.02974843246886786,271
bruceschoenfeld,bruceschoenfeld,,0.0684150732574095,271
lutzvillewines,lutzvillewines,,0.02974843246886786,271
Richiebrown_85,Richiebrown_85,,0.02974843246886786,272
amandaemma12,amandaemma12,,0.02974843246886786,272
RideOutTheWave,RideOutTheWave,,0.02974843246886786,6
cathypower,cathypower,,0.02974843246886786,6
RioBallout,RioBallout,,0.0,273
KalishaSandre,KalishaSandre,,0.009666660197135423,273
Riskypvt_miller,Riskypvt_miller,,0.0,11
RochaGrier,RochaGrier,,0.0,7
RockettStGeorge,RockettStGeorge,,0.0,274
SHRBTCH,SHRBTCH,,0.009666660197135423,274
RomanoucheDede,RomanoucheDede,,0.0,23
Rosstominey,Rosstominey,,0.0,371
RoxanneShirazi,RoxanneShirazi,,0.02974843246886786,275
mfgaede,mfgaede,,0.02974843246886786,275
RufusNolan,RufusNolan,,0.0,0
Ryan2Changz,Ryan2Changz,,0.056590673893591244,276
eastersss,eastersss,,0.08116092828944935,276
RyanThompson311,RyanThompson311,,0.02974843246886786,277
datdykson,datdykson,,0.02974843246886786,277
SMITHEN_overU,SMITHEN_overU,,0.02974843246886786,278
_iStrokeuMoan_,_iStrokeuMoan_,,0.02974843246886786,278
SMbb34,SMbb34,,0.0,279
BasedGodVeeze,BasedGodVeeze,,0.009666660197135423,279
Saadiq_Shabazz,Saadiq_Shabazz,,0.0,327
SamPrentice95,SamPrentice95,,0.0,371
Sarahbrennt,Sarahbrennt,,0.0,6
Scrupulous7,Scrupulous7,,0.0,381
BurgerrB,BurgerrB,,0.02899998059140627,381
deLusticious,deLusticious,,0.03866664078854169,381
ShaSellars,ShaSellars,,0.02974843246886786,280
a_fry7,a_fry7,,0.02974843246886786,280
ShaeMallory,ShaeMallory,,0.068507909618346,281
jacobjohntow,jacobjohntow,,0.11267946014902372,281
lobakerrr,lobakerrr,,0.11267946014902372,281
Shaniqua_Renae_,Shaniqua_Renae_,,0.0,16
stephencbishop,stephencbishop,,0.05799996118281254,16
Shaunstah,Shaunstah,,0.02974843246886786,282
mat711,mat711,,0.02974843246886786,282
She_SuckaFREE,She_SuckaFREE,,0.0,283
JennyBoomBoom85,JennyBoomBoom85,,0.009666660197135423,283
fuckinwank3r,fuckinwank3r,,0.056590673893591244,7
Si,Si,,0.0,7
wr,wr,,0.32807780767041084,7
SirGreybush,SirGreybush,,0.0,38
drunkjaysfans,drunkjaysfans,,0.02899998059140627,38
SkunkWrestler,SkunkWrestler,,0.0,137
SlyleRaab,SlyleRaab,,0.0,284
JoeyRLibby,JoeyRLibby,,0.009666660197135423,284
Smoove_Religion,Smoove_Religion,,0.0,285
2TONEZZZZZ,2TONEZZZZZ,,0.009666660197135423,285
_beatrizrivera,_beatrizrivera,,0.009666660197135423,285
nameskellina,nameskellina,,0.009666660197135423,285
SoFLiTay,SoFLiTay,,0.0,196
Soffia0620,Soffia0620,,0.056590673893591244,286
smyd_26,smyd_26,,0.08116092828944935,286
Solomon419_,Solomon419_,,0.02974843246886786,287
TKentopp,TKentopp,,0.02974843246886786,287
SophiaMonique_,SophiaMonique_,,0.02974843246886786,288
kendallali,kendallali,,0.02974843246886786,288
SpannyPunany,SpannyPunany,,0.0,371
StDxToddler,StDxToddler,,0.0,337
St_Evo_,St_Evo_,,0.0,337
Starburch,Starburch,,0.0,7
StephanieRgrs,StephanieRgrs,,0.0,267
StephanieT313,StephanieT313,,0.0,7
SteveC0067,SteveC0067,,0.0,0
StreaksSterling,StreaksSterling,,0.0,289
baetrip,baetrip,,0.009666660197135423,289
SumMannShit,SumMannShit,,0.02974843246886786,290
_vanessamarissa,_vanessamarissa,,0.02974843246886786,290
SuperSinger1231,SuperSinger1231,,0.0,291
TheDanielMeyers,TheDanielMeyers,,0.009666660197135423,291
Supsaam,Supsaam,,0.056590673893591244,292
cokegold,cokegold,,0.08116092828944935,292
SurlyGriffith,SurlyGriffith,,0.0,337
Susanmaed,Susanmaed,,0.0,293
akamikki08,akamikki08,,0.009666660197135423,293
SwapnilDutkar,SwapnilDutkar,,0.0,381
Back2Sellnhoes_,Back2Sellnhoes_,,0.042452564376120654,435
WF,WF,,0.05211922457325609,435
TBOSSM,TBOSSM,,0.0,16
THEREALDJSAVAGE,THEREALDJSAVAGE,,0.0,16
TaniaVidovic,TaniaVidovic,,0.0,5
Tashaa_17,Tashaa_17,,0.02974843246886786,294
yupitstifftiff,yupitstifftiff,,0.02974843246886786,294
TaurusBone,TaurusBone,,0.0,7
Taylor_West25,Taylor_West25,,0.02974843246886786,295
j_wag10,j_wag10,,0.02974843246886786,295
Teafletcher,Teafletcher,,0.02974843246886786,296
almightyshvkur,almightyshvkur,,0.02974843246886786,296
TeeDotsworld_,TeeDotsworld_,,0.0,297
Love_MissKay,Love_MissKay,,0.009666660197135423,297
Texas_Stew,Texas_Stew,,0.0,337
That_Weird_Kid9,That_Weird_Kid9,,0.0,298
morgan_finger,morgan_finger,,0.009666660197135423,298
TheJoshlax,TheJoshlax,,0.0,0
ThePale_Moon,ThePale_Moon,,0.0,299
Laurenngracie,Laurenngracie,,0.009666660197135423,299
TheSonOfJungle,TheSonOfJungle,,0.0,300
EmilyCarbery,EmilyCarbery,,0.019333320394270846,300
KyliSimonelli,KyliSimonelli,,0.009666660197135423,300
TheSportsCast,TheSportsCast,,0.0,112
TheStellaJavien,TheStellaJavien,,0.0,337
ThruEmmasEyes,ThruEmmasEyes,,0.0,7
TieDyeJoe,TieDyeJoe,,0.02974843246886786,301
hawaiiianlion,hawaiiianlion,,0.02974843246886786,301
TiffyCourtney,TiffyCourtney,,0.07647809347076204,477
TikeGooden,TikeGooden,,0.02974843246886786,302
bthurm85,bthurm85,,0.02974843246886786,302
TommyBandlow,TommyBandlow,,0.02974843246886786,303
Von_VonRichter,Von_VonRichter,,0.02974843246886786,303
Tonjesnapa,Tonjesnapa,,0.0,0
TootsiePopIzBk,TootsiePopIzBk,,0.0,304
Super_flysam,Super_flysam,,0.009666660197135423,304
TracksideTrav,TracksideTrav,,0.0,305
RacenetTweets,RacenetTweets,,0.009666660197135423,305
Trip_Maverick,Trip_Maverick,,0.0,337
TrueBeautyXO_,TrueBeautyXO_,,0.02974843246886786,306
deztbh,deztbh,,0.02974843246886786,306
Tumaiencuatro,Tumaiencuatro,,0.02974843246886786,307
__whorege,__whorege,,0.02974843246886786,307
TutRaygoza,TutRaygoza,,0.0,16
TweetThis_DICK,TweetThis_DICK,,0.0,308
Endless_Kicks_,Endless_Kicks_,,0.009666660197135423,308
TylerGoodybag,TylerGoodybag,,0.0,309
TylerHumbel,TylerHumbel,,0.04307237683394874,310
ianfarmerdoe,ianfarmerdoe,,0.04617292057265479,310
TylerLumberjack,TylerLumberjack,,0.02974843246886786,311
mooney_steve99,mooney_steve99,,0.02974843246886786,311
UNHCowbell,UNHCowbell,,0.0,337
Ugly_Feelingss,Ugly_Feelingss,,0.02974843246886786,312
__girlybrunette,__girlybrunette,,0.02974843246886786,312
UnpopularGamerr,UnpopularGamerr,,0.0,11
UpshawCrystal,UpshawCrystal,,0.0,227
UrbaneDoc4Kids,UrbaneDoc4Kids,,0.0,313
staceyNYCDC,staceyNYCDC,,0.009666660197135423,313
VianneyAksil,VianneyAksil,,0.0,23
VictorCatteau,VictorCatteau,,0.0,314
EchosPolitique,EchosPolitique,,0.009666660197135423,314
VielCstro,VielCstro,,0.0,315
Marcobununu,Marcobununu,,0.009666660197135423,315
ViirusOh,ViirusOh,,0.0,11
VineetSonkar,VineetSonkar,,0.0,381
W80Stephens,W80Stephens,,0.0,337
WSmithhh,WSmithhh,,0.02974843246886786,316
andimawsonn,andimawsonn,,0.02974843246886786,316
WeStreamMusic,WeStreamMusic,,0.0,317
kadeyjames,kadeyjames,,0.04617292057265479,317
WebbleAlliance,WebbleAlliance,,0.0,337
WelshAlienLDN,WelshAlienLDN,,0.0,318
Nick_Pettigrew,Nick_Pettigrew,,0.009666660197135423,318
WillTruthout,WillTruthout,,0.0,7
WillWheaton1,WillWheaton1,,0.0,16
William_Stits,William_Stits,,0.02974843246886786,319
brefickle,brefickle,,0.02974843246886786,319
Winegarden_A,Winegarden_A,,0.0,337
BeerInsights,BeerInsights,,0.009666660197135423,337
Wooomane,Wooomane,,0.0,23
WorkTiffany,WorkTiffany,,0.02974843246886786,320
aye_its_paige04,aye_its_paige04,,0.02974843246886786,320
WritingLisaL,WritingLisaL,,0.0,321
misskubelik,misskubelik,,0.009666660197135423,321
Xo_Yanaaaa,Xo_Yanaaaa,,0.0,322
_NOBODYGreater,_NOBODYGreater,,0.009666660197135423,322
Xx_2ClassyJaye_,Xx_2ClassyJaye_,,0.0,323
rwood035,rwood035,,0.009666660197135423,323
YOLO_BTC,YOLO_BTC,,0.0,145
YOUNGPIFFIII,YOUNGPIFFIII,,0.0,16
YVNGBRONZE,YVNGBRONZE,,0.0,324
Baileeyylynnn,Baileeyylynnn,,0.009666660197135423,324
YeahhImAFangirl,YeahhImAFangirl,,0.0,3
bathbombfranta,bathbombfranta,,0.009666660197135423,3
mellarkskisses,mellarkskisses,,0.009666660197135423,3
Yep_Im_Dope,Yep_Im_Dope,,0.0,16
Tay_TheQueen,Tay_TheQueen,,0.009666660197135423,16
YoGirlSadesss,YoGirlSadesss,,0.02974843246886786,325
ch_ells,ch_ells,,0.02974843246886786,325
YoooJvmes,YoooJvmes,,0.02974843246886786,326
herolynikcube4,herolynikcube4,,0.02974843246886786,326
Young_Cassa21,Young_Cassa21,,0.07119815712621509,327
Youthguy07,Youthguy07,,0.02974843246886786,328
wdwnotjustkids,wdwnotjustkids,,0.02974843246886786,328
ZacharyrrebweN,ZacharyrrebweN,,0.02974843246886786,329
ashapohlel,ashapohlel,,0.02974843246886786,329
Zahrah_Patel,Zahrah_Patel,,0.0,371
Zane_Kugamore,Zane_Kugamore,,0.056590673893591244,276
__oxoxoxo,__oxoxoxo,,0.02974843246886786,146
_Cheyyyenne6,_Cheyyyenne6,,0.0,330
kaylacook_,kaylacook_,,0.009666660197135423,330
_Jocelynee13,_Jocelynee13,,0.02974843246886786,331
wstdyth420,wstdyth420,,0.02974843246886786,331
_LeslieMendez,_LeslieMendez,,0.02974843246886786,332
andy_rojo98,andy_rojo98,,0.02974843246886786,332
_Made,_Made,,0.04307237683394874,317
_Maria_xoxo,_Maria_xoxo,,0.0,333
khollinger__,khollinger__,,0.009666660197135423,333
_Marseille,_Marseille,,0.0,16
_Mo0g,_Mo0g,,0.0,334
SteveAmiri,SteveAmiri,,0.019333320394270846,334
_NDN_,_NDN_,,0.0,335
lowercasekev,lowercasekev,,0.009666660197135423,335
_NE28,_NE28,,0.056590673893591244,336
paulmcdermottt,paulmcdermottt,,0.08116092828944935,336
officialjoseiii,officialjoseiii,,0.056590673893591244,67
__CurlyBoy,__CurlyBoy,,0.053035128468008584,337
_Nathaaliaa_,_Nathaaliaa_,,0.02974843246886786,338
_niccoleEsteves,_niccoleEsteves,,0.02974843246886786,338
_Natykirsch,_Natykirsch,,0.02974843246886786,339
fofi2611,fofi2611,,0.02974843246886786,339
_ODJ_,_ODJ_,,0.02974843246886786,340
montyxxo,montyxxo,,0.02974843246886786,340
_RuizNancy,_RuizNancy,,0.02974843246886786,341
alllycake,alllycake,,0.02974843246886786,341
_TropicKidBebo,_TropicKidBebo,,0.0,342
KeepinUpWitMems,KeepinUpWitMems,,0.009666660197135423,342
iflyfearless,iflyfearless,,0.009666660197135423,342
yootonna,yootonna,,0.056590673893591244,148
__Goldie_Locks,__Goldie_Locks,,0.0,343
NewJET_Order,NewJET_Order,,0.009666660197135423,343
__XIXVIII,__XIXVIII,,0.0,344
_OOMF,_OOMF,,0.009666660197135423,344
__lovemi__,__lovemi__,,0.02974843246886786,345
lxgxndary,lxgxndary,,0.02974843246886786,345
__tiaNOtamera,__tiaNOtamera,,0.0,346
priincessslay,priincessslay,,0.009666660197135423,346
_amdsoftball,_amdsoftball,,0.0,29
_baddiesupreme,_baddiesupreme,,0.0,347
1k_Santana,1k_Santana,,0.009666660197135423,347
_brianakelley,_brianakelley,,0.068507909618346,348
_cassidyj,_cassidyj,,0.02974843246886786,349
hannahcarrillo_,hannahcarrillo_,,0.02974843246886786,349
_djuannaaa,_djuannaaa,,0.1598319537711001,447
_kodimarie,_kodimarie,,0.09129997180849841,447
laurenlaiyen,laurenlaiyen,,0.09129997180849841,447
mahdyy_,mahdyy_,,0.09129997180849841,447
_ezSteezy,_ezSteezy,,0.056590673893591244,248
_highlyfavored1,_highlyfavored1,,0.0,350
MorganAshleiY,MorganAshleiY,,0.009666660197135423,350
_iprettynay,_iprettynay,,0.09129997180849841,53
_janannipuva,_janannipuva,,0.0,371
_lbeeen,_lbeeen,,0.02974843246886786,351
blg_margaux,blg_margaux,,0.02974843246886786,351
_meganf_,_meganf_,,0.02974843246886786,352
ohhlels,ohhlels,,0.02974843246886786,352
_meganjh,_meganjh,,0.0,16
_plxtinuuum,_plxtinuuum,,0.02974843246886786,353
rinnesy,rinnesy,,0.02974843246886786,353
_smoooochess,_smoooochess,,0.056590673893591244,292
_wadem,_wadem,,0.02974843246886786,354
jthor099,jthor099,,0.02974843246886786,354
a2,a2,,0.04307237683394874,7
ws,ws,,0.04617292057265479,7
aSouthIndian,aSouthIndian,,0.0,381
aaron643,aaron643,,0.0,337
aaronoafc,aaronoafc,,0.0,355
shawncphillips,shawncphillips,,0.009666660197135423,355
lonnaannmarie,lonnaannmarie,,0.09129997180849841,181
songsmakesense,songsmakesense,,0.09129997180849841,181
adreechardae,adreechardae,,0.0,200
adrianf0800,adrianf0800,,0.0,371
afox1793,afox1793,,0.0,337
agnesofiowa,agnesofiowa,,0.0,356
Rincon38Mpls,Rincon38Mpls,,0.009666660197135423,356
akaasartule,akaasartule,,0.0,371
alannacoton,alannacoton,,0.0,0
alberto_sfcfans,alberto_sfcfans,,0.0,357
speakersfc,speakersfc,,0.009666660197135423,357
aleefa_fab,aleefa_fab,,0.0,3
aleema_baigh,aleema_baigh,,0.0,358
basedemily,basedemily,,0.009666660197135423,358
alejandrocoviel,alejandrocoviel,,0.0,359
mariaib52931594,mariaib52931594,,0.009666660197135423,359
alexjacobyx,alexjacobyx,,0.0,3
alexsiregar,alexsiregar,,0.0,16
alextsovikian,alextsovikian,,0.0,16
alexvsnider,alexvsnider,,0.0,38
aliyalewis,aliyalewis,,0.0,360
CodyCarroll15,CodyCarroll15,,0.009666660197135423,360
alltimeadtr,alltimeadtr,,0.02974843246886786,361
yakelinee_xo,yakelinee_xo,,0.02974843246886786,361
alltimeblxw,alltimeblxw,,0.0,17
allysondelagza,allysondelagza,,0.02974843246886786,362
diegosalazar_21,diegosalazar_21,,0.02974843246886786,362
alyssa_parker10,alyssa_parker10,,0.0,0
alyssaleong,alyssaleong,,0.0,363
sullaem,sullaem,,0.009666660197135423,363
amg19842000,amg19842000,,0.0,371
anmasijo,anmasijo,,0.02974843246886786,364
iPhelBlues,iPhelBlues,,0.02974843246886786,364
anouckjtn,anouckjtn,,0.0,23
anthonny__g,anthonny__g,,0.02974843246886786,365
chandllor_,chandllor_,,0.02974843246886786,365
anthony_terrell,anthony_terrell,,0.0,11
anthonytylerno1,anthonytylerno1,,0.0,371
apodrxw,apodrxw,,0.0,23
aq,aq,,0.009666660197135423,465
wolfhard,wolfhard,,0.030261955120599267,465
arfia__,arfia__,,0.02974843246886786,366
sadkittymi,sadkittymi,,0.02974843246886786,366
millionAire_too,millionAire_too,,0.056590673893591244,371
arsenalvision,arsenalvision,,0.05949686493773572,419
ashleighannan,ashleighannan,,0.02974843246886786,367
harrisonmae97,harrisonmae97,,0.02974843246886786,367
ashlynericksonn,ashlynericksonn,,0.0,368
jordanbroown,jordanbroown,,0.009666660197135423,368
ashtonmorris1,ashtonmorris1,,0.0,16
austinmohr00,austinmohr00,,0.0,0
austintucker47,austintucker47,,0.0,369
matttiiiii,matttiiiii,,0.019333320394270846,369
avbodeguers,avbodeguers,,0.0,370
Llancaturisme,Llancaturisme,,0.009666660197135423,370
b1gbones,b1gbones,,0.0,371
Philwalkercomic,Philwalkercomic,,0.009666660197135423,371
bEzEh44,bEzEh44,,0.0,0
baclofenews,baclofenews,,0.0,372
DrinkTankAu,DrinkTankAu,,0.009666660197135423,372
baileyneth,baileyneth,,0.0,0
basyerbasil,basyerbasil,,0.0,7
bayleeeejahn,bayleeeejahn,,0.0,373
meghanhill_,meghanhill_,,0.009666660197135423,373
bear_foot,bear_foot,,0.02974843246886786,374
phototropy,phototropy,,0.02974843246886786,374
becerzzz,becerzzz,,0.0,375
taylorhopkiins,taylorhopkiins,,0.009666660197135423,375
beer_chris,beer_chris,,0.0,376
ChefJamieLauren,ChefJamieLauren,,0.02899998059140627,376
begg_368k,begg_368k,,0.0,377
_wa_ya,_wa_ya,,0.009666660197135423,377
ben_geradts,ben_geradts,,0.0,337
benjthompson,benjthompson,,0.0,371
beth_sellars,beth_sellars,,0.0,394
bethankellyy,bethankellyy,,0.02974843246886786,378
im_sophieeee,im_sophieeee,,0.02974843246886786,378
bfchope,bfchope,,0.0,371
bieleberfan105,bieleberfan105,,0.0,379
_taylorrbrookee,_taylorrbrookee,,0.009666660197135423,379
bigeasydrinks,bigeasydrinks,,0.0,132
bigkwanzaavest,bigkwanzaavest,,0.0,337
billie_mack,billie_mack,,0.0,7
birds_NESSt,birds_NESSt,,0.02974843246886786,380
shaunaxdeee,shaunaxdeee,,0.02974843246886786,380
biswadeep07,biswadeep07,,0.0,381
ssttuuttii,ssttuuttii,,0.009666660197135423,381
RobbieGorgeous,RobbieGorgeous,,0.031523929649792254,132
blaireyes,blaireyes,,0.02974843246886786,382
jennagsb,jennagsb,,0.02974843246886786,382
blxcklace,blxcklace,,0.0,383
barbiefakcr,barbiefakcr,,0.009666660197135423,383
bobaloo0,bobaloo0,,0.0,384
SillySillyGirl2,SillySillyGirl2,,0.009666660197135423,384
boomitsjessi,boomitsjessi,,0.0,0
bootlegger1974,bootlegger1974,,0.0,117
boringtrucker,boringtrucker,,0.0,385
__lucyosborne,__lucyosborne,,0.009666660197135423,385
paulrharvey3,paulrharvey3,,0.009666660197135423,385
born_dovah,born_dovah,,0.0,22
bosiechampagne,bosiechampagne,,0.0,271
braad_joness,braad_joness,,0.0,371
bradderz2212,bradderz2212,,0.0,371
brandibuzzard,brandibuzzard,,0.0,5
CKadventure247,CKadventure247,,0.009666660197135423,5
breeeeeeeL,breeeeeeeL,,0.0,7
brennafolkers,brennafolkers,,0.0,386
MacRed96,MacRed96,,0.009666660197135423,386
briannamarselle,briannamarselle,,0.0,74
britbrought,britbrought,,0.0,29
brodybushnell14,brodybushnell14,,0.0,387
KenzButler14,KenzButler14,,0.009666660197135423,387
brookewaibel,brookewaibel,,0.0,29
brookins13,brookins13,,0.02974843246886786,388
lexisheridan97,lexisheridan97,,0.02974843246886786,388
bropanski,bropanski,,0.0,389
Hairessy,Hairessy,,0.009666660197135423,389
bryvnna,bryvnna,,0.0,200
btwlayy,btwlayy,,0.009666660197135423,11
buckeye2006,buckeye2006,,0.0,74
MannyActa14,MannyActa14,,0.019333320394270846,74
buddykartik,buddykartik,,0.0,371
bunnyoasis83,bunnyoasis83,,0.0,390
looarcher,looarcher,,0.009666660197135423,390
littlethottie,littlethottie,,0.06972026556411053,62
caaitlinmccann,caaitlinmccann,,0.02974843246886786,391
todd_diesel95,todd_diesel95,,0.02974843246886786,391
caitymedrek,caitymedrek,,0.0,193
calebinpdx,calebinpdx,,0.0,392
TheSpicyBee,TheSpicyBee,,0.009666660197135423,392
callist0,callist0,,0.0,11
calulmann,calulmann,,0.0,16
cathyca_,cathyca_,,0.0,7
catjungle,catjungle,,0.0,7
cellodiva24,cellodiva24,,0.0,81
ch_endo,ch_endo,,0.0,371
chelseaamainx,chelseaamainx,,0.02974843246886786,393
duff_rachael,duff_rachael,,0.02974843246886786,393
cheryl7003,cheryl7003,,0.0,394
ao,ao,,0.019333320394270846,394
chey_shy6,chey_shy6,,0.0,395
FemaleSccrProbs,FemaleSccrProbs,,0.009666660197135423,395
chilll1d,chilll1d,,0.0,3
chris_erdman,chris_erdman,,0.0,337
chris_wanless,chris_wanless,,0.02974843246886786,29
yourroyalfresh,yourroyalfresh,,0.02974843246886786,29
chrisbrownmob1,chrisbrownmob1,,0.0,16
Tiffanynikolexx,Tiffanynikolexx,,0.009666660197135423,16
cincodeymayo8,cincodeymayo8,,0.0,396
chichifriday,chichifriday,,0.009666660197135423,396
cj_cunningham22,cj_cunningham22,,0.0,371
clantz8895,clantz8895,,0.0,397
managingmadrid,managingmadrid,,0.009666660197135423,397
clarapilier,clarapilier,,0.0,337
classicmaterial,classicmaterial,,0.0,16
codymoore_24,codymoore_24,,0.0,198
coltonhorn9,coltonhorn9,,0.0,0
csuwildcat,csuwildcat,,0.02974843246886786,398
fwenzel,fwenzel,,0.02974843246886786,398
d6,d6,,0.02974843246886786,11
hawksley,hawksley,,0.02974843246886786,11
ra,ra,,0.02974843246886786,11
da_macc,da_macc,,0.0,16
daliamillan,daliamillan,,0.0,337
danicyarr,danicyarr,,0.02974843246886786,399
iMaad_Scientist,iMaad_Scientist,,0.02974843246886786,399
danwindlol,danwindlol,,0.0,16
davidmcdaniel21,davidmcdaniel21,,0.0,400
j_wizzle20,j_wizzle20,,0.009666660197135423,400
debbiehabib_,debbiehabib_,,0.02974843246886786,401
marky_mark34,marky_mark34,,0.02974843246886786,401
devlinxrose,devlinxrose,,0.02974843246886786,402
dregsofpluto,dregsofpluto,,0.02974843246886786,402
diferentbutsame,diferentbutsame,,0.0,3
djressiecups,djressiecups,,0.0,337
djspencediamond,djspencediamond,,0.0,16
dkigweta,dkigweta,,0.0,261
domingotrejo1,domingotrejo1,,0.0,212
doraned66,doraned66,,0.0,371
dorproductions7,dorproductions7,,0.0,403
442,442,,0.009666660197135423,403
dortiz2371,dortiz2371,,0.0,435
dremmayoung,dremmayoung,,0.0,227
dubbsie17,dubbsie17,,0.0,371
duine71,duine71,,0.0,404
primrosesandrue,primrosesandrue,,0.009666660197135423,404
dumtree18,dumtree18,,0.0,0
dwellenstein,dwellenstein,,0.0,405
SMaryG,SMaryG,,0.009666660197135423,405
eatdrink_sleep,eatdrink_sleep,,0.0,255
edentheboss,edentheboss,,0.0,371
edquish,edquish,,0.0,406
Heritage_Radio,Heritage_Radio,,0.019333320394270846,406
edvla09,edvla09,,0.0,407
theScenesBand,theScenesBand,,0.009666660197135423,407
ellie_keller21,ellie_keller21,,0.0,29
elooise_and,elooise_and,,0.0,23
emflint_,emflint_,,0.02974843246886786,408
sulliebby,sulliebby,,0.02974843246886786,408
emilywindle_,emilywindle_,,0.0,300
emmapeters33,emmapeters33,,0.0,0
ericastokes,ericastokes,,0.0,371
esepini,esepini,,0.02974843246886786,409
luis_law,luis_law,,0.02974843246886786,409
eses150,eses150,,0.0,7
farhanah_zlkfl,farhanah_zlkfl,,0.0,3
farrochie,farrochie,,0.0,38
fashionbyrd,fashionbyrd,,0.0,410
SXMUrbanView,SXMUrbanView,,0.009666660197135423,410
fow_nick,fow_nick,,0.0,0
fplyasunova1,fplyasunova1,,0.0,411
dygin1,dygin1,,0.009666660197135423,411
Ollie_Middleton,Ollie_Middleton,,0.02974843246886786,38
freebaggins,freebaggins,,0.0,137
gailweir,gailweir,,0.0,7
ghosh_manish,ghosh_manish,,0.0,7
gummmypig,gummmypig,,0.0,434
lyykalingat,lyykalingat,,0.009666660197135423,434
hailefost,hailefost,,0.0,0
haley60597,haley60597,,0.0,412
halfdeeve,halfdeeve,,0.0,193
hannah_koller,hannah_koller,,0.0,16
hannahclong,hannahclong,,0.0,371
harrislewis99,harrislewis99,,0.0,371
hawkk01,hawkk01,,0.0,413
sullygo,sullygo,,0.009666660197135423,413
hazelsanut,hazelsanut,,0.0,376
heartless_fay,heartless_fay,,0.0,414
HeyyDiva,HeyyDiva,,0.009666660197135423,414
heartpaynesx,heartpaynesx,,0.0,415
Canada_5SOS,Canada_5SOS,,0.009666660197135423,415
hh,hh,,0.02974843246886786,7
szoges,szoges,,0.02974843246886786,7
hitendudhatra,hitendudhatra,,0.0,371
hoosierdaddytdh,hoosierdaddytdh,,0.0,7
hotjamalle,hotjamalle,,0.02974843246886786,416
ohhkass,ohhkass,,0.02974843246886786,416
httpspetrova,httpspetrova,,0.0,185
huff_caroline,huff_caroline,,0.0,369
hyphyabby,hyphyabby,,0.0,40
iSelphish,iSelphish,,0.02974843246886786,417
iamkeeferz,iamkeeferz,,0.02974843246886786,417
iToonsz,iToonsz,,0.0,418
theninesixx,theninesixx,,0.009666660197135423,418
iamSamdaves1ne,iamSamdaves1ne,,0.0,419
iamjomos,iamjomos,,0.0,16
iiAM_KYRiNA,iiAM_KYRiNA,,0.0,420
tedburns28,tedburns28,,0.009666660197135423,420
iluvjb_7,iluvjb_7,,0.0,62
imaskid,imaskid,,0.0,11
indyaxo,indyaxo,,0.02974843246886786,421
mpahoulis11,mpahoulis11,,0.02974843246886786,421
indydee,indydee,,0.0,7
ErythreanSea,ErythreanSea,,0.009666660197135423,7
LaissezFaireBks,LaissezFaireBks,,0.009666660197135423,7
itsandreahh,itsandreahh,,0.0,7
itsforhome,itsforhome,,0.0,422
CleantechOpenNE,CleantechOpenNE,,0.009666660197135423,422
itsjasminehey,itsjasminehey,,0.0,423
meabh_mcnulty,meabh_mcnulty,,0.009666660197135423,423
itsmeLyAn27,itsmeLyAn27,,0.02974843246886786,424
TawaKaNaman,TawaKaNaman,,0.04908175286313866,424
trixiesexyy,trixiesexyy,,0.02974843246886786,424
ivettex0,ivettex0,,0.0,425
young_trelle_,young_trelle_,,0.009666660197135423,425
ivettey_,ivettey_,,0.056590673893591244,286
ivetukis,ivetukis,,0.0,137
teegssmith,teegssmith,,0.056590673893591244,160
jaaadeheath,jaaadeheath,,0.02974843246886786,371
leescfc1984,leescfc1984,,0.02974843246886786,371
jackweller9,jackweller9,,0.0,38
jacp1515,jacp1515,,0.0,426
BFbookies,BFbookies,,0.009666660197135423,426
jadaawaydaa__,jadaawaydaa__,,0.0,427
dnelms_,dnelms_,,0.009666660197135423,427
jant009,jant009,,0.0,428
leighhannlazzz,leighhannlazzz,,0.009666660197135423,428
jasonmo73570078,jasonmo73570078,,0.0,371
jdorosario,jdorosario,,0.0,7
jenna927,jenna927,,0.0,271
jenna_r_,jenna_r_,,0.02974843246886786,429
noelleloyello,noelleloyello,,0.02974843246886786,429
jennajmv,jennajmv,,0.0,0
jennam15,jennam15,,0.02974843246886786,430
marandajoycee,marandajoycee,,0.02974843246886786,430
jennammm,jennammm,,0.0,7
jeremyjr777,jeremyjr777,,0.0,7
jerome33_,jerome33_,,0.0,337
jerome559,jerome559,,0.0,431
ericakland,ericakland,,0.009666660197135423,431
jerrybr54028613,jerrybr54028613,,0.0,74
jessica_13213,jessica_13213,,0.0,432
jhonatanisaac1,jhonatanisaac1,,0.0,433
NeylaPerez3,NeylaPerez3,,0.009666660197135423,433
jilliandiaries,jilliandiaries,,0.0,434
qc,qc,,0.03992861531773468,434
jkmcnamara,jkmcnamara,,0.0,371
jo,jo,,0.0,465
johnnychronix,johnnychronix,,0.0,337
jonasz_k_,jonasz_k_,,0.0,371
jordanwillcox,jordanwillcox,,0.0,371
joshbellas,joshbellas,,0.0,371
joshua_yoerger,joshua_yoerger,,0.0,7
joshueezy,joshueezy,,0.0,435
joybowman1,joybowman1,,0.0,371
jp_sano,jp_sano,,0.02974843246886786,436
mariapapadakis,mariapapadakis,,0.02974843246886786,436
juniorperezmon,juniorperezmon,,0.0,212
justwaza,justwaza,,0.0,371
jyevans2,jyevans2,,0.0,337
kAsSiCyRuS,kAsSiCyRuS,,0.0,437
ashleywelty,ashleywelty,,0.009666660197135423,437
kaitlindob,kaitlindob,,0.0,0
kaplunm,kaplunm,,0.0,7
katealejo01,katealejo01,,0.02974843246886786,438
katycantuflores,katycantuflores,,0.02974843246886786,438
katiebenoit97,katiebenoit97,,0.0,29
katysmart_00,katysmart_00,,0.0,200
kdwhite81,kdwhite81,,0.0,371
kecarter_,kecarter_,,0.0,16
HelloFrancisco_,HelloFrancisco_,,0.009666660197135423,16
keelydawn_,keelydawn_,,0.0,439
sgrovesss,sgrovesss,,0.009666660197135423,439
kelsterwhytey,kelsterwhytey,,0.0,371
kendallsan,kendallsan,,0.0,193
kevenBasehooper,kevenBasehooper,,0.02974843246886786,440
xChee_,xChee_,,0.02974843246886786,440
keytyaqueline,keytyaqueline,,0.02974843246886786,441
loveniall1996,loveniall1996,,0.02974843246886786,441
kh,kh,,0.0,376
khadesia_,khadesia_,,0.0,442
Michaelp1122,Michaelp1122,,0.009666660197135423,442
kimfucius_say,kimfucius_say,,0.0,3
king_pipestem,king_pipestem,,0.02974843246886786,443
ohtsenashe,ohtsenashe,,0.02974843246886786,443
kitenge,kitenge,,0.0,7
knxcklepxckk,knxcklepxckk,,0.0,310
kraftpreston,kraftpreston,,0.0,444
DakotaDecoy,DakotaDecoy,,0.009666660197135423,444
krislard,krislard,,0.0,445
ragonmiller,ragonmiller,,0.009666660197135423,445
kristineee26,kristineee26,,0.0,424
laurencrago13,laurencrago13,,0.0,446
YoungStunner97,YoungStunner97,,0.009666660197135423,446
laurenjasso,laurenjasso,,0.0,29
Jazmyneee_,Jazmyneee_,,0.053277317923699975,447
lausheehan,lausheehan,,0.02974843246886786,448
lewishunt94,lewishunt94,,0.02974843246886786,448
lexnowling,lexnowling,,0.0,337
lexx612,lexx612,,0.0,29
lg,lg,,0.18700799083442532,7
lilmiguel815,lilmiguel815,,0.0,337
lindsay_lee,lindsay_lee,,0.02974843246886786,449
theskipperdees,theskipperdees,,0.02974843246886786,449
loftymatambo,loftymatambo,,0.0,7
louannthorel,louannthorel,,0.0,23
camilllleanne,camilllleanne,,0.02974843246886786,441
lovingpitts,lovingpitts,,0.0,185
lowec5,lowec5,,0.0,371
lowercasejae,lowercasejae,,0.0,11
loxbea,loxbea,,0.0,477
loxivn,loxivn,,0.0,435
luis_rh1,luis_rh1,,0.0,7
lukecfc1999,lukecfc1999,,0.0,371
lulabula99,lulabula99,,0.0,450
familymoms,familymoms,,0.009666660197135423,450
maddisont19,maddisont19,,0.0,451
johnkelly_music,johnkelly_music,,0.009666660197135423,451
madyearl,madyearl,,0.0,0
maivelous,maivelous,,0.02974843246886786,452
paramofe,paramofe,,0.02974843246886786,452
marfa5,marfa5,,0.0,7
marg_x,marg_x,,0.0,23
mark_ebpb,mark_ebpb,,0.0,371
marlybreann,marlybreann,,0.0,29
marmx3,marmx3,,0.0,16
martmannion,martmannion,,0.0,371
marv_p,marv_p,,0.0,337
Arfanchaudhry,Arfanchaudhry,,0.009666660197135423,337
marz05,marz05,,0.0,371
mash09,mash09,,0.0,7
matejaburisa,matejaburisa,,0.0,453
Team_Smoldy,Team_Smoldy,,0.009666660197135423,453
mattydurgin,mattydurgin,,0.0,271
maverrikkk,maverrikkk,,0.0,381
mc,mc,,0.0,454
ph,ph,,0.009666660197135423,454
mcintyrerayne,mcintyrerayne,,0.0,455
marie_sheira,marie_sheira,,0.009666660197135423,455
mdelturco95,mdelturco95,,0.02974843246886786,456
tracideannn,tracideannn,,0.02974843246886786,456
meow_at_me_,meow_at_me_,,0.0,0
merriday_brandy,merriday_brandy,,0.0,337
michico_angel,michico_angel,,0.0,457
Dukong_taeng,Dukong_taeng,,0.009666660197135423,457
mikemeginnis,mikemeginnis,,0.0,11
mimiariengo89,mimiariengo89,,0.0,3
Fearless15ers,Fearless15ers,,0.020595294923463833,321
mjvulch,mjvulch,,0.0,7
monday40,monday40,,0.0,74
morakinyoHadeyT,morakinyoHadeyT,,0.0,371
mshiek,mshiek,,0.0,137
mslaurenliz,mslaurenliz,,0.02974843246886786,458
nrawding116,nrawding116,,0.02974843246886786,458
namat05,namat05,,0.0,0
ookuboy,ookuboy,,0.056590673893591244,55
naxeerdankoli,naxeerdankoli,,0.0,20
newparad_gm,newparad_gm,,0.0,459
imagina7ion,imagina7ion,,0.009666660197135423,459
nhl_panthersfan,nhl_panthersfan,,0.0,460
breeeeee__,breeeeee__,,0.009666660197135423,460
nickfletchergdn,nickfletchergdn,,0.0,7
fembot77,fembot77,,0.02974843246886786,243
niiallsgiirll,niiallsgiirll,,0.02974843246886786,3
vanillalattehes,vanillalattehes,,0.02974843246886786,3
nikolayvanchev,nikolayvanchev,,0.0,7
nlcole_foo,nlcole_foo,,0.0,461
SheibourneHotel,SheibourneHotel,,0.009666660197135423,461
noel_elizabethh,noel_elizabethh,,0.0,462
noemzz_,noemzz_,,0.0,200
nr,nr,,0.0,7
pm,pm,,0.009666660197135423,7
nufcislife,nufcislife,,0.056590673893591244,336
off2wine,off2wine,,0.0,271
ohmyliam,ohmyliam,,0.0,3
ohparksehyoel,ohparksehyoel,,0.0,463
exosconvos,exosconvos,,0.009666660197135423,463
sehunxosoul,sehunxosoul,,0.009666660197135423,463
olashilebakare,olashilebakare,,0.0,464
PiimyToriah,PiimyToriah,,0.009666660197135423,464
ombelinejnt,ombelinejnt,,0.0,23
onearsenalarmy,onearsenalarmy,,0.0,371
oo,oo,,0.0,7
originalankur,originalankur,,0.0,7
ot,ot,,0.0,7
owen_main,owen_main,,0.0,371
ox,ox,,0.0,465
paaquayson,paaquayson,,0.0,371
pam0nhadoluanjr,pam0nhadoluanjr,,0.0,466
goianadoluan,goianadoluan,,0.009666660197135423,466
pamatluing,pamatluing,,0.0,117
pandonkey,pandonkey,,0.0,337
paralian,paralian,,0.0,117
paulhboyd1,paulhboyd1,,0.0,467
semoballErin,semoballErin,,0.009666660197135423,467
pete_stanley,pete_stanley,,0.0,7
petermcgladdery,petermcgladdery,,0.0,468
ShutUpAndrea,ShutUpAndrea,,0.009666660197135423,468
phanatic97,phanatic97,,0.0,0
pipipororo,pipipororo,,0.02974843246886786,469
sue_hoshi,sue_hoshi,,0.02974843246886786,469
piramida,piramida,,0.0,470
BankToTheFuture,BankToTheFuture,,0.009666660197135423,470
pmrane2703,pmrane2703,,0.0,381
porche_renee,porche_renee,,0.0,471
AwfulSam,AwfulSam,,0.009666660197135423,471
ppskmedia,ppskmedia,,0.0,120
prameshjain12,prameshjain12,,0.0,381
pratapketan,pratapketan,,0.0,381
prestigy_moons,prestigy_moons,,0.02974843246886786,472
saffiah_,saffiah_,,0.02974843246886786,472
priyankapauly,priyankapauly,,0.0,381
procter25,procter25,,0.0,371
qjnmh,qjnmh,,0.0,38
queenniaaaa,queenniaaaa,,0.02974843246886786,473
theyloveimane,theyloveimane,,0.02974843246886786,473
qx,qx,,0.17708388852143458,7
rahmadillafth,rahmadillafth,,0.0,111
randilynn_xx,randilynn_xx,,0.0,3
rantindave,rantindave,,0.0,7
rastapasta42,rastapasta42,,0.0,7
rawilkinson11,rawilkinson11,,0.0,434
rinniez,rinniez,,0.0,474
corrinrenee,corrinrenee,,0.009666660197135423,474
rip1918,rip1918,,0.0,337
robertoooo_78,robertoooo_78,,0.0,0
rohingupta1,rohingupta1,,0.0,381
rotster,rotster,,0.0,475
markrshaw,markrshaw,,0.009666660197135423,475
rsiuda,rsiuda,,0.0,7
rsjay1,rsjay1,,0.0,476
rtbllue,rtbllue,,0.0,267
rutto_kipkemboi,rutto_kipkemboi,,0.0,7
s_wizzard,s_wizzard,,0.0,337
salma_carrillo,salma_carrillo,,0.0,477
sarabenwell,sarabenwell,,0.0,38
sarah_rutkowski,sarah_rutkowski,,0.02974843246886786,478
theSSDaryanani,theSSDaryanani,,0.02974843246886786,478
sarahjane1923,sarahjane1923,,0.0,334
sarahleeyoga,sarahleeyoga,,0.0,7
Crafterxxx,Crafterxxx,,0.02974843246886786,266
savannahwoodrow,savannahwoodrow,,0.0,0
seacol13,seacol13,,0.0,7
sevensanchezz,sevensanchezz,,0.0,0
shakira_dc,shakira_dc,,0.0,7
shankap0tomus,shankap0tomus,,0.0,337
sharishawstudio,sharishawstudio,,0.0,337
sheisruthkelly,sheisruthkelly,,0.0,337
sherley60,sherley60,,0.0,23
sirine2b,sirine2b,,0.0,479
LoubnaZrari,LoubnaZrari,,0.009666660197135423,479
skylerashtonnn,skylerashtonnn,,0.0,16
smallcomfylouis,smallcomfylouis,,0.0,3
snregenold,snregenold,,0.0,337
spillaaar,spillaaar,,0.0,0
startaMOB,startaMOB,,0.0,480
HawksNumbers,HawksNumbers,,0.009666660197135423,480
stein_gauthier,stein_gauthier,,0.0,267
stephanmerkle,stephanmerkle,,0.0,74
stephengood08,stephengood08,,0.0,371
stickyfingers63,stickyfingers63,,0.0,7
stumcc761,stumcc761,,0.0,371
sunshine_shanna,sunshine_shanna,,0.0,481
bentorrestweets,bentorrestweets,,0.009666660197135423,481
susiebear38,susiebear38,,0.0,394
tAyDoReMaSh,tAyDoReMaSh,,0.0,16
tallecChristoph,tallecChristoph,,0.0,7
tastyliam,tastyliam,,0.0,3
teatyme1,teatyme1,,0.0,16
teeflawlesss_,teeflawlesss_,,0.0,482
indigo_47_,indigo_47_,,0.009666660197135423,482
tentril,tentril,,0.0,11
thebetbutler,thebetbutler,,0.0,371
thedngrs,thedngrs,,0.0,3
thefoodloft,thefoodloft,,0.0,406
WeBroughtBeer,WeBroughtBeer,,0.020595294923463833,127
thelorddraehn,thelorddraehn,,0.0,88
themohaahmed,themohaahmed,,0.0,483
xperienceharlem,xperienceharlem,,0.009666660197135423,483
Blazed_Zombie,Blazed_Zombie,,0.020595294923463833,418
therealZackKatz,therealZackKatz,,0.0,7
therohanization,therohanization,,0.0,337
tino_villegas,tino_villegas,,0.0,16
tomlinsorcier,tomlinsorcier,,0.0,484
txmlintwerk,txmlintwerk,,0.009666660197135423,484
tommy2hotty,tommy2hotty,,0.0,337
tommybenit,tommybenit,,0.0,371
tran_bill,tran_bill,,0.0,485
SophiaBerrios,SophiaBerrios,,0.009666660197135423,485
treysanford,treysanford,,0.0,486
thecajuncleaver,thecajuncleaver,,0.009666660197135423,486
tw,tw,,0.0,7
twofortwomaybe,twofortwomaybe,,0.0,0
tylerichardson7,tylerichardson7,,0.0,487
ReggieWLTX,ReggieWLTX,,0.009666660197135423,487
_megan22,_megan22,,0.009666660197135423,487
ullmatic,ullmatic,,0.0,233
ultrasftc1,ultrasftc1,,0.0,488
BoobsPics,BoobsPics,,0.009666660197135423,488
wanderingmindds,wanderingmindds,,0.056590673893591244,253
untiltheygo,untiltheygo,,0.0,11
vaalouuz,vaalouuz,,0.0,23
valourchd,valourchd,,0.0,233
vanvannnnn,vanvannnnn,,0.0,29
varcel1d,varcel1d,,0.0,3
verminmark,verminmark,,0.0,337
victa_co,victa_co,,0.0,7
viveunpoquito,viveunpoquito,,0.0,212
waitingirl13,waitingirl13,,0.0,11
wanakafilm,wanakafilm,,0.0,6
warholskidd,warholskidd,,0.0,72
xotiaa_,xotiaa_,,0.07260088364245774,145
wendypauyon,wendypauyon,,0.0,424
willi_knecht,willi_knecht,,0.0,489
DavidBernard21,DavidBernard21,,0.009666660197135423,489
wolfinhd,wolfinhd,,0.0,337
wydubawuqavu,wydubawuqavu,,0.0,490
wyqenujemaha,wyqenujemaha,,0.009666660197135423,490
xBlainx,xBlainx,,0.0,491
OhMyJulia_,OhMyJulia_,,0.009666660197135423,491
xOBLiViiOUS,xOBLiViiOUS,,0.0,11
xjbftmc,xjbftmc,,0.0,224
yahoomac,yahoomac,,0.0,38
yootopea,yootopea,,0.0,492
GreyhoundsGolf,GreyhoundsGolf,,0.009666660197135423,492
younglink,younglink,,0.0,11
youseph_11,youseph_11,,0.0,371
zamonizuka,zamonizuka,,0.0,371
