userId,t1,t2,t3,t4,t5,t6,t7,t8,t9,t10,class
Lukash_Money,0.27,0.46,0,0,0,0,0.06,0.2,0.01,0,NN
mashy2,0.15,0.71,0,0,0,0.04,0.05,0.02,0,0.01,NN
_chellllle,0.71,0,0,0,0,0,0,0.29,0,0,NN
cathyca_,0.05,0.04,0.03,0.01,0.22,0,0.53,0,0.12,0,NN
KINGPIZZ,0.4,0.2,0,0,0,0,0.03,0.36,0,0,N
David_Nagy13,0.08,0.9,0,0,0,0,0,0.02,0,0,NN
AREONE27,0,0.4,0,0,0.01,0,0.05,0.55,0,0,N
xdaisy425x,0.95,0,0,0,0,0,0,0.05,0,0,NN
LokilAQW,0.28,0.23,0,0,0,0.21,0.24,0.03,0.01,0,NN
Alex_Siber,0.35,0.35,0.02,0,0,0.01,0.03,0.15,0.06,0,NN
ettbrowneyes,0.65,0.29,0,0,0,0,0,0.03,0.01,0.01,NN
wgarrido_,0,0.03,0.02,0,0.95,0,0,0,0,0,NN
Savosaurus,0.63,0.13,0.02,0,0,0,0.13,0.01,0.08,0,NN
therealCG502,0.21,0.72,0,0.06,0,0,0,0,0,0,NN
margweston,0.04,0.03,0,0,0,0,0.55,0,0.36,0,NN
_Farad,0.57,0,0.04,0.37,0,0,0,0.01,0,0.01,NN
rofesta,0,0,0,0,1.0,0,0,0,0,0,NN
Privitheus,0.03,0.7,0.04,0.2,0,0,0,0,0,0.02,NN
gracianana,0.51,0,0.03,0.44,0,0,0,0,0,0.02,NN
hawaiiianlion,0.68,0.03,0,0,0,0,0.02,0.26,0,0,NN
FlockWithFlacko,0.31,0.11,0,0,0,0,0.02,0.53,0.02,0,N
jennamzh,0.98,0,0,0,0,0,0,0,0,0,NN
ShaeMallory,0.84,0,0,0,0,0,0,0.16,0,0,NN
iiFucked_Swagg,0.41,0,0,0,0,0,0,0.59,0,0,N
_anggithartiwi,0,0.03,0.05,0.13,0,0.02,0.03,0,0,0.74,NN
MerabGro,0.14,0,0,0,0.84,0,0,0,0,0.02,NN
dickclucas,0.27,0.16,0,0.02,0,0,0.44,0.02,0.09,0,NN
syphm1,0.75,0.06,0,0.1,0,0,0,0.09,0,0,NN
Ary_Bacardi,0.23,0.08,0,0,0,0,0,0.69,0,0,N
hkky49mi,0.03,0.03,0.03,0.03,0.03,0.03,0.03,0.77,0.03,0.03,N
AyyCeci,0.67,0.04,0.02,0,0,0,0.02,0.23,0.02,0,NN
SneakerDorian,0.29,0.02,0,0,0,0,0,0.68,0,0,N
Prosperos_isle,0.19,0.28,0,0,0,0,0.02,0,0.48,0.04,NN
Rikuninchen,0.25,0.24,0.03,0.02,0,0.3,0.13,0.01,0,0,NN
K9DoodiePatolr,0.08,0.45,0.02,0,0,0,0.21,0.05,0.19,0,NN
DFK007,0.16,0.46,0,0,0,0,0.33,0,0.04,0,NN
AnaR915,0.47,0.31,0.01,0,0,0,0,0.04,0,0.16,NN
davidsting414,0.04,0.25,0.02,0,0,0.03,0.39,0,0.25,0,NN
CANNIBOOTY,0.86,0.03,0.04,0,0,0,0.04,0,0.01,0,NN
FereshtehEmami,0.24,0.61,0,0,0,0,0.12,0,0.03,0,NN
M4D31YN,0.75,0.23,0,0,0,0,0.01,0,0,0,NN
_wadem,0.08,0.68,0,0,0,0,0.15,0,0.07,0.02,NN
mightyreds,0,1.0,0,0,0,0,0,0,0,0,NN
PabloScordo1,0,0.06,0,0,0.61,0,0.19,0,0.14,0,NN
nextto16,0.65,0,0.27,0,0,0,0,0.08,0,0,NN
Faklasher,0.58,0.17,0,0.02,0,0,0.14,0.05,0.02,0,NN
Seandonovan94,0.1,0.08,0.02,0,0,0.71,0.06,0,0,0,NN
JLee_Hadley,0.56,0.12,0,0,0,0,0.02,0.3,0,0,NN
ceeyoutea,0.85,0.07,0,0,0,0,0.01,0.01,0.03,0.02,NN
MCNtweets,0.3,0.41,0,0,0,0,0.21,0,0.05,0,NN
skkelley_17,0.96,0.03,0,0,0,0,0,0,0,0,NN
abcdefgayy,0.88,0,0,0,0,0,0,0.11,0,0,NN
demihomo,0.75,0.06,0.01,0.02,0,0,0.07,0,0.05,0.03,NN
LuciDeacon,1.0,0,0,0,0,0,0,0,0,0,NN
Tony_Jorden,0.99,0,0,0,0,0,0,0,0,0,NN
tasha_amy92,0.7,0.23,0,0,0,0,0,0.04,0.01,0,NN
CajsaJacobsen,0.67,0.16,0.03,0,0,0.06,0,0,0,0.07,NN
Ellie_Macintyre,0.69,0.26,0,0,0,0,0.02,0,0.02,0,NN
TayelfylorKloss,0.41,0.11,0.38,0,0,0.01,0,0.03,0,0.04,NN
daddylyrical,0.15,0,0,0,0,0,0,0.85,0,0,N
firripwang,0.28,0.07,0,0,0,0,0.02,0.63,0,0,N
IamCj005,0.04,0.67,0,0,0,0,0.19,0,0,0.09,NN
Mw2Alsaif,0,0,0,0,0,1.0,0,0,0,0,NN
OutSpoken_PB,0.58,0,0,0.09,0,0,0,0.32,0,0,NN
stephengood08,0.24,0.76,0,0,0,0,0,0,0,0,NN
temporlarriefix,0.56,0,0.4,0.04,0,0,0,0,0,0,NN
OhHi_ImDamoo,0.57,0,0,0,0,0,0,0.42,0,0,N
wtvmollie,0.79,0,0.01,0,0,0.01,0.12,0.05,0.02,0,NN
PureSoccerTV,0,0.91,0,0,0,0,0.09,0,0,0,NN
EServanF,0.17,0.22,0,0.02,0.39,0.01,0.16,0,0,0.02,NN
hidayahaha,0.27,0,0,0.73,0,0,0,0,0,0,NN
Ank_yuma1209,0.05,0.05,0.05,0.05,0.05,0.05,0.05,0.55,0.05,0.05,N
CiscoEngineers,0,0.16,0,0.02,0,0,0.64,0,0.17,0,NN
ontarioweeds,0.58,0,0.04,0,0,0,0,0.3,0,0.08,NN
kina_yanae15,0.54,0,0,0,0,0,0,0.46,0,0,N
wssx_,0.49,0,0.02,0,0.02,0.01,0.07,0.03,0,0.36,NN
opalitetears,0.75,0,0,0,0,0,0,0.23,0,0,NN
jaileneeeeee_,0.77,0,0,0,0,0,0,0.23,0,0,NN
WhitneyEricksen,1.0,0,0,0,0,0,0,0,0,0,NN
nmpanek,0.13,0.2,0.02,0,0,0,0.25,0,0.39,0,NN
samacharsar,0,0,0,0,0,0,0.85,0.14,0,0,NN
bxndhearts,0.59,0.02,0.28,0,0,0,0,0.1,0,0.01,NN
Jag3Dagster,0.46,0.37,0,0,0,0.03,0.1,0,0.03,0,NN
NotMyMoney_,0.07,0.11,0,0.01,0,0,0.77,0,0.02,0,NN
MeLza_17,0,0.96,0,0.02,0,0.02,0,0,0,0,NN
SevenEasyWays,0,0.88,0,0,0,0,0,0,0.12,0,NN
RaceLies,0,0,0,0,0.33,0,0.58,0.08,0,0,NN
TikeGooden,0.13,0.8,0,0,0,0,0,0.07,0,0,NN
CheennyC,0.6,0,0,0,0,0,0,0,0,0.38,NN
_NYOx,0.41,0,0.03,0.49,0,0,0,0.07,0,0,NN
wheresmyCARlos,0.53,0.33,0,0,0,0,0.02,0.12,0,0,NN
WlassM,0,0,0.18,0,0.78,0,0,0,0,0,NN
Saamhmz,0,0,1.0,0,0,0,0,0,0,0,NN
owen_main,0.25,0.74,0,0,0,0,0,0.02,0,0,NN
ARTORICAL,0.12,0.37,0.05,0,0,0.01,0.32,0,0.09,0.02,NN
brilicarixx,0.84,0,0.02,0,0,0,0.01,0.09,0.03,0,NN
LostAtSea96,0.93,0,0,0,0,0,0,0.07,0,0,NN
freudianquips,0.76,0.08,0,0,0,0,0.07,0,0.07,0,NN
D_Banx,0.35,0.19,0,0,0,0,0,0.44,0,0,N
FaiiFanism,0.05,0.03,0.07,0,0,0.04,0.03,0.03,0,0.74,NN
CandisHooley,1.0,0,0,0,0,0,0,0,0,0,NN
imbackUmbach,0.88,0.08,0,0,0,0,0,0.01,0,0,NN
TitosTweets,0.17,0.77,0,0,0,0,0,0.06,0,0,NN
ovidiuebufnila,0.14,0.02,0.01,0,0,0.01,0.03,0,0.43,0.35,NN
NareshI87476843,0,0.1,0,0.14,0,0.56,0,0,0,0.19,NN
Lindouush_,0,0,0.97,0,0.03,0,0,0,0,0,NN
DawayneGadis,0.63,0.06,0,0,0,0,0,0.29,0.01,0,NN
Missus_Johnson,0.5,0.5,0,0,0,0,0,0,0,0,NN
rhylie_pantts,0.9,0.03,0,0,0,0,0.02,0.02,0.01,0,NN
danaalarbeed_,0.96,0,0,0,0,0,0,0.03,0,0,NN
syqinnygenes,0.69,0.16,0.03,0.03,0,0,0.02,0,0.03,0.02,NN
wana35584931,0,0.06,0,0,0,0,0.9,0,0,0,NN
political_ppl,0.13,0.16,0,0,0,0,0.14,0,0.57,0,NN
mr_solivigant,0.27,0.1,0,0,0,0,0.39,0,0.24,0,NN
ashishkelo,0,0,0,0,0,0,0.99,0,0,0.01,NN
VennStRecords,0.14,0.84,0,0,0,0,0,0,0,0,NN
dbigmark,0,0.94,0,0,0,0,0.06,0,0,0,NN
sailonnarry,0.35,0.21,0.37,0,0,0,0,0.02,0,0.05,NN
OSimoka,0.01,0.4,0.03,0.05,0,0.03,0.36,0.03,0.02,0.06,NN
G_Amber,0.23,0.09,0.62,0,0,0,0.05,0,0,0,NN
07307jcsc,0,0,0,0,1.0,0,0,0,0,0,NN
amerr_aref,0.46,0.15,0,0.29,0,0,0.07,0,0,0.01,NN
aida_almiron,0.03,0,0,0.01,0.96,0,0,0,0,0,NN
L_PVCO,0.3,0.47,0,0,0,0,0,0.2,0.02,0,NN
CarlaA_13,0,0,0,0,0.99,0,0,0,0,0,NN
Rwan_alshehri83,0.47,0,0,0,0,0,0.47,0,0,0,NN
Anna8x8,0.89,0.03,0.05,0.01,0,0,0,0,0,0.02,NN
DayleGifford,0.44,0.56,0,0,0,0,0,0,0,0,NN
norma_dunham,0.03,0,0,0,0,0.01,0.94,0,0,0,NN
HanFreakinSolo,0.56,0.14,0,0,0,0,0.17,0,0.12,0,NN
longliveniya,0.6,0.02,0,0,0,0,0.04,0.34,0,0,N
ItsSubject,0.31,0.26,0,0,0,0.06,0.11,0.26,0.01,0,NN
UpasanaGagan,0.28,0,0,0,0,0.57,0.01,0,0.04,0.1,NN
nokidrauhls,0.56,0.06,0.13,0,0.05,0,0,0.02,0,0.18,NN
DapperDonDevin,0.51,0.06,0,0,0,0,0.05,0.37,0.01,0,N
__bartonn,0.92,0.07,0,0,0,0,0,0,0,0,NN
boobearluvx,0.43,0.38,0.09,0.02,0,0.03,0,0.02,0,0.03,NN
vaalouuz,0,0,1.0,0,0,0,0,0,0,0,NN
PoloVargas_3,0.33,0.64,0,0,0,0,0.02,0,0,0,NN
MorenaCardella,0,0,0,0,1.0,0,0,0,0,0,NN
DarkheartUnique,0.83,0.04,0,0,0,0,0.1,0,0,0,NN
jordangroeningx,0.98,0.01,0,0,0,0,0,0,0,0,NN
TayskiOutInCali,0,0.13,0,0,0,0,0,0.87,0,0,N
Lifefactss__,0.72,0,0,0,0,0,0.15,0,0.13,0,NN
LnceTbfnda,0.17,0.2,0,0.04,0,0,0,0,0,0.58,NN
SillyLili_11,0.85,0.12,0,0,0,0,0,0.04,0,0,NN
Mhalia11,0.18,0.01,0,0,0,0,0,0,0,0.8,NN
Jenn_Benn,0.43,0.42,0,0,0,0,0.03,0,0.08,0.02,NN
StSinner1,0,0.36,0.01,0,0.2,0.04,0.34,0,0,0.03,NN
MohdAriadi,0.61,0,0,0.36,0,0,0.02,0,0,0,NN
wh__destiny,0.24,0,0,0,0,0,0,0,0,0.75,NN
SnipinSully,0.29,0.65,0,0,0,0,0.01,0.05,0,0,NN
katiagalicia,0.47,0.39,0.08,0,0,0,0,0,0,0.05,NN
Flavviie_,1.0,0,0,0,0,0,0,0,0,0,NN
j_Chivas29,0.48,0.09,0,0,0.03,0,0.04,0.35,0,0,N
herr_rockn,0.12,0.25,0.03,0.04,0,0.05,0.4,0,0.1,0.02,NN
ChriSaunders,0.79,0.12,0,0,0,0.01,0.04,0.04,0,0,NN
juancaimarek,0,0,0,0,1.0,0,0,0,0,0,NN
mochekke,0.86,0.03,0.01,0,0,0,0.04,0,0.03,0,NN
cathi_serra,0.9,0.02,0,0,0,0,0,0.07,0,0,NN
olddouche,0.81,0.05,0,0,0,0,0.05,0.06,0.02,0,NN
Claire_Ros27,0.15,0.06,0,0,0,0.01,0,0,0,0.77,NN
T_Rex93a,0.7,0,0,0,0,0,0,0.29,0,0,NN
ArthaBliss,0.22,0,0.01,0,0,0,0,0,0,0.75,NN
LaBella_Diamond,0.84,0.08,0,0,0,0,0,0.06,0.02,0,NN
__RAWood,0.66,0.22,0,0,0,0,0,0.07,0.04,0,NN
03872trdb,0,0,0,0,1.0,0,0,0,0,0,NN
BeneGae,0.41,0.41,0,0.03,0,0,0,0.14,0,0,NN
RudeMarto,0.11,0,0,0,0.86,0,0,0.02,0,0,NN
alexa_grant,0.57,0.04,0,0,0,0,0.03,0.32,0.02,0,NN
unboundpage,0.35,0.29,0.06,0,0,0,0.18,0,0.1,0,NN
AarynMasangcay,0.75,0.02,0,0,0,0,0,0.21,0.01,0,NN
Scoarnec2,0,0.12,0.86,0,0.01,0,0,0,0,0,NN
alvaromontes725,0.05,0.91,0,0,0.04,0,0,0,0,0,NN
yuka15918010,0.3,0.6,0.01,0.01,0.01,0.01,0.01,0.01,0.01,0.01,NN
Iza_RochaMatos,0.38,0.25,0.1,0,0.05,0,0,0.06,0,0.13,NN
eddyvera0,0.86,0,0,0,0,0,0,0.13,0,0,NN
indy_velez,0.7,0.01,0,0,0,0,0,0.29,0,0,NN
teeacupppp,0.79,0,0,0,0,0,0,0.2,0,0,NN
arctichowll,0.77,0.03,0.02,0.05,0,0,0,0,0,0.13,NN
difarmesa,0.01,0,0,0,0.99,0,0,0,0,0,NN
LesslyDmgz,0.72,0.03,0,0,0.21,0,0,0.03,0,0,NN
bbcottt,0.84,0,0,0,0,0,0,0.16,0,0,NN
KathyBunny,0.85,0,0,0,0,0,0,0.15,0,0,NN
samife101,0.31,0.08,0.39,0,0,0.04,0.06,0,0.13,0,NN
dreamcastpop,0.8,0.13,0,0,0,0.02,0.03,0.02,0,0,NN
rafaelkwesley,0,0,0,0,0.95,0,0.04,0,0,0,NN
WickedAngelLil,0.65,0.07,0,0,0,0.02,0.17,0.01,0.07,0,NN
hayleymccutie,0.93,0.06,0,0,0,0,0,0,0,0,NN
EmmaDarch,0.86,0.02,0.01,0,0,0.02,0,0.04,0,0.04,NN
FriidaaNilsson,0.92,0.04,0,0,0,0,0,0,0,0.02,NN
glynncharn,0.02,0.97,0,0,0,0,0,0,0,0,NN
FaZePryZee,0.18,0.22,0,0,0,0.45,0,0.14,0,0,NN
followme_ok,0,0,0,0,0,0,0.99,0,0,0,NN
Nick_Pettigrew,0.4,0.38,0.01,0,0,0,0.14,0,0.06,0,NN
akshay_chauhan,0.33,0.3,0.01,0.01,0,0,0.23,0.03,0,0.09,NN
Wimwanud,0.89,0,0.04,0,0,0,0.03,0,0,0.04,NN
incorrperated,0.75,0.06,0,0,0,0,0.17,0.02,0,0,NN
Nine_Inch_Beef,0.6,0.08,0,0,0,0,0,0.29,0,0.02,NN
Lau_deRiiveyra,0,0.03,0,0,0.96,0,0,0,0,0,NN
EventStylingZA,0,0.06,0.89,0,0,0.03,0.02,0,0,0,NN
jak_paddy,0.76,0.17,0,0,0,0,0,0.07,0,0,NN
Dino_Saur1,0.48,0.36,0,0,0,0.01,0.05,0.02,0.07,0,NN
PhatCapBeats,0,0.05,0.02,0.01,0,0.24,0.02,0.66,0,0,N
amndlno,0.48,0,0,0,0,0,0,0,0,0.5,NN
EskimoKeleher,0.2,0.76,0,0,0,0,0.03,0.01,0,0,NN
katmbenno,0.1,0.86,0,0,0,0,0.02,0,0,0,NN
norihure_ne8949,0.02,0.02,0.02,0.64,0.02,0.02,0.02,0.02,0.02,0.23,NN
udaqueness,0.36,0.01,0.1,0,0.02,0,0.47,0,0,0.04,NN
ellie_keller21,0.97,0.02,0,0,0,0,0,0,0,0,NN
EnrichettaWarde,1.0,0,0,0,0,0,0,0,0,0,NN
akash_emraan,0.23,0.16,0,0.06,0,0.03,0.04,0,0,0.48,NN
kyunggaysoo,0,0,0.35,0.47,0.1,0,0,0,0,0.08,NN
KingTBerry,0.24,0.46,0,0,0,0,0.02,0.27,0,0,NN
stephmarylee,0.55,0,0,0,0,0,0,0.45,0,0,N
zaefromda9,0.28,0,0,0,0,0,0,0.72,0,0,N
MadMacdonald,0.86,0.09,0,0,0,0,0.02,0.02,0,0,NN
IAintShxt_Yet,0.63,0.04,0,0,0,0,0.09,0.12,0.1,0,NN
_chelllle_,0.72,0.24,0,0,0,0,0,0,0.02,0,NN
sabrinamurphy_,0.82,0.08,0,0,0,0,0,0.08,0,0,NN
valentinaaaaaxx,0.78,0.02,0.12,0,0,0,0,0.07,0,0,NN
Live_Love_Nice,0.92,0,0.02,0,0,0,0,0.07,0,0,NN
rentaterminal,0,0.05,0,0,0.02,0.02,0.91,0,0,0,NN
TrolleyMaushi,0.13,0.22,0,0,0,0,0,0,0,0.65,NN
samiran1109,0,0.13,0.03,0,0,0,0.81,0,0.01,0.01,NN
ijatsnake,0.52,0.02,0,0.16,0,0,0.19,0.09,0.03,0,NN
LakeshaAntoniew,0,0,0,0,0,0,0,1.0,0,0,N
amit_chodhary,0.19,0,0,0,0,0.66,0,0,0.07,0.08,NN
mohammed7579,0,0.9,0,0,0,0,0,0,0,0.09,NN
ZombieBabyyy,0.75,0,0,0,0,0,0,0.25,0,0,NN
Louiestowell,0.48,0.2,0,0,0,0,0.11,0,0.21,0,NN
teamleaa,0.04,0.49,0.06,0,0,0.02,0,0,0,0.38,NN
AlexandraTihane,0.8,0,0.05,0,0,0,0.11,0.03,0,0,NN
Liizzzzyyy,0.46,0.02,0.06,0.38,0,0,0,0.05,0,0.03,NN
IntensiveAIM,0,0.77,0,0.06,0,0.03,0,0.11,0,0.02,NN
yuukiandryuunen,0.42,0.14,0.26,0,0,0.03,0.08,0,0,0.06,NN
foneribby,0.28,0.65,0,0,0,0.02,0.03,0,0,0,NN
BilyRobledo,0,0.16,0.06,0,0.2,0.03,0.5,0,0.05,0,NN
LadiiYams,0.32,0,0,0,0,0,0,0.67,0,0,N
carina_andrada,0,0,0,0,1.0,0,0,0,0,0,NN
pete_stanley,0.19,0.74,0,0,0,0,0.04,0,0,0,NN
davidclee818,0.52,0,0.28,0,0,0,0,0,0.17,0,NN
AnonDitto,0.49,0.08,0,0,0,0,0.07,0.35,0,0,N
JoachimBeckh,0,0,0.08,0,0,0,0.91,0,0,0,NN
dmfa20915,0,0,0,0,1.0,0,0,0,0,0,NN
Dukong_taeng,0.2,0.08,0.1,0.07,0,0,0.03,0.03,0,0.47,NN
Fr3nchfry1,0.81,0,0,0,0,0,0.01,0.15,0.02,0,NN
ClusterCOD,0.25,0.53,0,0.02,0,0.02,0,0.17,0,0,NN
nouranatasha,0.67,0,0,0.29,0,0,0,0.01,0,0.03,NN
karaagetencho,0,0.97,0,0,0,0,0,0,0,0.02,NN
Fuuggz,0.98,0,0,0,0,0,0,0.01,0,0,NN
02633gnlc,0,0,0,0,1.0,0,0,0,0,0,NN
Thaisbfelippe,0.66,0,0.06,0,0.13,0,0,0.07,0,0.08,NN
formvalidation,0.02,0.04,0,0.02,0,0,0.57,0,0.34,0,NN
iammaf_,0.17,0.19,0,0.54,0,0,0.06,0.03,0,0.02,NN
shilah_boo17,0.72,0,0,0.04,0,0,0.16,0.07,0,0,NN
RichardYoungSt,0.5,0.27,0.01,0,0,0,0.11,0.05,0.05,0,NN
meganmcgee_,0.96,0,0.01,0,0,0,0,0.02,0,0,NN
MustWantedMX,0.1,0.14,0.1,0,0.47,0.02,0.05,0,0,0.12,NN
lillie_stark,0.87,0.02,0.01,0,0,0,0.03,0.06,0,0,NN
KristieGnar,0.85,0.07,0,0,0,0,0.03,0.04,0,0,NN
BiskuitOreo,0,0.05,0.12,0.59,0,0,0.04,0,0,0.2,NN
johnnychronix,0.4,0.3,0.04,0.05,0,0.02,0.11,0.02,0.05,0,NN
riccardossigeno,0,0.09,0.13,0,0.71,0,0.05,0,0.02,0,NN
indotix,0,0.03,0,0.96,0,0,0,0,0,0,NN
Qubammish,0.56,0.1,0.02,0.02,0,0,0.08,0.02,0.18,0,NN
Christinaaa__xo,0.85,0.1,0.02,0,0,0,0,0,0,0,NN
CrystalKuehl,0.48,0.43,0.04,0,0,0,0,0,0.02,0.03,NN
brk_news_now,0,0,0,0,0,0.01,0.99,0,0,0,NN
_Marseille,0.31,0.36,0.01,0.11,0,0,0.04,0.1,0.03,0.04,NN
Lesbicanarias,0.18,0.26,0.04,0,0.36,0.01,0.09,0,0.01,0.04,NN
cindyjuarez6,0.74,0,0.13,0,0,0,0.04,0.07,0.02,0,NN
breendapillai_,0.87,0,0.09,0.02,0,0,0,0.01,0,0,NN
erectionchan,0.01,0.01,0.55,0.01,0.01,0.01,0.01,0.01,0.37,0.01,NN
_romelie22,0.86,0,0,0,0,0,0,0,0,0.14,NN
_Telebah,0.83,0,0,0,0,0,0.05,0.11,0,0,NN
CelineDionFans2,0,0,0.06,0,0,0,0,0.76,0,0.19,N
Tyler_Stunt,0.09,0.22,0,0,0,0,0,0.66,0,0.02,N
KendallRegina,0.94,0,0,0,0,0,0,0.06,0,0,NN
Scottiesls,0.9,0.08,0,0,0,0,0,0.02,0,0,NN
maryumizme,0.8,0,0,0.13,0,0,0.04,0,0.01,0,NN
Deluxe_922,0.37,0.24,0,0.02,0,0.17,0.03,0.17,0,0,NN
DebiSnyder,0.33,0.53,0,0,0,0,0.09,0,0.02,0,NN
sideSHOWtoma,0.46,0.11,0,0.03,0,0.01,0.18,0.14,0.06,0,NN
jakevball,0.54,0.29,0,0,0,0,0.03,0.12,0.02,0,NN
Delossantosccp,0.52,0,0,0,0,0,0,0.48,0,0,N
kiala3nidad,0.72,0,0.03,0.03,0,0,0,0.02,0,0.2,NN
MarketThought1,0.04,0.09,0,0.02,0,0,0,0,0.86,0,NN
LucasGraells,0,0,0,0,0.97,0,0,0.02,0,0,NN
NaraLeidy,0,0,0,0.02,0.96,0,0.02,0,0,0,NN
TheJhongTitle,0.79,0,0,0.01,0,0,0,0,0,0.19,NN
NorpolFootball,0,0.79,0,0,0,0,0.21,0,0,0,NN
wz_p7,0.03,0.03,0.03,0.03,0.03,0.03,0.47,0.33,0.03,0.03,NN
Babthorpe,0.49,0.51,0,0,0,0,0,0,0,0,NN
belieberxx97,0.43,0.31,0.05,0.04,0,0.02,0,0,0,0.16,NN
Neptbell,0.27,0.37,0.07,0,0.21,0,0.05,0,0,0.03,NN
PrimateMgmt,0,0,0,0.97,0,0.03,0,0,0,0,NN
gjdhddd,0.05,0.05,0.05,0.05,0.05,0.05,0.05,0.55,0.05,0.05,N
itslinamarie,0.65,0.28,0,0,0,0.02,0,0.02,0,0.02,NN
swadeshnews,0,0,0,0,0,0.09,0.9,0,0,0,NN
lifenutrition,0,0,0,0,0,0,0,0,0.02,0.98,NN
wiz_ibro,0.21,0,0,0.75,0,0,0,0.04,0,0,NN
MecitTUFEKCIOLU,0,0,0,0.75,0.21,0,0,0,0,0,NN
__XIXVIII,0.31,0,0,0,0,0,0,0.69,0,0,N
Makakaila,0.38,0.15,0,0,0,0,0.34,0,0.12,0,NN
krohn_dome,0.3,0.45,0,0,0,0,0.13,0,0.08,0,NN
i_hjoor,0.96,0,0,0.04,0,0,0,0,0,0,NN
viDhavii_,0,0.08,0,0.92,0,0,0,0,0,0,NN
Isabellaa_h,0.25,0.01,0.02,0.54,0.16,0,0,0,0,0.02,NN
seandoncito,0.11,0.5,0,0,0,0,0.02,0.36,0,0,N
MyBoysMumx2,0.71,0.21,0,0,0,0,0.06,0,0,0,NN
CaliGamer87,0,0,0,0,0.41,0.59,0,0,0,0,NN
JessiFreerickss,0.99,0,0,0,0,0,0,0.01,0,0,NN
gurnardd,0.64,0.23,0,0,0,0,0,0.12,0,0,NN
nntacya,0.86,0,0.04,0.09,0,0,0,0,0,0,NN
fxzxe,0.26,0,0,0.69,0,0,0.04,0,0,0,NN
JohnLouca,0.88,0.02,0,0,0,0,0.03,0.07,0,0,NN
0313sexy_kento,0,0,0.65,0,0,0,0,0.3,0,0,NN
_amysantillan,0.79,0.04,0,0,0,0,0,0.16,0,0,NN
Taehyuns_ARMY,0.56,0.02,0.08,0,0,0,0,0.03,0,0.3,NN
malayZii,0.06,0,0.27,0.1,0,0.04,0,0,0,0.53,NN
IvanAllanPoe,0.18,0.32,0,0,0,0,0.25,0.25,0,0,NN
ScuderiaF1Fan,0.46,0.48,0,0,0,0,0.04,0.02,0,0,NN
exoternal,0.53,0,0.03,0,0,0,0,0.05,0,0.38,NN
Itslexx16,0.94,0,0,0,0,0,0,0.04,0.02,0,NN
SheliceWallace,0.95,0,0,0,0,0,0,0.05,0,0,NN
tanya_tiller,0.03,0,0,0,0,0,0.95,0,0,0,NN
stwa29209,0,0,0,0,1.0,0,0,0,0,0,NN
YBMGMRep,0.06,0.16,0.2,0.06,0,0.05,0.05,0.39,0.02,0,N
_tibbyyy,0.77,0.02,0,0,0,0,0.01,0.18,0.01,0,NN
Alexandra__Rock,0.87,0,0.02,0,0,0.01,0.05,0,0,0.03,NN
drzevetchin,0.15,0.13,0,0,0,0,0.45,0.01,0.24,0.01,NN
FaraahMA,0.08,0,0,0.89,0,0,0,0.03,0,0,NN
jerome559,0.67,0.15,0,0,0,0,0.04,0.12,0.01,0,NN
ashtonthegoat,0.97,0,0,0,0,0,0,0.02,0,0,NN
VSaenz_17,0.87,0,0,0,0,0,0,0.13,0,0,NN
cokegold,0.59,0.02,0.04,0,0,0.02,0,0.3,0.02,0,NN
kenilworthBar,0.02,0.89,0,0.02,0,0,0,0,0.03,0.02,NN
hdygdt2,0.03,0.03,0.03,0.03,0.03,0.03,0.03,0.7,0.03,0.03,N
_NDubayan,0.14,0.81,0,0,0,0,0,0.04,0,0,NN
Federicoperez_8,0,0,0,0,1.0,0,0,0,0,0,NN
TEZY_T,0.32,0.14,0,0.18,0,0,0,0.36,0,0,N
kaylagovernor,0.89,0,0,0,0,0,0,0.11,0,0,NN
spe77pp,0.65,0.01,0.01,0.01,0.01,0.01,0.24,0.01,0.01,0.01,NN
rxmez,0.12,0.18,0,0.01,0,0.02,0.05,0.59,0.02,0,N
alimaraty,0,0,0.1,0.73,0,0.12,0.05,0,0,0,NN
abydarmz,0.67,0,0,0.03,0,0,0.06,0.24,0,0,NN
kentavius_3,0.23,0.14,0,0,0,0,0,0.63,0,0,N
Tranae_xo,0.66,0.19,0.01,0,0,0,0.03,0.06,0.01,0.02,NN
jyuken_eitango,0.05,0.05,0.05,0.05,0.05,0.05,0.05,0.55,0.05,0.05,N
TheCurtisBlow,0.04,0.16,0,0,0,0,0,0.8,0,0,N
Maracunt,0.64,0.01,0.04,0.02,0,0.15,0.1,0.04,0,0,NN
Olivia_Howship,0.8,0.18,0,0,0,0,0,0,0,0,NN
dutchmaster_lex,0.14,0.54,0,0.02,0,0,0.03,0.25,0.01,0,NN
SilberWorldNews,0,0,0.02,0,0,0,0.97,0,0,0,NN
jxilimuy,0.37,0.03,0,0.04,0,0,0,0,0.01,0.54,NN
arialldat,0.31,0.04,0,0,0,0,0.04,0.61,0,0,N
xxCuteHdsz,0.85,0,0,0,0,0,0.02,0.12,0,0,NN
michaelbarbz22,0.23,0.68,0,0,0,0,0.02,0.06,0,0,NN
painofmalice,0.98,0,0,0,0,0,0,0.01,0,0,NN
gabyacanales,0.41,0,0,0,0.57,0,0,0,0,0.02,NN
sandi_cheekss,0.89,0,0,0,0,0,0,0.11,0,0,NN
_caragordon,0.7,0.2,0.01,0,0,0,0.05,0,0.04,0,NN
MeganCauserx,0.97,0,0.01,0,0,0,0,0.01,0,0,NN
bekkysabasaba,0.05,0.05,0.05,0.05,0.05,0.05,0.05,0.55,0.05,0.05,N
__HAYOON,0.65,0,0.3,0,0,0,0,0,0,0,NN
jesusflorescon,0,0.1,0,0,0.88,0,0,0,0,0,NN
Mike_T_Lopez,0.56,0.04,0,0,0,0,0.17,0.08,0.14,0,NN
karencopeland94,0.82,0.15,0,0,0,0,0,0,0.01,0,NN
26102stwa,0,0,0,0,1.0,0,0,0,0,0,NN
roberta25s,0,0.29,0.11,0,0,0,0.41,0,0.18,0,NN
_NXMO,0.29,0.21,0,0,0,0,0.03,0.45,0.02,0,N
aSouthIndian,0.38,0.13,0.02,0.12,0,0,0.14,0,0.03,0.17,NN
rhiannetw_,0.82,0,0,0,0,0,0.07,0,0.06,0.05,NN
valicolea,0,0,0,0.02,0.05,0,0.78,0,0.04,0.11,NN
Pigsblow1,0.36,0.26,0,0,0,0.03,0,0.35,0,0,N
n_Clouds,0,0.15,0,0,0,0.03,0.46,0,0.36,0,NN
Scott_McLellan1,0.45,0.33,0.17,0,0,0,0.02,0,0.02,0,NN
BarackObama_top,0,0.02,0,0,0,0,0.36,0,0.61,0,NN
cavechic,0.5,0.39,0,0,0,0,0.03,0,0.01,0.06,NN
GEArchitects,0,0.96,0,0,0,0.01,0,0,0.03,0,NN
MasonMagruder,0.71,0.09,0,0,0,0,0.12,0.01,0.07,0,NN
tryanto_s,0.32,0,0,0.67,0,0,0,0,0,0,NN
balldontlie9,0,0.33,0,0,0.64,0,0,0,0,0,NN
MrNoahItALL,0.17,0.15,0,0,0,0,0.58,0,0.09,0,NN
dianaxtrejo,0.72,0,0,0,0,0,0,0.28,0,0,NN
FikriFiq1,0.61,0,0,0.38,0,0,0,0,0,0,NN
MisterKwakuJ,0.07,0.71,0,0,0,0,0.05,0.16,0,0,NN
ITAINTCAD,0.02,0.52,0,0,0,0,0.09,0.36,0,0,N
gocyjepaw,0,0,0,0,0,0,0,0,1.0,0,NN
SianEBones,0.49,0.42,0,0,0,0,0.04,0,0.05,0,NN
MotorPartsDir,0,0.71,0,0.14,0,0,0.12,0,0.02,0.01,NN
19stavros81,0.12,0.43,0,0.09,0,0,0.34,0,0.02,0,NN
hx_chen99,0.94,0,0.01,0.03,0,0,0,0,0,0.01,NN
hafsahailey1,0.05,0.05,0.05,0.05,0.05,0.05,0.05,0.55,0.05,0.05,N
jeppersannn,0.82,0,0,0,0,0,0.04,0.07,0.06,0,NN
natsuyuri019,0.02,0.02,0.02,0.02,0.02,0.02,0.02,0.85,0.02,0.02,N
lilginger_360,0.46,0,0,0,0,0,0,0.53,0,0,N
cl4ppyG,0.03,0.01,0.92,0,0,0.01,0,0.02,0,0,NN
bangtan1306_,0.18,0.05,0.14,0.36,0.01,0.02,0,0,0,0.24,NN
Idksok,0.88,0.03,0.05,0,0,0,0.01,0.01,0,0.01,NN
Aakarsh_sree,0.12,0.02,0.04,0.11,0,0,0.45,0,0.26,0,NN
chrisophren,0.08,0.22,0,0.1,0,0.33,0.2,0.03,0,0.02,NN
kev_jago,0.48,0.48,0,0,0,0,0,0.05,0,0,NN
joantanzuen,0.94,0.01,0,0,0,0,0,0.01,0.02,0,NN
isara36,0.05,0.05,0.05,0.05,0.05,0.05,0.05,0.55,0.05,0.05,N
Melizmelon,0.86,0,0,0,0,0,0.08,0.06,0,0,NN
portonathalia,0.27,0.05,0.2,0,0.41,0,0,0,0.03,0.03,NN
jessica_wilcock,0.96,0.02,0,0,0,0,0,0,0.02,0,NN
todd_diesel95,0.35,0.46,0,0,0,0,0,0.19,0,0,NN
94Fifty,0,0.93,0,0,0,0,0.03,0,0.03,0,NN
_loveeaij,0.5,0,0,0,0,0,0.09,0.36,0.04,0,N
BlogdaTM,0,0,0,0,0.93,0.01,0.04,0,0,0.02,NN
erinurban,0.91,0.02,0,0,0,0,0,0.06,0,0,NN
GeorgeArmitage1,0.58,0.35,0.02,0,0,0,0.03,0,0,0,NN
HoiElvis,0.05,0,0,0.78,0,0,0,0.18,0,0,NN
Sir_Rubialex,0.07,0.46,0,0.16,0.22,0,0.04,0.04,0,0.01,NN
gavinparle,0.81,0.09,0.02,0,0,0,0.05,0,0.03,0,NN
insha325_SM,0.4,0.2,0.02,0.02,0,0,0.02,0,0,0.34,NN
chloeebennett22,0.95,0.04,0,0,0,0,0,0,0,0,NN
aldisha_tamara,0.75,0,0,0.24,0,0,0,0.01,0,0,NN
nicoleplayer16,0.78,0,0,0,0,0,0,0.22,0,0,NN
JennSTEM,0.18,0.38,0,0.03,0,0,0.05,0,0.35,0,NN
duanyien96,0.22,0.2,0.03,0,0,0,0,0,0,0.54,NN
LongLiveAnt,0.33,0.05,0,0.02,0.02,0,0,0.58,0,0,N
Barmenhr,0,0.24,0.59,0.12,0.01,0,0.01,0,0,0.02,NN
wolfinhd,0.3,0.47,0,0,0,0,0.02,0.21,0,0,NN
tim_zorich,0.18,0.8,0,0,0,0,0,0,0,0,NN
semnome1223,0.21,0,0,0,0.61,0,0,0.13,0,0.05,NN
connmack30,0.68,0.25,0,0,0,0,0.01,0.05,0.01,0,NN
Nuubbiiaaa,0.96,0,0,0,0,0,0,0.03,0,0,NN
MLB_Scores_,0,0.78,0,0,0,0,0.21,0,0,0,NN
obeyastrid,0.62,0,0,0,0,0,0,0.37,0,0,N
SebaCisternaas,0.52,0,0.04,0.02,0.25,0,0.04,0.13,0,0,NN
MujeresPlay,0,0,0.15,0,0.76,0.06,0.03,0,0,0,NN
raulmerom,0,0.59,0.11,0,0.2,0,0.04,0,0,0.06,NN
princee_josiah,0,0.5,0,0,0,0,0,0.49,0,0,N
clpauwels,0.31,0.24,0,0,0,0,0.1,0,0.34,0,NN
Haruto_osomathu,0.7,0.03,0.03,0.03,0.03,0.03,0.03,0.03,0.03,0.03,NN
javi_alanis,0,0.05,0.03,0,0.62,0.01,0.18,0,0.09,0.01,NN
crueinvest,0.09,0.05,0.11,0,0,0,0.21,0,0.52,0,NN
Drhm1234,0,0,0.24,0.76,0,0,0,0,0,0,NN
Mali,0,0,0,0,0,0,0.88,0,0.12,0,NN
Prmhavika6gmail,0,0,0.06,0.11,0,0,0.68,0,0,0.14,NN
zeddikins,0.35,0.23,0.08,0,0,0.03,0.23,0.06,0,0,NN
barbieriqkdwane,0,0,0,0,0,0,0,0,0,1.0,NN
SantinoPanone,0.43,0.35,0,0.07,0,0,0.03,0.09,0.04,0,NN
Bankruptcy2mBoo,0.21,0.32,0.02,0,0,0,0.33,0,0.08,0.01,NN
nomaslosers,0,0.05,0,0.57,0.24,0.14,0,0,0,0,NN
TeaHoover,0.57,0.23,0,0,0,0.01,0.11,0,0.06,0,NN
emely_danielle_,0.93,0.06,0,0,0,0,0,0,0,0,NN
xSaabss_,0.82,0,0.02,0.1,0,0,0,0.05,0,0,NN
namastx,0.51,0.05,0.02,0,0.09,0.02,0,0.02,0,0.29,NN
pem_cocoa,0.05,0.05,0.05,0.05,0.05,0.05,0.05,0.55,0.05,0.05,N
Ayo_Antwan41,0.19,0.14,0,0,0,0,0,0.68,0,0,N
tppomi,0.8,0.02,0,0,0,0,0.02,0.14,0,0,NN
omggaby,0.82,0.15,0.01,0,0,0,0,0,0,0,NN
emmett_fox,0.44,0.52,0,0,0,0,0,0.03,0,0,NN
Akashtv1,0.08,0.04,0,0,0,0,0.83,0,0.02,0.02,NN
Jackelyn_xx,0.71,0.21,0.05,0,0,0,0,0,0,0.02,NN
itsbieberrs,0.29,0,0.4,0.04,0.18,0,0,0.03,0,0.05,NN
roberts_jillian,0.89,0,0,0,0,0,0.02,0.07,0,0,NN
1DLittleSecret,0.37,0.19,0.4,0,0,0,0,0,0,0.03,NN
lentoicortel,0.69,0.16,0.01,0,0,0,0.03,0.01,0,0.1,NN
tonisheyasb,0.53,0.02,0,0,0,0,0,0.45,0,0,N
Smoove_Religion,0.15,0,0,0,0,0,0,0.85,0,0,N
Yesenialuvz,0.96,0,0,0,0,0,0,0.04,0,0,NN
YEHI209,0.7,0.16,0,0,0,0,0,0.14,0,0,NN
yoooitsJordan,0.38,0.22,0,0,0,0,0,0.4,0,0,N
ItTraynor,0.76,0,0.06,0,0,0.06,0,0,0,0.12,NN
Mphoputini,0.45,0.42,0,0,0,0,0.07,0,0.02,0.03,NN
rachelbleh,0.7,0,0.08,0.02,0,0,0,0.1,0,0.08,NN
lovettejam,0.07,0.13,0,0.02,0,0.01,0.4,0.02,0.33,0.02,NN
caesquivel04,0.42,0.28,0.02,0,0,0,0.21,0,0.05,0.01,NN
butterflyburgos,0.78,0,0.02,0,0,0,0,0.12,0,0.07,NN
valeyos,0.46,0.08,0.11,0,0.27,0.08,0,0,0,0,NN
claaassic_alex,0.62,0.29,0.04,0,0,0,0,0.02,0,0.01,NN
The1stREDWAL,0.07,0,0,0,0,0.92,0,0,0,0,NN
Fabio_Natali,0,0.16,0.02,0,0,0.02,0.74,0,0.03,0.03,NN
emogrl420,0.67,0,0,0,0,0,0.04,0.26,0.01,0,NN
yaboy_kell,0.25,0.19,0,0,0,0,0.01,0.55,0,0,N
sianroberts670,0.42,0.37,0.12,0.01,0,0,0,0,0,0.07,NN
joverman16,0.62,0.31,0,0,0,0,0.05,0,0.01,0,NN
RosewoodBAPE,0,0.07,0.03,0,0,0,0,0.88,0,0,N
iDanColeman,0.39,0.16,0,0,0,0.05,0.07,0,0.32,0,NN
pipitnyots,0,0,0,0.89,0,0.03,0,0,0,0.08,NN
NickMendieta,0.45,0.21,0,0,0,0,0,0.34,0,0,N
Big_mag1,0.69,0.22,0,0,0,0,0.06,0,0.02,0,NN
KhuloodAlNaqbi1,0.05,0.05,0.05,0.05,0.05,0.05,0.05,0.55,0.05,0.05,N
akaasartule,0.29,0.22,0,0,0,0,0.38,0.04,0.06,0,NN
tswiftandbands,0.75,0.11,0.09,0,0,0,0,0,0,0.03,NN
LOVATOPDOWN,0.24,0.08,0.13,0.01,0.1,0,0,0.02,0,0.41,NN
dwellenstein,0.03,0.03,0,0,0,0.94,0,0,0,0,NN
adila145,0.42,0,0.02,0.54,0,0,0,0,0,0.02,NN
mitchmalady,0.65,0.19,0.03,0,0,0,0.12,0,0,0,NN
arrobalipee_,0,0,0,0,0.97,0,0.03,0,0,0,NN
ruthlessyesenia,0.63,0,0,0,0,0,0,0.36,0,0,N
FadyOnsy2,0.16,0.12,0,0.64,0.08,0,0,0,0,0,NN
graceharpeer,0.88,0.09,0,0,0,0,0,0.02,0,0,NN
elliemcwilliams,0.84,0.13,0.02,0,0,0,0,0,0,0,NN
Physique_Pride,0.58,0,0,0,0,0,0.03,0.4,0,0,N
geraldin_cf,0.33,0.43,0.08,0,0.03,0.01,0,0,0,0.1,NN
itzel_mtz11,0.8,0,0,0,0,0,0,0.19,0,0,NN
BRUNOCANQUERINI,0,0.05,0,0,0.95,0,0,0,0,0,NN
camdollarsign,0.02,0.18,0,0.01,0,0,0,0.79,0,0,N
hsrryestyIes,0.15,0,0.33,0,0.32,0,0,0.19,0,0,NN
essam71312,0.05,0.05,0.05,0.05,0.05,0.05,0.05,0.55,0.05,0.05,N
KJenks11,0.25,0.69,0,0,0,0,0,0.06,0,0,NN
aayush2101,0.45,0,0.05,0.02,0,0,0.38,0,0,0.11,NN
Mamdouhmone,0.05,0.05,0.05,0.05,0.05,0.05,0.05,0.55,0.05,0.05,N
erin_jamieson,0.93,0,0,0,0,0,0,0.07,0,0,NN
behro00oz,0,0.35,0,0,0.01,0.05,0.59,0,0,0,NN
bureyy,0.05,0.6,0,0,0,0,0,0.35,0,0,N
brookins13,0.96,0,0,0,0,0,0,0.04,0,0,NN
red_fen,0.16,0.11,0,0,0,0,0.64,0,0.09,0,NN
xianlims,0,0,0,0,0,0,0,0.01,0,0.99,NN
emeraldsequator,0.42,0,0,0.55,0,0,0.02,0,0,0.01,NN
TheJoshlax,0.38,0.53,0,0,0,0.02,0.04,0.01,0.01,0,NN
extra_royalty,0.14,0.55,0.01,0,0,0.02,0.16,0.01,0.08,0.03,NN
imaROCKstar1200,0.56,0.43,0,0,0,0,0,0,0,0,NN
Fiona_Bruce,0.24,0.64,0,0,0,0,0.08,0,0.01,0.01,NN
ShafaNujoma,0.42,0.43,0,0,0,0,0.12,0,0.02,0,NN
FemiMykael,0.23,0.66,0,0,0,0,0.01,0.1,0,0,NN
charleybear7,0.61,0.37,0,0,0,0,0,0,0.02,0,NN
Str8ballNtwoOne,0.18,0.71,0,0.04,0,0,0,0.06,0,0,NN
BethanyRaferty,0.92,0.07,0,0,0,0,0,0.01,0,0,NN
conqasport,0,0.76,0,0,0,0,0.01,0,0.23,0,NN
SharanAdlem,0.52,0.43,0,0,0,0,0,0,0,0.05,NN
nmbleke,0.05,0.05,0.05,0.05,0.05,0.05,0.05,0.55,0.05,0.05,N
MalindaSmink,0,0,0,0,0,0,0,1.0,0,0,N
NellyOranje,0,0.4,0.43,0,0.07,0,0.09,0.01,0,0,NN
abieeamoez,0,0,0,0.99,0,0,0,0,0,0,NN
yineiriet,0.89,0,0,0,0,0,0,0.09,0,0.01,NN
Rep_World_Peace,0.21,0.01,0,0,0,0,0,0.77,0,0,N
aaronpc59,0.01,0.05,0,0,0.91,0,0,0,0,0.02,NN
kavitac18,0.25,0,0,0,0,0.57,0,0,0.03,0.14,NN
xotiaa_,0.43,0.03,0,0,0,0,0,0.53,0,0,N
AustinTodd11,0,0,0,0,0,0,1.0,0,0,0,NN
white_blondie22,0.99,0,0,0,0,0,0,0.01,0,0,NN
FRANCISNDOLO3,0.18,0.1,0,0,0,0,0.55,0,0.13,0.02,NN
keeeen91019,0.05,0.05,0.05,0.05,0.05,0.05,0.05,0.55,0.05,0.05,N
cdamodel,0.38,0.37,0.07,0,0,0,0.06,0.1,0,0,NN
telehitamame,0.14,0.07,0.5,0,0.14,0.01,0,0.05,0,0.07,NN
believier,0.41,0.06,0.27,0,0.14,0,0,0.06,0,0.07,NN
LuthfiPut15,0.08,0.11,0.04,0.68,0,0,0,0,0,0.08,NN
ronypoop,0.55,0.06,0,0,0,0,0.07,0.03,0.02,0.26,NN
ethanshumski4L,0.43,0.42,0,0,0,0,0.01,0.13,0,0,NN
SalomeeHewitt,0.64,0,0,0,0,0,0.33,0,0.01,0,NN
FraserMair,0.61,0.29,0.01,0,0,0,0.07,0,0.01,0,NN
fatimaxox1,0.87,0.02,0.05,0.01,0,0.03,0,0,0,0,NN
iWonHunnit,0.15,0,0,0,0,0,0,0.85,0,0,N
cherrybombs_xo,0.83,0.16,0,0,0,0,0,0,0,0,NN
Destinyuhva,0.31,0.15,0,0,0,0,0.38,0.02,0.14,0,NN
ahmadniyzar_,0.04,0.3,0,0.64,0,0,0,0,0,0,NN
MarcusLofstrom,0.14,0.36,0.06,0.04,0,0,0.34,0,0.03,0.02,NN
spilacious001,0.14,0.17,0.07,0.15,0,0.03,0.16,0.26,0,0.01,NN
damnrainydays,0.61,0.1,0,0,0,0,0.06,0.21,0.02,0,NN
BuyMore_Condoms,0.28,0.06,0,0,0,0,0.03,0.63,0,0,N
bricalver,0.35,0.36,0.01,0,0,0.01,0.16,0.05,0.05,0.01,NN
sanjayator,0,0.1,0.03,0.23,0,0,0.62,0,0,0,NN
sooso61,0.3,0,0,0.64,0,0.04,0,0,0,0,NN
lycaonthropes,0.81,0.07,0.04,0,0,0,0.05,0,0.02,0,NN
laatee_,0.17,0,0,0,0,0,0,0.82,0,0,N
DominickAzores1,0.09,0.72,0,0,0,0,0.01,0.18,0,0,NN
MsKristii,0.55,0.09,0.03,0,0,0,0.04,0,0.05,0.22,NN
itsAnu_,0.78,0.01,0,0,0,0,0,0.19,0,0,NN
martmannion,0.01,0.85,0,0,0,0,0.02,0.11,0,0,NN
joedealsallday,0,0,0,0,0,0,0.99,0.01,0,0,NN
Silent_J_,0.31,0.43,0,0,0,0,0.05,0.18,0.02,0,NN
queeen_kyaannna,0.38,0,0,0,0,0,0,0.62,0,0,N
____choppa,0.4,0.03,0,0.02,0,0,0,0.54,0,0,N
Pass_Da_Canobis,0.43,0.01,0,0,0,0,0,0.55,0,0,N
Peepee_2015,0.46,0,0,0,0,0,0,0.54,0,0,N
gunyfuxenex,0.17,0.02,0,0,0,0,0.76,0,0.03,0,NN
CupidStunt_,0.71,0.24,0,0,0,0,0,0.04,0,0,NN
HelgeLeduc,1.0,0,0,0,0,0,0,0,0,0,NN
UppercutSlut,0.5,0.21,0,0,0,0,0.07,0.19,0.03,0,NN
so65__,0.05,0.05,0.05,0.05,0.05,0.05,0.05,0.55,0.05,0.05,N
br_britni,0.98,0,0,0,0,0,0,0.02,0,0,NN
TechNewsTrend,0.07,0.06,0.04,0,0,0,0.71,0,0.09,0,NN
dstinodmocracia,0,0,0,0,0.99,0,0,0,0,0,NN
RoxanneShirazi,0.2,0.14,0,0,0,0,0.19,0,0.47,0,NN
abulfarafisyah,0,0.04,0,0.79,0.02,0,0.03,0,0.05,0.07,NN
buritclosed,0,0,0.03,0.83,0.03,0.02,0.01,0,0,0.08,NN
tvs7340,0.51,0.16,0.02,0,0,0.03,0.02,0.18,0,0.09,NN
ScienciaGeograp,0,0,0,0,0,0,0,0,1.0,0,NN
mayraylikesmen,0.51,0.46,0.01,0,0,0,0,0,0,0,NN
Sentia_UK,0.08,0.15,0.03,0.02,0,0.08,0.4,0,0.13,0.1,NN
Emanwhale,0.43,0,0,0,0,0,0,0.57,0,0,N
liiisss_,0.58,0.04,0.09,0,0,0.02,0,0.28,0,0,NN
siunal,0.11,0,0,0.17,0,0,0.62,0,0.07,0.01,NN
54ipfhfp,0.03,0.03,0.03,0.03,0.03,0.03,0.03,0.77,0.03,0.03,N
4everwine,0,0,0,0.07,0.93,0,0,0,0,0,NN
charsbusiness_,1.0,0,0,0,0,0,0,0,0,0,NN
bowma02,0.82,0.16,0,0,0,0,0,0,0,0,NN
thisbowman,0.1,0.23,0.2,0,0.36,0,0,0,0,0.11,NN
ReganWoodard,0.6,0.34,0,0,0,0,0,0.04,0,0,NN
Guimasax,0,0,0.3,0,0.67,0.02,0,0,0,0,NN
Ashi1Li,0.36,0.35,0.02,0,0,0.01,0.15,0.05,0.04,0.01,NN
mogulssitontop,0.34,0.39,0.11,0,0,0.02,0.02,0.09,0,0.01,NN
CayleeCake_,0.89,0.03,0,0,0,0,0,0.07,0,0,NN
basedelena,0.71,0.01,0,0,0,0,0.02,0.25,0,0,NN
red_55_,0.82,0,0,0,0,0,0,0.18,0,0,NN
christiexsh,0.67,0.02,0.04,0,0,0,0.05,0.21,0,0,NN
pcQnm2yC38KXUTk,0.13,0,0,0,0,0,0,0.84,0,0,N
awfullylost,0.76,0,0,0,0,0,0,0.22,0,0,NN
Sanchezdalbert,0.28,0.06,0.03,0.02,0.11,0,0.37,0.03,0.09,0,NN
brhnita,0.05,0,0.04,0.88,0.02,0,0,0,0,0,NN
yenkasi,0.14,0.52,0,0,0,0,0.24,0,0,0.09,NN
Tetteh_Obuobi,0.38,0.39,0,0.03,0,0,0.09,0.09,0.02,0,NN
marteeenez,0.82,0.07,0.01,0,0,0,0.01,0.07,0,0,NN
jesensjovan,0.05,0.39,0.21,0.09,0.05,0.03,0.04,0,0.12,0,NN
Guy_B13,0.35,0.17,0.02,0,0,0,0.08,0.32,0.04,0,NN
SubThoughtz,0.05,0.63,0,0,0,0,0,0.28,0.02,0,NN
salma_carrillo,0.86,0.03,0,0,0,0,0,0.08,0,0.03,NN
_iCelosa,0,0,0,0,0.99,0,0,0,0,0,NN
Ptn_Papooh,0.04,0,0.03,0.92,0,0,0,0,0,0,NN
Wave88,0.82,0,0,0.01,0,0.02,0.07,0.07,0,0,NN
Haitian_Hero,0.82,0,0,0,0,0,0,0.17,0,0,NN
agilista_me,0.2,0.31,0,0.09,0,0,0.24,0,0.15,0,NN
AOL28,0.23,0.03,0,0,0.01,0,0.02,0,0,0.7,NN
Drunkbrunettes,0.95,0,0,0,0,0,0,0.05,0,0,NN
jamie_pryce,0.67,0.31,0,0,0,0,0,0,0,0,NN
Is_That_Gage,0.24,0.03,0,0.06,0,0,0,0.66,0,0,N
elibluejay,0.62,0.16,0,0,0,0,0,0.21,0,0,NN
ashhleyserrano,0.98,0,0.02,0,0,0,0,0,0,0,NN
Gianna_Yates,0.91,0.03,0,0,0,0,0.03,0.02,0,0,NN
_LuVa,0.07,0.12,0,0,0,0,0,0.81,0,0,N
highimlalonnie,0.73,0,0,0,0,0,0,0.27,0,0,NN
Brooklynn_BK,0.48,0,0,0,0,0,0,0.52,0,0,N
_BitchYouSEEMe,0.15,0.02,0,0.14,0,0.01,0,0.68,0,0,N
vidya_balan,0.23,0.27,0,0.05,0,0,0.14,0,0.19,0.1,NN
luis_mbo,0,0,0,0,0.98,0,0,0,0,0.02,NN
Rugbykoutaro_11,0,0.91,0,0,0,0,0,0,0,0.08,NN
_kissmarissa,0.76,0,0,0,0,0,0.03,0.21,0,0,NN
JungnanKang,0.05,0.05,0.05,0.05,0.05,0.05,0.05,0.55,0.05,0.05,N
1140miles,0.98,0,0,0,0,0,0,0.02,0,0,NN
Fuugis,0.63,0.07,0.03,0.03,0,0,0.08,0,0.11,0.04,NN
GaleTammy,0.2,0.07,0.43,0.08,0,0.03,0.05,0.06,0.08,0,NN
MUFCfanclub,0,1.0,0,0,0,0,0,0,0,0,NN
espinaMj,0.03,0,0,0,0,0.02,0,0,0,0.94,NN
Zahrah_Patel,0,0.98,0.01,0,0,0,0,0,0,0,NN
DilenDeGuia,0.34,0.04,0,0,0,0,0,0.01,0,0.6,NN
TuesdayBleu,0.62,0.06,0,0,0,0,0.01,0.29,0.01,0,NN
syriasIy,0.49,0,0,0,0,0,0.42,0.04,0.03,0,NN
NOH8ER,0.19,0.02,0,0,0,0,0.71,0.02,0.05,0,NN
cramerreece,0,0,0,0,0,0,0,0,1.0,0,NN
char_edney,0.94,0,0,0,0,0,0,0.06,0,0,NN
MutaHaroon,0.42,0.5,0,0.01,0,0,0.06,0,0,0,NN
jenalove29,0,0,0.99,0,0,0,0,0,0,0,NN
Christiana1114,0.91,0.02,0,0,0,0,0.03,0.01,0,0,NN
jasenty_x,0.87,0.07,0,0,0,0,0.04,0,0.02,0,NN
TrendyHuman,0.14,0.23,0,0,0,0,0,0,0,0.63,NN
Jarshan990,0.18,0,0.48,0,0,0,0.27,0,0,0,NN
lixjacky,0.74,0.1,0,0,0,0,0.02,0.14,0,0,NN
watany1974,0.51,0.23,0,0,0,0,0.26,0,0,0,NN
axia_yoon,0.28,0.16,0.18,0,0,0,0,0.01,0,0.35,NN
aussiesharapova,0.2,0.79,0,0,0,0,0,0,0,0,NN
mrdodd16,0.32,0.58,0,0,0,0,0,0.07,0.03,0,NN
bthurm85,0.63,0.22,0,0,0,0,0,0.14,0,0,NN
RuebenDydell,0.63,0.11,0,0,0,0,0.12,0,0.12,0,NN
05405lktb,0,0,0,0,1.0,0,0,0,0,0,NN
descubes,0.14,0.04,0.13,0,0,0,0.45,0,0.19,0.03,NN
watsupafrica,0,0.02,0,0,0,0,0.87,0,0.11,0,NN
JoeZeejose,0.8,0.03,0,0,0,0,0.03,0.12,0.01,0,NN
Texas_Stew,0.44,0.34,0,0,0,0.01,0.11,0.07,0.03,0,NN
xDevin30,0.12,0.16,0,0,0,0,0,0.72,0,0,N
KatieLovesBands,0.75,0.1,0.05,0,0,0.03,0.04,0,0,0.02,NN
M7md3thman,0.89,0.01,0.01,0.01,0.01,0.01,0.01,0.01,0.01,0.01,NN
evandwizra,0.14,0.36,0.02,0.22,0,0,0.18,0.06,0,0,NN
Jeff_Co_PRIDE,0.33,0.08,0,0,0,0,0.32,0,0.26,0,NN
emilykallas17,0.52,0.1,0.01,0,0,0,0.05,0.31,0,0,NN
jennammm,0.22,0.12,0.01,0,0,0,0.48,0,0.17,0,NN
asssssston,0.75,0.08,0,0,0,0,0.02,0.14,0,0,NN
_dani_ross,0.72,0.17,0.02,0,0,0,0,0.09,0,0,NN
valenriqueez,0.75,0,0,0,0,0,0,0.25,0,0,NN
Ducks_P,0.51,0.12,0.22,0,0,0,0.03,0.1,0,0.01,NN
Sean_Auditore,0.62,0.12,0,0.01,0,0.02,0.05,0.09,0.02,0.06,NN
AyeeeBri,0.53,0.01,0,0,0,0,0,0.45,0,0,N
samxo__,0.85,0.03,0.03,0,0,0,0.02,0.07,0,0,NN
lexivalvo,0.52,0,0,0,0,0,0,0.48,0,0,N
Roma__Capoccia,0.14,0.42,0.07,0,0,0,0.24,0,0.1,0.02,NN
yayiez,0.67,0,0.28,0,0,0,0,0.04,0,0,NN
ShotByReggie,0.08,0.24,0.11,0.03,0,0.04,0.03,0.46,0,0,N
1hashasi,0.02,0.02,0.02,0.85,0.02,0.02,0.02,0.02,0.02,0.02,NN
nahomy1808,0.9,0,0,0,0.08,0,0,0,0,0,NN
Super_flysam,0.06,0.04,0,0,0,0,0,0.9,0,0,N
zhnll98,0.71,0.02,0.06,0,0,0,0,0.03,0,0.17,NN
austintucker47,0.65,0.17,0,0,0,0,0,0.18,0,0,NN
jesyadoin,0.12,0.09,0.48,0,0.2,0,0,0.01,0,0.1,NN
Nu_Dicklicious,0,0,0,0.97,0,0,0,0,0,0.03,NN
ArgentGuy,0.65,0.13,0,0,0,0,0.09,0.01,0.11,0.01,NN
gracegrace090,0.77,0.22,0,0,0,0,0,0,0,0,NN
UPSLongitudes,0.08,0.02,0,0,0,0,0.07,0,0.83,0,NN
varcel1d,0.5,0.22,0.22,0,0,0,0,0,0,0.06,NN
tumamilensi,0.64,0,0,0,0,0,0.05,0.3,0,0,NN
McLean_Scott86,0.25,0.4,0,0,0,0.02,0.08,0,0.24,0,NN
djsdrive,0,0,0,0.05,0,0,0.22,0,0.73,0,NN
yakelinee_xo,0.84,0,0,0,0,0,0,0.14,0.01,0,NN
NormaBurton18,0.03,0,0,0,0,0.01,0.94,0,0,0,NN
AlexandraaCasoo,0.87,0.07,0.01,0,0,0,0,0.05,0,0,NN
themust007,0,0,0,0,0,0,1.0,0,0,0,NN
Martoh_1,0.25,0.28,0.01,0.12,0,0,0.14,0.11,0.07,0.03,NN
mengjiabae,0.57,0,0,0.25,0,0,0,0.02,0,0.16,NN
GeageaMaria,0.94,0,0.03,0,0,0,0,0,0,0,NN
EnriquePoehlman,0.14,0.16,0.02,0.03,0.5,0,0.04,0.06,0.01,0.04,NN
wanderlust1101,0.14,0.23,0,0,0,0,0,0,0,0.63,NN
lomuellzzz3,0.94,0.06,0,0,0,0,0,0,0,0,NN
azimrajak,0,0.66,0,0.28,0,0,0.06,0,0,0,NN
alex35foot,0,0.1,0.89,0,0,0,0,0,0,0,NN
LukewarmCth,0.72,0.03,0.1,0,0,0,0,0.07,0,0.07,NN
moblackrecords,0,0.9,0.05,0.03,0,0,0,0,0,0.02,NN
petermcgladdery,0.32,0.3,0.01,0,0,0,0.26,0,0.11,0,NN
Druckinator,0.08,0.04,0,0,0,0,0.78,0.01,0.08,0,NN
itswhittt,0.91,0.06,0,0,0,0,0.01,0,0,0,NN
anoodii_72,0.05,0.05,0.05,0.05,0.05,0.05,0.05,0.55,0.05,0.05,N
_ziggystar,0.7,0.03,0.23,0,0,0,0.02,0,0.02,0,NN
bo3li_alsalmi,0.39,0.43,0,0.09,0,0,0.06,0,0.02,0,NN
bronXraised,0.45,0,0,0,0,0,0,0.55,0,0,N
specialjayuk,0.2,0.5,0,0.02,0,0,0.15,0,0.12,0.02,NN
karlaisakoolkat,0.94,0.03,0,0,0,0,0,0.02,0,0,NN
drina_was_here,0.57,0.14,0,0,0,0.21,0.07,0,0.02,0,NN
lombehpaye,0.49,0,0,0,0,0,0.05,0.45,0.01,0,N
brownieji,0,0.35,0.07,0,0,0,0.56,0,0,0,NN
Van_diesel45,0.49,0.12,0,0,0,0,0.1,0.25,0.03,0,NN
MarlenVina,0,0,0,0,0,0,0,1.0,0,0,N
breezyclarkie,0.65,0.03,0,0,0,0,0.01,0.3,0,0,NN
AppealingManic,0.98,0,0,0,0,0.02,0,0,0,0,NN
MyLifeIsSMG,0.18,0,0,0.46,0.24,0.03,0,0,0,0.09,NN
AndrewBunbury,0.38,0,0,0,0,0,0.41,0,0.19,0,NN
LeonyEmaHulerr,0,0,0,1.0,0,0,0,0,0,0,NN
AboutIt_Tay,0,0,0,0.79,0,0,0,0.2,0,0,NN
balbiie,0,0,0,0.92,0,0,0,0,0,0.07,NN
JesseSmith_33,0.43,0.44,0,0,0,0,0.01,0.1,0.01,0,NN
aabnation,0,0.74,0,0,0,0,0.07,0.17,0.01,0,NN
CorArdens,0.25,0.31,0.03,0,0,0,0.19,0,0.23,0,NN
mexico_jojo,0.26,0,0,0,0,0,0.07,0.64,0.02,0,N
mapichaaaan,0.03,0.03,0.03,0.77,0.03,0.03,0.03,0.03,0.03,0.03,NN
rbh502,0.8,0.03,0.03,0,0,0,0.03,0.1,0,0.01,NN
carlenefraser,0.8,0.13,0,0,0,0,0,0.02,0,0.03,NN
ema_1a,0.05,0.05,0.05,0.05,0.05,0.05,0.05,0.55,0.05,0.05,N
xOBLiViiOUS,0.12,0.18,0,0.03,0,0.59,0.03,0.04,0,0,NN
V4Victo,0.14,0.47,0,0.01,0,0,0.14,0.16,0.06,0,NN
jelitaesther,0.03,0,0.01,0.95,0,0,0,0,0,0,NN
j_wils96,0.48,0.52,0,0,0,0,0,0,0,0,NN
hazal_89,0.53,0.4,0.01,0,0,0,0.03,0,0.01,0.02,NN
auliasantosa29,0.32,0,0.04,0.64,0,0,0,0,0,0,NN
dhegan17,0.38,0.31,0.01,0,0,0,0.2,0.01,0.08,0,NN
CliftonCafe,0.04,0.83,0.07,0,0,0.02,0,0,0.02,0.02,NN
ayeecarlito,0.75,0.08,0,0,0,0,0,0.16,0,0,NN
ShanenRein,0.75,0,0,0,0,0,0,0,0,0.25,NN
bakerbungle,0.05,0.84,0,0,0.01,0.04,0,0,0.05,0.02,NN
JkJkbabu6707,0.18,0.09,0,0.12,0,0,0.46,0,0.09,0.05,NN
anyaxamor,0.05,0.05,0.05,0.05,0.05,0.05,0.05,0.55,0.05,0.05,N
Sir_pudge,0.21,0.18,0,0,0,0,0,0.61,0,0,N
ZynbAl3rees,0.99,0,0,0,0,0,0,0,0,0,NN
Ahmedl208,0,0,1.0,0,0,0,0,0,0,0,NN
DailyDoseOfDee,0.29,0,0,0,0,0,0,0.7,0,0,N
AimaraGalarza,0,0,0,0,1.0,0,0,0,0,0,NN
jainmonjain2009,0.03,0.19,0.06,0,0,0.05,0.04,0,0,0.63,NN
Garren_Wade,0.87,0.04,0,0,0,0,0.01,0.04,0.01,0,NN
Iceberg942,0,0,0.99,0,0,0,0.01,0,0,0,NN
MaiteGordillo12,0.03,0,0.02,0.01,0.92,0,0,0,0,0,NN
MissJess_x,0.76,0.1,0.02,0,0,0,0.06,0.05,0,0,NN
StileyTweets,0.34,0.65,0,0,0,0,0,0,0,0,NN
fnspoon,0.1,0.82,0,0,0,0,0.01,0.06,0,0,NN
wovutyrukutu,0,0,0,0,0,0,0,0,1.0,0,NN
BEbee533,0.98,0,0,0,0,0,0,0,0,0,NN
JessyArchie,0.8,0.15,0.02,0,0,0,0,0,0,0.02,NN
HinaFood,0.65,0.01,0.01,0.01,0.01,0.01,0.01,0.27,0.01,0.01,NN
keelydawn_,0.83,0.14,0,0,0,0,0.03,0,0,0,NN
ReeEcclestone,1.0,0,0,0,0,0,0,0,0,0,NN
NatElaine101,0.64,0,0,0,0,0,0.02,0.32,0,0,NN
kirstopher,0.49,0.48,0.01,0,0,0,0,0,0,0,NN
mahendrakdatu,0.22,0.08,0.01,0.1,0,0,0.22,0,0.36,0,NN
Jamaican_1luv,0.37,0.28,0.29,0,0,0,0,0.03,0,0.03,NN
Iam_antiSocial,0.55,0.02,0,0,0,0,0.18,0.24,0,0,NN
NakelleLoveshim,0.62,0.02,0,0,0,0,0,0.36,0,0,N
RaelDanny,0.02,0.06,0.02,0,0,0,0.8,0,0.1,0,NN
ashleigh_b2016,0.95,0.04,0,0,0,0,0,0,0,0,NN
FaithVelasc,0.11,0.02,0.02,0,0.02,0,0,0,0,0.84,NN
jordanbroown,0.93,0,0,0,0,0,0,0.05,0,0,NN
dygmln,0,0,0.95,0,0.05,0,0,0,0,0,NN
NokeAnn,0.03,0,0,0,0,0.01,0.93,0,0.01,0,NN
Madison_Moore16,0.98,0,0,0,0,0,0,0.02,0,0,NN
BeckstromStacey,0.77,0.11,0.1,0,0,0,0,0,0,0,NN
Jourdanshayy,0.98,0,0,0,0,0,0,0.01,0,0,NN
vowodexudigu,0,0,0,0,0,0,0,0,1.0,0,NN
DelishFish,0,0,0,0.98,0,0.02,0,0,0,0,NN
bangtanhomies,0.43,0,0.18,0.2,0,0,0,0.02,0,0.14,NN
YourToyChest,0.07,0,0.02,0,0,0,0.21,0.4,0,0.3,N
yourfrehwre,0.81,0.02,0.01,0,0,0,0.03,0.11,0.01,0,NN
eunjiluveunji,0.07,0.16,0.16,0.03,0.01,0.02,0.03,0.02,0,0.49,NN
8C,0.58,0.04,0,0,0,0,0.16,0.05,0.15,0,NN
JacamusTaddamus,0.52,0.47,0,0,0,0,0.01,0,0,0,NN
midnightcrawls,0.83,0.06,0,0,0,0.01,0.05,0.04,0,0,NN
_Justiiice,0.09,0.03,0,0,0,0,0.03,0.83,0.02,0,N
ice_cold_sky_,0.46,0,0,0,0,0.21,0,0,0,0.3,NN
Leo_Bancroft,0.33,0.38,0.05,0,0,0.03,0.08,0,0.03,0.11,NN
Scrupulous7,0.68,0.03,0,0.04,0,0,0.13,0.02,0.01,0.09,NN
DenaeMiloo,0.54,0,0,0,0,0,0,0.44,0,0,N
KatiWadeyy,0.92,0.01,0,0,0,0,0,0.06,0,0,NN
fournippalos,0.91,0.03,0,0,0,0,0.03,0,0.02,0,NN
tyrRANAsaurous,0.7,0,0,0,0,0,0.21,0.02,0.06,0,NN
04864lktb,0,0,0,0,1.0,0,0,0,0,0,NN
Lilllllaaaaay,0.6,0,0,0,0,0,0,0.4,0,0,N
abelsniaz,0.53,0,0.16,0.02,0,0,0.01,0.27,0,0,NN
MorganAshline,0.83,0.17,0,0,0,0,0,0,0,0,NN
MandyHudack,0,0,0,0,0,0,0,1.0,0,0,N
thegerb7,0.79,0.08,0,0,0,0,0,0.11,0,0.02,NN
justintimeOO,0,0.3,0.08,0,0,0.01,0.4,0,0.2,0,NN
heyitsmeMARKKK,0.29,0.05,0.22,0.12,0,0,0,0,0,0.31,NN
niyahdwyer,0.52,0.03,0,0,0,0,0.02,0.42,0,0,N
SarahRaymane,0,0,0.76,0.15,0,0,0,0.08,0,0,NN
courrtsmithh,0.91,0,0,0,0,0,0,0.08,0,0,NN
moraneon,0.79,0.02,0.03,0,0,0,0,0.1,0,0.04,NN
Grace2Build,0,0.87,0.09,0,0,0,0,0.03,0,0,NN
BobLivingston,0,0.71,0.07,0.17,0,0,0.03,0,0.01,0,NN
BrownskinTee_1,0.69,0.11,0.05,0,0,0,0,0.14,0,0,NN
AliGaberAli,0,0.28,0,0,0,0,0.51,0.16,0,0,NN
Tom_A_Murphy,0.15,0.84,0,0,0,0,0,0,0,0,NN
rissa__09,0.56,0,0,0,0,0,0,0.43,0,0,N
RTfeet,0.66,0.1,0,0,0,0.04,0.07,0.08,0,0.04,NN
Marisa8993Mary,0,0,0,0,1.0,0,0,0,0,0,NN
Piyayaaaa,0.47,0,0,0.2,0,0,0,0.02,0,0.3,NN
RomCielo,0.78,0.01,0,0,0.16,0,0,0.05,0,0,NN
KateJ_10,0.17,0.57,0.03,0,0,0,0.07,0,0,0.14,NN
steffanylopess1,0,0,0.03,0,0.82,0.01,0,0.14,0,0,NN
kanabaa,0,0.13,0.05,0,0.71,0.02,0,0,0,0.1,NN
Ayeneellasoxx,0.47,0,0,0,0,0,0,0,0,0.52,NN
ojfabolouslife,0.23,0.03,0,0,0,0,0,0.73,0,0,N
milksebaek,0.46,0.06,0.12,0,0,0,0.03,0.05,0,0.26,NN
chifumnanyao,0.66,0.11,0.01,0,0,0,0.09,0.07,0.03,0.01,NN
SiouxieAbell,1.0,0,0,0,0,0,0,0,0,0,NN
26521stwb,0,0,0,0,1.0,0,0,0,0,0,NN
honeylito17,0.16,0,0,0,0,0,0,0,0,0.84,NN
herndonrachael,0.08,0.51,0,0,0,0,0.34,0,0.06,0,NN
iGetCurved,0.27,0.14,0,0,0,0,0,0.58,0,0,N
Rebecca_Skye,0.77,0.2,0,0,0,0,0.01,0,0,0,NN
OlgaGoo,0.42,0.09,0,0.02,0,0,0.03,0,0.01,0.43,NN
_zxchi,0.7,0,0.02,0.23,0,0,0.03,0,0,0,NN
Valayism,0.46,0.12,0.02,0.02,0,0,0.33,0.02,0,0.03,NN
RageofFury,0.53,0.16,0,0,0,0,0.14,0.08,0.01,0.06,NN
nahbutsrsly,0.33,0.57,0,0,0,0,0.05,0,0.04,0,NN
jill_jull,0.32,0.51,0.03,0,0,0,0.11,0,0.04,0,NN
GabiBonorino,0,0,0,0.23,0.77,0,0,0,0,0,NN
fedesammartin,0,0,0,0,1.0,0,0,0,0,0,NN
colbythecreator,0.68,0,0,0,0,0,0,0.31,0,0,NN
YaGirlLoveMeBro,0,0,0,1.0,0,0,0,0,0,0,NN
OllieAttoe,0.3,0.69,0,0,0,0,0,0.01,0,0,NN
AshleyChrysler,0.95,0.02,0,0,0,0,0,0.03,0,0,NN
DThcknSexc1,0.66,0.02,0,0,0,0,0.06,0.23,0.03,0,NN
prtmADIn,0,0.07,0.02,0.72,0,0,0.14,0,0,0.05,NN
sena_kishito,0.05,0.05,0.05,0.05,0.05,0.05,0.05,0.55,0.05,0.05,N
tropicaltides,0.73,0.06,0.09,0,0,0,0.02,0.07,0,0.03,NN
Jlinewautier,0,0,1.0,0,0,0,0,0,0,0,NN
stoshie27,0.61,0.31,0,0,0,0,0,0.09,0,0,NN
tinywiny101,0.67,0.02,0,0,0,0,0.02,0.28,0,0,NN
sismishtraining,1.0,0,0,0,0,0,0,0,0,0,NN
anakkosttt,0,0,0,0.99,0,0,0,0,0,0,NN
kazmiraemery,0.91,0,0,0,0,0,0,0.09,0,0,NN
QuentinBavridge,1.0,0,0,0,0,0,0,0,0,0,NN
pheRawrrr,0.5,0,0.04,0.33,0,0.04,0,0,0,0.09,NN
glassbeadian,0.04,0.02,0.01,0,0,0,0.91,0.01,0,0,NN
BruhLookAtThis,0.28,0.06,0,0,0,0,0.08,0.57,0,0,N
uttunfan_,0.32,0.2,0.01,0.03,0,0,0.17,0,0.11,0.15,NN
nienlam,0.4,0.33,0,0,0,0.01,0.17,0,0.07,0,NN
KatieWaxer,0.95,0.05,0,0,0,0,0,0,0,0,NN
mat7t7,0.26,0.6,0,0,0,0.01,0.05,0,0.06,0.02,NN
clioweb,0.33,0.27,0,0,0,0,0.17,0,0.22,0,NN
lsl_xo,0.84,0,0,0,0,0,0,0.16,0,0,NN
SoundCityMiz,0.02,0.34,0.03,0.02,0,0.02,0.08,0.46,0.03,0,N
MadisonW44,0.91,0.09,0,0,0,0,0,0,0,0,NN
ribkashi,0.01,0.01,0.01,0.01,0.01,0.53,0.01,0.01,0.2,0.2,NN
wendypauyon,0.79,0,0.01,0,0,0,0,0.01,0,0.16,NN
mikemeginnis,0.65,0.12,0,0,0,0,0.05,0,0.17,0,NN
aarold01,0,0.94,0,0,0,0,0,0.06,0,0,NN
kaybabbyyy,0.7,0.26,0,0,0,0,0,0.03,0,0,NN
kvnyeshrug,0.61,0.04,0,0,0,0,0.04,0.27,0.02,0,NN
SimonRiley1,0.49,0.32,0.01,0,0,0,0.06,0.1,0.02,0,NN
iHateDineshaa,0.55,0,0,0,0,0,0,0.45,0,0,N
NatashaNetzley,0.97,0,0,0,0,0,0,0.03,0,0,NN
SharonGPlunkett,0.1,0.21,0,0,0,0,0.37,0,0.31,0,NN
TashpointO0,0.93,0,0,0,0,0,0,0.04,0,0,NN
GERARDDDDoo,0.43,0.11,0,0,0,0,0.03,0.41,0,0,N
ShayeWilkowske_,0.98,0.01,0,0,0,0,0,0,0,0,NN
xCodeineKillerx,0.46,0.04,0,0,0,0,0.1,0.35,0.03,0,N
oktarinrin,0.56,0,0.02,0.36,0,0,0,0,0.01,0.04,NN
REEEEmiix_Baby,0.04,0,0,0.24,0,0.04,0,0.68,0,0,N
llllivv,0.31,0.14,0,0,0,0,0,0.54,0,0.01,N
Alrushaidat,0.03,0.16,0.06,0,0,0,0.37,0.08,0.31,0,NN
bbcof83,0.2,0.7,0,0,0,0,0.08,0,0,0,NN
50ShadzofGold,0.11,0.69,0,0,0,0,0,0.19,0,0,NN
Nannaklausen,0.48,0.27,0.07,0.05,0,0,0,0,0,0.11,NN
HardbodyQuan,0.03,0.02,0,0,0,0,0,0.94,0,0,N
mariaulloa72,0,0.04,0,0,0.84,0,0.09,0,0.03,0,NN
IsaiahWallace5,0,0,0,0,0,0,0.99,0,0,0,NN
SQR_ghamed,0.36,0.01,0.01,0.3,0.01,0.01,0.27,0.01,0.01,0.01,NN
SGDinero97,0.15,0.02,0,0,0,0,0.03,0.77,0,0,N
openlegacy,0.03,0.03,0,0,0,0,0.64,0,0.3,0,NN
Joebar22,0,0,0.88,0,0,0,0.11,0,0,0,NN
WorldRugby7s,0,1.0,0,0,0,0,0,0,0,0,NN
abdogmy1,0,0,0.88,0.12,0,0,0,0,0,0,NN
caltommyhood,0,0,0,0,0,0,0,0,0,1.0,NN
majesticoakley,0.71,0.06,0.11,0,0,0.06,0,0.01,0,0.05,NN
_Fabjr,0.1,0.07,0,0.19,0,0,0,0.6,0,0.03,N
lazer_laz,0.22,0.17,0,0.01,0,0,0.02,0.56,0.01,0,N
TayloRoo,0.65,0.16,0,0,0,0,0.11,0.04,0.02,0,NN
MissElliePhipps,0.91,0.05,0,0,0,0,0.01,0,0,0,NN
veroo_nickaa,0.97,0,0,0,0,0,0,0.03,0,0,NN
KristiLynn,0.39,0.17,0.13,0,0,0.28,0.01,0,0.01,0,NN
_beatrizrivera,0.53,0,0,0,0,0,0,0.47,0,0,N
javierbarkley,0,0,0.22,0,0.78,0,0,0,0,0,NN
Goldiexantana,0.01,0.03,0,0,0,0,0,0.95,0,0,N
soyoujung,0,0,0,0,0,0,0,0,0,0.93,NN
ItsJillLokenDoe,0.78,0,0,0.16,0,0,0,0.06,0,0,NN
BIGBaller___,0.4,0,0,0,0,0,0,0.6,0,0,N
jennayeshulas,0.98,0,0,0,0,0,0,0.02,0,0,NN
NoName40672977,0.64,0,0,0,0.11,0,0,0.25,0,0,NN
veronicareiner,0.94,0.02,0,0,0,0,0,0.02,0.01,0,NN
Patella_LG,0.72,0.16,0.07,0,0,0,0.04,0,0,0,NN
bakerstreetbee,0.68,0.21,0.04,0,0,0,0.03,0,0.03,0,NN
JuggaMagicNinja,0.82,0.02,0,0,0,0,0.02,0.13,0,0,NN
ilovetrisha811,0.71,0.06,0.01,0,0,0,0.05,0,0.01,0.15,NN
amynmore,0.52,0.38,0.04,0,0,0,0.02,0,0.04,0,NN
pngfootball50,0.75,0.22,0,0,0,0,0,0.03,0,0,NN
Al3nziBdr,0.92,0,0,0,0,0,0,0,0,0,NN
Elle_Anna_rose,0.85,0.01,0,0,0,0,0.01,0.11,0.01,0,NN
AILYS_TheOffer,0,0,0,0,0,0,0,0,0,0.99,NN
kissmeimkitt,0.86,0,0,0,0,0,0.03,0.09,0,0,NN
StephanieT519,0.95,0,0,0,0,0,0,0.05,0,0,NN
Eduardo_Guedez,0.31,0,0.02,0,0,0,0.2,0,0.44,0.03,NN
Deth_Ben,0.71,0.1,0.01,0,0,0,0.1,0,0.07,0,NN
JoanaGabizinha,0,0,0.14,0,0.85,0,0,0,0,0,NN
jennachiapas,0.16,0.08,0,0,0,0,0.11,0,0.65,0,NN
j_wizzle20,0.42,0.32,0,0,0,0,0,0.26,0,0,NN
sara_moosa2,0.7,0.19,0,0.01,0,0,0.06,0,0.04,0,NN
Okolie_ibm,0.27,0.57,0.02,0.01,0,0,0.02,0.09,0,0,NN
gilhakuno,0.69,0.06,0,0,0,0,0,0,0.02,0.2,NN
this_is_teyak,0.19,0.07,0,0,0.01,0,0,0,0,0.72,NN
TheGunM4g,0.22,0.3,0.02,0,0,0,0.28,0.02,0.13,0.01,NN
Kobe2333,0.08,0.62,0,0,0,0.01,0,0.27,0,0,NN
jennamdy,0.82,0.17,0,0,0,0,0,0,0,0,NN
llalmeida99,0.45,0.47,0,0,0.01,0,0.02,0.05,0,0,NN
Gainsbarough,0,0.29,0.56,0,0,0,0.11,0.01,0.02,0,NN
yogasetiawan08,0,0.46,0,0.53,0,0,0,0,0,0,NN
youngalexande15,0,0.12,0,0,0.05,0,0.82,0,0,0,NN
iRenjiAbarai,0.71,0,0,0.03,0,0,0.12,0,0.12,0.02,NN
Salomguez,0,0,0.96,0.04,0,0,0,0,0,0,NN
Shannaaaa_,0.69,0.14,0.05,0,0,0,0,0.12,0,0,NN
negreteeashley,0,0.66,0.2,0,0,0,0.09,0,0,0.04,NN
HAIRTRlCKS,0.78,0,0,0.13,0,0,0.09,0,0,0,NN
sarsha121,0,0,0,0,0,0,0.28,0.47,0,0.2,N
CynquettaDean,0.42,0.12,0,0,0,0,0.13,0.32,0,0,NN
SheilaBabington,0.03,0,0.01,0,0,0.02,0.91,0,0.02,0,NN
csickem4,0.95,0,0,0,0,0,0,0.04,0,0,NN
LATibbetts,0.33,0.58,0,0,0,0,0.01,0.05,0.02,0,NN
kaitlintay,0.97,0,0,0,0,0,0,0.01,0.02,0,NN
JRockErrday,0.29,0.21,0,0,0,0,0,0.51,0,0,N
angeurysm,0.84,0.03,0,0,0,0,0.05,0.04,0.03,0,NN
PromiseGrande_,0.67,0,0.06,0,0,0.01,0,0,0,0.24,NN
GabrielleWang,0.25,0.33,0.02,0,0,0,0.08,0,0.31,0.02,NN
MsTj_Siqila,0.5,0.1,0,0,0,0,0.11,0.23,0.03,0,NN
yogurl_skylar,0.56,0.05,0.01,0,0,0,0.02,0.36,0,0,N
Jenlouu,0.64,0.3,0,0.01,0,0,0.04,0,0,0,NN
MorganAshlynn,0.88,0.07,0,0,0,0,0,0.05,0,0,NN
SAWINDERSINGH12,0,0,0,0,0,0,1.0,0,0,0,NN
brookewaibel,0.95,0.01,0,0,0,0,0,0.03,0,0,NN
muxiqboi,0.42,0.27,0,0,0,0,0.03,0.25,0.02,0,NN
Liguirofobico,0.14,0.39,0.01,0.03,0.3,0.01,0.04,0.03,0.03,0.02,NN
coughssparkles,0.89,0,0.01,0,0,0,0,0,0,0.09,NN
gavinsweeney,0.58,0.35,0,0,0,0,0.04,0,0.03,0,NN
monanazz,0.31,0.12,0.47,0,0,0,0.01,0.06,0,0.03,NN
bre_snop,0,0.43,0.01,0,0,0.46,0.02,0,0,0.07,NN
ChoradiyaMehul,0.1,0.02,0,0.05,0,0,0.8,0,0,0.02,NN
CCUSABiz,0,0,0.99,0,0,0,0,0,0,0,NN
jaxycarter,0.76,0.23,0,0,0,0,0,0,0,0,NN
fisheyedmeenaxi,0.15,0.08,0.02,0.01,0,0,0.47,0,0.21,0.05,NN
AbadisForest,0.59,0.11,0.02,0,0,0.02,0.17,0.05,0.03,0,NN
bambamtwins,0.73,0.13,0,0,0,0,0.09,0,0.05,0,NN
ahxinnn_,0.95,0,0,0,0,0,0,0.04,0,0,NN
princess__jesse,0.86,0,0,0,0,0,0,0.14,0,0,NN
Lungstablaze,0.42,0.08,0,0,0,0,0.29,0.15,0.05,0,NN
SarbjeetInsan1,0.2,0,0,0,0,0.59,0,0,0.01,0.19,NN
orindasfinest,0.49,0.36,0,0,0,0,0.04,0.04,0.07,0,NN
gen_karin,0.05,0.05,0.05,0.05,0.05,0.05,0.05,0.55,0.05,0.05,N
Valentina_tina7,0,0.83,0,0,0,0,0.03,0,0,0.13,NN
LiteAS_aFEATHER,0.86,0,0,0,0,0,0.06,0.03,0.04,0,NN
InAMangoWalk,0.71,0.09,0,0,0,0,0.11,0,0.09,0,NN
_colvin,0.96,0,0,0,0,0,0,0.04,0,0,NN
allybarronn,0.97,0,0,0,0,0,0,0.02,0,0,NN
MarijoSalaas,0,0,0,0,0.97,0,0,0.02,0,0.01,NN
ScarfFash,0.16,0.32,0.01,0,0.01,0.06,0.29,0,0.04,0.11,NN
OrtizShs,0.49,0.05,0.05,0,0,0,0.01,0.37,0.02,0,N
VickyyNieeeto98,0.02,0,0,0,0.97,0,0,0,0,0,NN
falcondelta81,0.13,0.59,0,0,0,0,0.03,0.24,0,0,NN
tanmanlaflaree,0.39,0.02,0,0,0,0,0,0.59,0,0,N
qua_lowkeythoe,0.76,0,0,0,0,0,0.03,0.19,0.02,0,NN
kecarter_,0.32,0.08,0,0,0,0,0.01,0.58,0.01,0,N
dOLLjayy,0.38,0,0,0,0,0,0,0.61,0,0,N
Snaildot,0.79,0.01,0.07,0.02,0,0,0.04,0.02,0,0.05,NN
denistancl,0.09,0.08,0.01,0,0,0,0.44,0,0.37,0,NN
YogiDaGoat,0.06,0.19,0,0,0,0,0,0.75,0,0,N
viitranquillo,0.89,0,0,0,0.09,0,0,0.02,0,0,NN
mirandalhouse,0.97,0,0,0,0,0,0,0.03,0,0,NN
Fellywanjiku,0.49,0.17,0,0.1,0,0,0.04,0.1,0.01,0.08,NN
topceilingfans,0,0.13,0.03,0.01,0,0.01,0.63,0,0.17,0.01,NN
MeganSigrist,0.82,0.12,0,0.01,0,0,0,0,0.03,0,NN
fawwazfarhan,0,0.45,0,0.44,0,0,0.1,0,0,0,NN
anisajade_xx,0.87,0.03,0,0,0,0,0.05,0.02,0.03,0,NN
cel_1982,0.25,0.01,0.02,0,0,0,0,0,0,0.7,NN
mathewmm28,0.72,0.07,0,0,0,0,0.11,0,0.1,0,NN
chinchilla_310,0.23,0.17,0,0,0,0,0.03,0.54,0,0,N
rays_lalola,0.05,0.01,0,0.93,0,0,0,0,0,0.01,NN
pablogj14,0,0.47,0.04,0.2,0.21,0,0.07,0,0,0.01,NN
AmErica_Murphy,0.85,0.11,0,0,0,0,0.03,0,0,0,NN
danielleburgoyn,0.98,0,0.01,0,0,0,0,0,0,0,NN
cavalli1972,0.01,0.01,0.45,0.38,0.01,0.08,0.01,0.01,0.01,0.01,NN
SnootyKyraK_,0.25,0,0,0,0,0,0,0.75,0,0,N
cody_brewer,0.31,0.65,0,0,0,0,0,0.04,0,0,NN
positone,0,0.81,0.18,0,0,0,0,0,0,0,NN
smriti449,0.55,0.26,0,0.03,0,0,0.11,0,0.02,0.02,NN
ConnelSage,0.51,0.4,0,0,0,0,0.04,0.02,0.02,0,NN
f98650ba2264434,0.08,0,0,0,0,0,0.83,0,0.08,0,NN
KarenCoquito,0.04,0.1,0.02,0,0.8,0,0,0,0,0.03,NN
MeralKyncck,0,0,0,0.74,0.12,0,0,0,0,0.13,NN
83826slhd,0,0,0,0,1.0,0,0,0,0,0,NN
oproprioTEKNIK,0,0.17,0.06,0.09,0.08,0.03,0.05,0.45,0.02,0.04,N
shygal1391,0.93,0.02,0,0,0,0,0.01,0.02,0,0,NN
BizzleYonce,0.64,0.06,0.06,0,0,0,0,0.23,0,0,NN
MoJo_RN,0.68,0.01,0,0,0,0,0.15,0.04,0.12,0,NN
NDolegiewicz,0.22,0,0,0.74,0.05,0,0,0,0,0,NN
nayaralovatic15,0.05,0.05,0.05,0.05,0.05,0.05,0.05,0.55,0.05,0.05,N
DanDanswilliams,0.63,0.2,0,0.02,0,0,0.03,0.11,0,0,NN
SpitOnMeNow,0.06,0.56,0,0,0,0,0,0.37,0,0,N
jimoanism,0.68,0,0.13,0,0,0,0,0.05,0,0.14,NN
xeniaechols,0.57,0.04,0,0,0,0,0.01,0.37,0,0,N
briannazeyhnn,0.8,0,0,0,0,0,0,0.2,0,0,NN
tya_s__,0.7,0.08,0,0.02,0,0,0.06,0.11,0.02,0,NN
camiich1D,0.17,0.07,0.09,0,0.6,0,0,0,0,0.06,NN
2CC,0.02,0.19,0,0,0,0,0.78,0,0,0,NN
MRS_TEEN_WOLF,0.7,0.05,0.02,0.02,0,0,0,0.18,0,0.02,NN
lilee_rose,0.52,0.25,0.09,0,0,0,0,0.05,0,0.1,NN
MayliR,0.55,0.16,0.2,0,0,0,0,0,0,0.08,NN
MusicAchCouncil,0,0.09,0.03,0.17,0,0.05,0.12,0,0.54,0,NN
mOoMi1m,0.99,0,0,0,0,0,0,0,0,0,NN
CBiscuit116,0.78,0.03,0.08,0,0,0.03,0,0,0.07,0.02,NN
PangilinanZher,0.66,0,0,0.11,0,0,0,0,0,0.23,NN
ChunkyCheek1,0.22,0,0,0.08,0,0,0,0.7,0,0,N
irenegorde,0,0.19,0.11,0,0,0,0.24,0,0.44,0,NN
fashionbyrd,0.51,0.36,0,0,0,0,0,0.12,0,0,NN
nekodoruBox,0.85,0.07,0,0,0,0,0.05,0,0.03,0,NN
kitenge,0.22,0.21,0.04,0,0,0,0.47,0,0.04,0,NN
ultimatepulse,0,0.84,0,0,0,0,0,0,0.15,0,NN
OlgaIfv,0.43,0.1,0.24,0.1,0.09,0,0,0,0,0.03,NN
nursyxh,0.91,0,0,0.08,0,0,0,0,0,0,NN
CheesyKev,0.43,0.11,0,0,0,0,0,0.45,0,0,N
TJack2014,0.95,0,0.05,0,0,0,0,0,0,0,NN
judithjosee,0.94,0,0,0,0,0,0,0.06,0,0,NN
sydneybanford,0.97,0,0,0,0,0,0.01,0.02,0,0,NN
BubuYezzi6,0,0,0,0,1.0,0,0,0,0,0,NN
theKTB,0.48,0.31,0.05,0.01,0,0.01,0.07,0.02,0.04,0,NN
mmadiiee,0.99,0,0,0,0,0,0,0,0,0,NN
Aabbbyy_,0.86,0,0,0,0,0,0,0.13,0,0,NN
K_Smith_NZ,0.09,0.8,0,0,0,0,0,0.11,0,0,NN
cARAbALSAM0,0.97,0.02,0,0,0,0,0,0,0,0,NN
nadine_roca,0.69,0,0,0,0,0,0,0.31,0,0,NN
cervantestweets,0.62,0.24,0,0,0,0.02,0.02,0.09,0,0.01,NN
AdamBressler,0.26,0.32,0,0,0,0,0.39,0.01,0.02,0,NN
ArielaMoreno,0,0,0.76,0,0.24,0,0,0,0,0,NN
IzzatiMatSaberi,0.6,0,0.03,0.29,0,0,0.07,0,0,0,NN
uristgo,0,0,0,0,0.18,0,0.82,0,0,0,NN
yvk60,0.05,0.05,0.05,0.05,0.05,0.05,0.05,0.55,0.05,0.05,N
anjeljaneh,0.79,0.2,0,0,0,0,0,0,0,0,NN
afifaabdjalil,0.82,0,0,0.17,0,0,0,0,0,0,NN
badia420,0.08,0.18,0.03,0.02,0.46,0.01,0.14,0,0.05,0.03,NN
CroomPam,0.12,0.21,0,0,0,0,0.2,0,0.45,0.02,NN
Billgateslove,0.81,0,0,0,0,0,0.02,0.15,0.02,0,NN
ManuSolivella7,0,0.17,0,0,0.83,0,0,0,0,0,NN
Hozer93,0.8,0.04,0,0,0,0,0,0.16,0,0,NN
Bunnyloversyou,0.73,0.13,0,0,0,0,0.09,0.02,0.01,0,NN
soniaa242,0.22,0,0,0,0,0.48,0.01,0,0.21,0.07,NN
mariahmendez__,0.81,0.06,0.01,0.05,0,0,0,0.05,0,0.01,NN
_marieclare,0.59,0.07,0,0,0,0,0.14,0.15,0.02,0.01,NN
BelSeQueMeAmas,0.26,0.02,0,0,0.68,0,0,0.02,0,0.02,NN
zenn_enechi,0.51,0.3,0.02,0,0,0,0.03,0.13,0,0,NN
liiissaK,0.97,0.01,0,0,0,0,0,0.02,0,0,NN
abaldonero,0.12,0.41,0.01,0,0,0,0.21,0,0.23,0.01,NN
nohup,0,0,0,0,0,0,0,0,0.96,0,NN
Brand0n_Ellis,0.55,0.04,0,0,0,0,0,0.41,0,0,N
xkatiealishax,0.88,0.1,0,0,0,0,0,0,0,0.01,NN
woolystyles,0.83,0.12,0.03,0,0,0,0,0,0,0.01,NN
hailzmcheezy,0.92,0,0,0,0,0,0.02,0.01,0.03,0,NN
athertonjc,0,0.13,0.02,0,0,0.03,0.2,0,0.56,0.05,NN
maythesegura,0.66,0,0,0,0.33,0,0,0.02,0,0,NN
carlotafranco2,0.11,0,0.04,0,0.78,0,0,0.05,0,0.01,NN
BLAC_MONA_LISA,0.63,0,0,0,0,0,0,0.35,0,0,N
queenaleezy,0.66,0,0,0,0,0,0,0.34,0,0,N
johnantoine9,0.35,0.43,0,0,0,0,0,0.23,0,0,NN
Toowoomba_Info,0.08,0.17,0,0,0,0,0.57,0,0.18,0,NN
indsbierton,0.87,0.09,0,0,0,0,0,0.02,0,0,NN
royallyhurt,0.72,0,0.13,0.06,0,0,0.02,0.05,0,0.02,NN
adamfleming96,0.18,0.72,0,0,0,0,0.03,0.07,0,0,NN
hartotodinataok,0,0,0,1.0,0,0,0,0,0,0,NN
chen_2911,0.48,0,0,0.32,0,0,0,0.2,0,0,NN
alanalovee,0.9,0.06,0,0,0,0,0,0.02,0,0,NN
tootsiebye,0.99,0,0,0,0,0,0,0,0,0,NN
HCXBS,0,0,0,0.94,0,0,0,0,0,0.06,NN
LauraDMTLJ,0,0,0.04,0,0.95,0,0,0,0,0.01,NN
NBSSAP,0,0.15,0,0,0,0,0.29,0,0.56,0,NN
jssicum,0.59,0,0,0,0,0,0,0.41,0,0,N
Brooklynnnn3,0.97,0,0,0,0,0,0,0.03,0,0,NN
dmfa20871,0,0,0,0,1.0,0,0,0,0,0,NN
Carpevinumblog,0,0.5,0.04,0.02,0.23,0,0,0,0.19,0,NN
YunQian212121,1.0,0,0,0,0,0,0,0,0,0,NN
scarletfana,0.35,0,0,0,0.59,0,0,0,0,0.06,NN
FearTheNando,0.4,0.38,0,0,0,0,0,0.21,0,0,NN
HeartLikeADog,0.27,0.09,0.02,0,0,0.06,0.13,0,0.35,0.06,NN
kaylacook_,0.97,0.03,0,0,0,0,0,0,0,0,NN
Junior95100,0,0,1.0,0,0,0,0,0,0,0,NN
KWEEN_Ci,0.52,0,0,0,0,0,0,0.43,0.04,0,N
ZeusKoSnow,0,0,0,0,0,0,0,0,0,1.0,NN
EmilyHara,0.91,0,0.01,0,0,0,0,0.06,0,0,NN
briannamarselle,0.84,0.14,0,0,0,0,0,0.02,0,0,NN
ashleyrenee2291,0.99,0,0,0,0,0,0,0.01,0,0,NN
Mago4_alex,0,0,0,0.17,0.82,0,0,0,0,0,NN
Eyyy_Flaca,0.98,0,0,0,0,0,0,0.01,0,0,NN
Dyosalevel999,0.44,0,0,0.01,0,0,0,0,0,0.54,NN
Astrobrandology,0.25,0.12,0.03,0,0,0,0.37,0.05,0.16,0,NN
AshiAkira,0.22,0.14,0,0,0,0.06,0.02,0,0.12,0.43,NN
510cherly,0.27,0.07,0.16,0,0,0.1,0,0.01,0,0.39,NN
frjessie,0,0,1.0,0,0,0,0,0,0,0,NN
LeighPeace,0.91,0,0,0,0,0,0.09,0,0,0,NN
TLengeling,0.48,0.18,0,0,0,0,0.13,0,0.19,0,NN
LubnaAlsaleh_,0.3,0,0,0.27,0,0,0,0,0,0.41,NN
tbqueerh,0.87,0.05,0.01,0,0,0,0.03,0,0.02,0,NN
Lala_jonnae,0.69,0,0,0,0,0,0,0.31,0,0,NN
Sumankarki05,0,0.55,0,0,0,0,0.4,0,0,0.05,NN
BalrajInsan,0.17,0.01,0,0,0,0.62,0,0,0.05,0.14,NN
sto_o,0.04,0.56,0.03,0,0,0,0.31,0,0.04,0,NN
gadgetifo,0,0,0.01,0,0,0,0.99,0,0,0,NN
kaylancarlsonB,0.93,0.02,0.01,0,0,0,0.02,0.02,0,0,NN
nadaaax0,0.81,0,0,0,0,0,0,0.19,0,0,NN
MMohsen29,0.05,0.05,0.05,0.05,0.05,0.05,0.05,0.55,0.05,0.05,N
MarcPatterson89,0.13,0.8,0,0,0,0,0,0.07,0,0,NN
ColsAndrea20,0.43,0.05,0,0,0,0,0,0.51,0.01,0,N
mackkieeee,0.94,0,0,0,0,0,0.02,0,0.03,0,NN
seansumner10,0.57,0.22,0,0,0,0,0.02,0.18,0,0,NN
iwritefordrake,0.26,0.15,0,0,0,0,0.21,0.37,0,0,N
muhness,0.92,0.01,0,0,0,0,0,0.07,0,0,NN
lhynneirish,0.81,0,0,0,0,0,0,0,0,0.19,NN
anabibah_,0.52,0,0,0.48,0,0,0,0,0,0,NN
JBR_AlK,0.17,0.78,0,0,0,0,0.01,0.02,0,0,NN
klieze,0.47,0.07,0,0,0,0,0.01,0.18,0,0.27,NN
fannyy_babee,0.61,0,0,0,0,0,0,0.39,0,0,N
RosieRenner,0.42,0.1,0.04,0.15,0,0,0.27,0,0,0.01,NN
mighanica,0.5,0,0.04,0.39,0,0,0.07,0,0,0,NN
AndrewHopkins15,0.09,0.91,0,0,0,0,0,0,0,0,NN
Becci_Chan,0.39,0,0,0.12,0,0.48,0,0,0,0,NN
dudeblood,0.67,0.22,0,0,0,0,0.02,0.02,0.06,0,NN
kelsterwhytey,0.11,0.87,0,0,0,0,0.02,0,0,0,NN
PhorthWonder,0.13,0.45,0,0,0,0.01,0.11,0.25,0.02,0.01,NN
laceyweisshull,0.87,0.02,0,0,0,0,0.04,0.01,0.05,0,NN
MadelineSterlin,0.92,0.08,0,0,0,0,0,0,0,0,NN
watcher256,0.42,0.28,0,0,0,0.03,0.1,0,0.17,0,NN
kenjeong,0.35,0.56,0.01,0,0,0,0,0,0,0.07,NN
Wolfe_2Gs,0.36,0.12,0,0,0,0,0,0.52,0,0,N
mDAVIDrr_,0,0,0.02,0,0,0,0.79,0,0.19,0,NN
omar_abdlbasset,0.02,0.2,0.02,0.77,0,0,0,0,0,0,NN
olddirtysweater,0.05,0.87,0,0,0,0,0.02,0.06,0,0,NN
Hanmarieexx,0.98,0,0,0,0,0,0,0.02,0,0,NN
Kayzalfante,0.62,0.04,0,0.03,0,0,0.03,0,0,0.28,NN
teabagNpoppins,0.42,0.08,0.11,0,0,0,0.04,0.3,0,0.04,NN
DMariette,0,0,0.87,0,0,0,0.13,0,0,0,NN
noellyjanice,0.35,0,0,0,0,0,0,0.65,0,0,N
EliteGroupAlain,0.01,0.39,0.2,0,0,0,0.3,0.03,0.05,0,NN
KMega23,0,0,0,0.21,0.16,0.37,0.23,0,0,0,NN
MorganStolpa,0.95,0.04,0,0,0,0,0,0,0,0,NN
_AshleyMarie1,0.84,0.04,0,0,0,0,0,0.12,0,0,NN
katybugg_,0.87,0.09,0.01,0,0,0,0,0,0,0,NN
foxman0608,0,0.99,0,0,0,0,0,0,0,0,NN
virgin_kakoti,0.06,0,0.11,0.6,0,0.03,0,0,0,0.2,NN
cissatimm,0.48,0,0.04,0.02,0.42,0,0.02,0,0.02,0,NN
thecindymiralxx,0.39,0.02,0,0.02,0,0,0,0.01,0,0.55,NN
lisalodin,0.34,0.11,0.08,0.2,0.02,0,0.15,0.02,0,0.08,NN
itsmeyayel,0.08,0.02,0,0.01,0,0,0,0,0,0.89,NN
lucianasimoes,0,0.22,0.05,0.14,0.47,0,0.11,0,0.02,0,NN
SumMannShit,0.07,0.02,0,0,0,0,0,0.91,0,0,N
rox_e_isfab,0.79,0,0,0,0.13,0,0,0.08,0,0,NN
Madaaaam_,0.64,0,0,0,0,0,0,0.35,0,0,N
john_foley,0.68,0.1,0.1,0,0,0,0,0.12,0,0,NN
AyyRokaa,0.71,0.03,0,0,0,0.01,0.06,0.18,0,0,NN
AGattoB_TCH16,0.79,0.18,0,0,0,0,0,0,0,0.02,NN
danikaharrod,0.74,0.11,0.02,0.01,0,0,0,0.07,0,0.03,NN
AmiliaPermataS,0,0,0,0.99,0.01,0,0,0,0,0,NN
AudreyTCarroll,0.65,0.13,0,0,0,0,0.02,0,0.18,0,NN
johnnyutah66,0.28,0.58,0,0,0,0,0.1,0,0.02,0.01,NN
meagbelline19,0.76,0.01,0.2,0,0,0,0,0,0,0.03,NN
nicolelove_com,0.05,0.05,0.05,0.05,0.05,0.05,0.05,0.55,0.05,0.05,N
Meryconley,0.43,0.03,0,0,0.49,0,0.03,0,0,0,NN
SelenaaBiancaa,0.89,0.06,0,0,0,0,0,0.04,0,0,NN
K_Fdes,0.14,0.12,0,0.02,0.55,0,0.1,0,0.04,0.02,NN
EstellePedreira,0,0.71,0,0,0.23,0,0,0,0,0,NN
butl31006,0,0,0,0,1.0,0,0,0,0,0,NN
NS_bink,0.25,0,0,0.44,0.1,0,0.14,0,0,0.07,NN
Dizzie2k,0.45,0.29,0,0,0,0.05,0.11,0.08,0.01,0,NN
in2o14,0.54,0,0,0.04,0,0.02,0.02,0,0,0.38,NN
JMinords,0.32,0.57,0.01,0,0,0,0,0.1,0,0,NN
sugastahp,0.52,0,0.28,0,0.03,0.02,0,0.04,0,0.11,NN
ChildersMorgan,0.99,0.01,0,0,0,0,0,0,0,0,NN
ASBuford,0,0.91,0,0,0,0,0.03,0.03,0.04,0,NN
danielle4334,0.76,0.13,0,0,0,0,0,0.11,0,0,NN
SheaSkye,0.85,0,0,0,0,0,0,0.14,0,0,NN
PeaceSchmidt,0.48,0.06,0.41,0,0.03,0,0,0,0,0.01,NN
xolei_,0.74,0,0,0,0,0,0,0.25,0,0,NN
gtfbh,0.02,0.02,0.02,0.85,0.02,0.02,0.02,0.02,0.02,0.02,NN
xskyhook,0.8,0.03,0,0,0,0,0.04,0.13,0,0,NN
ShannonKRobson,0.85,0,0.01,0,0,0,0.04,0.07,0.01,0,NN
chelssawaya,0.74,0.21,0.02,0,0,0,0.01,0,0,0,NN
sheila0314,0.13,0.07,0,0,0,0,0.03,0,0,0.76,NN
JCeliin,0,0,0,0,1.0,0,0,0,0,0,NN
syssa75_,0.88,0,0,0,0,0,0,0.12,0,0,NN
MadisonUlm,0.83,0.12,0,0,0,0,0,0.04,0,0,NN
carbine10101,0.53,0.03,0,0,0,0,0.18,0.18,0.08,0,NN
jr_firefight68,0.15,0.3,0.02,0,0,0.01,0.5,0,0,0,NN
iamporgy,0.75,0.01,0,0,0,0,0.07,0.1,0.05,0,NN
imSantino,0.37,0.02,0,0.15,0,0,0,0.04,0,0.42,NN
sampreston13,0.49,0.46,0,0,0,0,0.02,0,0,0,NN
GenevaPang,0.17,0.26,0.04,0,0,0,0.27,0.08,0.12,0.05,NN
churchmarquis,0.22,0.59,0,0,0,0,0.04,0.11,0.01,0,NN
4evercrazycool,0.39,0.11,0.06,0.16,0,0.02,0.04,0.16,0,0.06,NN
allie_catt13,0.98,0.01,0,0,0,0,0,0,0,0,NN
hopeforever72,0.36,0.06,0.36,0,0,0,0,0.01,0,0.2,NN
msnosun,0.61,0.07,0.11,0.01,0,0,0.01,0.01,0,0.16,NN
douglas_bowley,0.01,0.13,0,0,0,0,0.54,0,0.32,0,NN
JarbyDent,0.21,0.07,0,0,0.6,0.02,0.08,0.02,0,0,NN
crickwooder,0.65,0.18,0.02,0,0,0,0.09,0,0.05,0,NN
melaniesunshine,0.66,0.19,0.08,0,0,0.03,0.02,0,0.01,0,NN
jazzzy_marie,0.91,0,0,0,0,0,0,0.09,0,0,NN
FaisalBasrah,0.07,0.62,0,0.09,0,0,0.02,0.2,0,0,NN
JusnKng,0.66,0.32,0,0,0,0,0,0,0,0,NN
Atiqah0505,0.32,0,0.01,0.57,0,0,0.07,0,0,0.02,NN
CaptainKimChen,0.35,0.02,0.08,0.01,0.23,0,0,0.03,0,0.28,NN
ClairJee,0.22,0.51,0,0,0,0.02,0,0,0.12,0.13,NN
RosVanesaPerez,0,0,0,0,1.0,0,0,0,0,0,NN
bwisebw,0.3,0.48,0,0,0,0,0,0.22,0,0,NN
VoicePriestess,0,0.14,0.13,0.02,0.02,0,0.61,0.06,0,0.03,NN
tjasa_draksler,0.52,0.13,0.11,0.05,0,0,0,0.02,0,0.17,NN
LalaLightyear,0.38,0.19,0.01,0,0.35,0.01,0,0.02,0,0.03,NN
1FromPpl,0.74,0,0,0.12,0,0,0.12,0,0,0,NN
kdwhite81,0.02,0.95,0,0,0,0,0.02,0.01,0,0,NN
MaDStaR91,0,0,0.99,0,0,0,0,0,0,0,NN
gzmmocall,0,0,0,0.92,0.04,0,0,0,0,0.04,NN
nathkay04,0.76,0.2,0,0,0,0,0,0.02,0,0,NN
AshMeLater__,0.89,0,0,0,0,0,0,0.1,0,0,NN
vucasyhiq,0,0,0,0,0,0,0,0,1.0,0,NN
MackNSweetJones,0.02,0.2,0,0,0,0,0.06,0.71,0,0,N
PMWineMerchants,0,0.85,0.04,0,0,0,0,0,0.04,0.07,NN
Joey_Bray1,0.69,0,0,0,0,0,0,0.31,0,0,NN
AndrewHopkins16,0.75,0.08,0,0,0,0,0,0.17,0,0,NN
avecLamourCASSI,0.96,0,0,0,0,0,0,0,0.01,0,NN
ballislifesave,0.4,0.22,0,0,0,0,0,0.38,0,0,N
anacristina1227,0.54,0.11,0.03,0,0.27,0,0,0,0,0.02,NN
dr_tatas,0.52,0.08,0,0,0,0,0.04,0.34,0.02,0,N
Ess_jay_pee,0.46,0.17,0.01,0,0,0,0.27,0,0.08,0,NN
carolahuna,0.96,0.01,0.01,0,0,0,0,0,0,0,NN
greer_court,0.76,0.18,0,0,0,0,0,0.04,0,0,NN
dopee_bitches,0.55,0,0,0,0,0,0,0.45,0,0,N
TeamUOT_Pics,0.11,0.28,0.03,0,0,0,0.41,0.02,0.12,0.02,NN
matttiiiii,0.84,0.15,0,0,0,0,0,0,0,0,NN
WINTER_004,0.21,0.66,0,0,0,0,0.09,0,0,0.04,NN
NNGGMarbellaSP,0,0,0,0,1.0,0,0,0,0,0,NN
FamilyFirstGlos,0.16,0.03,0,0,0,0,0.39,0,0.42,0,NN
_Mx91,0.4,0.23,0.33,0,0,0,0,0,0,0.05,NN
Morena_do_Hemmo,0.27,0.19,0.13,0,0.05,0,0,0.02,0,0.34,NN
macsdr,0.09,0.04,0,0.06,0,0,0.03,0,0,0.78,NN
ShannonSibbell,0.03,0,0.01,0,0,0.02,0.91,0,0.02,0,NN
GeorgeHicks_,0.59,0.36,0,0,0,0,0,0.04,0,0,NN
xjayalex,0.84,0.06,0,0,0,0.01,0.03,0,0.04,0,NN
NhannaniMKamal,0.63,0,0,0.32,0,0,0,0,0,0.04,NN
ghh_ohh,0.57,0,0,0,0,0,0,0.42,0,0,N
DJCosmo7,0.19,0.19,0,0,0,0.02,0.54,0,0.06,0,NN
misskrytti_x,0.82,0.14,0.01,0,0,0,0.01,0,0,0,NN
carpedisdick,0.73,0.03,0,0,0,0,0.05,0.18,0,0,NN
txmlintwerk,0.29,0,0.69,0,0,0,0,0.02,0,0,NN
paulmcdermottt,0.05,0.85,0,0,0,0,0,0.1,0,0,NN
emilywoodford55,0.92,0.04,0,0,0,0,0,0.04,0,0,NN
thegraftonnw5,0,0.98,0,0,0,0,0,0,0,0.02,NN
sgrovesss,0.69,0.28,0.01,0,0,0,0,0.01,0,0,NN
HarishBhaiJi,0.11,0,0,0,0,0.03,0.86,0,0,0,NN
mogni64,0,0,0,0,0,0,1.0,0,0,0,NN
jackbumn,0.24,0.02,0.19,0,0.35,0.02,0.01,0,0,0.16,NN
svnnyxlne,0.86,0.02,0,0.01,0,0,0.01,0,0.02,0.07,NN
Anishinsan1,0.16,0.03,0,0,0,0.61,0,0,0.1,0.1,NN
kimparkjara,0.09,0.05,0.24,0.05,0.03,0.01,0.02,0.02,0,0.48,NN
JohnieRuess,0.13,0.09,0.04,0,0,0.05,0.41,0.1,0,0.18,NN
pillowtaIkIjp,0.49,0.01,0.17,0.02,0,0,0,0.29,0,0,NN
CornellJones202,0.08,0.2,0,0,0,0,0,0.72,0,0,N
maloney_hannah,0.98,0.01,0,0,0,0,0,0,0,0,NN
RowenaPabingwit,0.17,0,0,0,0,0,0,0,0,0.81,NN
_NYO9,1.0,0,0,0,0,0,0,0,0,0,NN
44,0.33,0.35,0,0,0,0,0.25,0,0.05,0,NN
MontWildlife,0.01,0.33,0.02,0,0,0,0.04,0,0.56,0.03,NN
Claudiaahumada_,0.89,0,0,0,0,0,0,0.11,0,0,NN
TheOneMarcus_V,0.84,0,0,0,0,0,0.04,0.12,0,0,NN
Its_Shalom,0.61,0.22,0.01,0,0,0,0.03,0.11,0.02,0,NN
alexxthorntonn,0.81,0.06,0,0,0,0,0,0.12,0,0,NN
SebaPelado2510,0,0,0,0,1.0,0,0,0,0,0,NN
_syafain,0.46,0,0,0.48,0,0,0.04,0.01,0,0,NN
jordan_kugler,0.26,0.09,0,0,0,0,0.07,0.56,0,0,N
JWPoulin,1.0,0,0,0,0,0,0,0,0,0,NN
nratiraa,0.14,0,0,0.85,0,0,0,0,0,0,NN
Axis22,0.54,0.33,0,0,0,0,0.06,0.05,0.01,0,NN
mocamylo,0.57,0,0,0.38,0,0,0,0,0,0.04,NN
fsmerseyside,0,0.52,0,0,0,0,0,0,0.32,0.14,NN
classi4u,0,0,0,0,0,0,0.9,0.09,0,0,NN
Ashley_W25,0.99,0,0,0,0,0,0,0,0,0,NN
IqbaalleBaale,0,0,0,0.94,0,0,0,0,0,0.05,NN
health_google,0,0,0,0,0,0,0.95,0,0.05,0,NN
ParsonsBrett2,0,0,0.75,0,0,0,0,0,0.25,0,NN
_classylikethat,0.88,0.02,0,0,0,0,0.03,0.05,0.01,0,NN
tewi_en,0.76,0,0,0,0,0.02,0.02,0,0.19,0,NN
farley_amber,0.88,0,0,0,0,0,0,0.1,0,0,NN
26,0.26,0.42,0,0,0,0,0.05,0.26,0,0,NN
Trip_Maverick,0.65,0.19,0,0,0,0.02,0.11,0.02,0,0,NN
heatherhayesx,0.81,0.12,0,0,0,0,0.04,0,0.02,0,NN
Your_Cambodian,0.8,0,0,0,0,0,0.05,0.13,0.02,0,NN
mearrbearr,0.98,0,0,0,0,0,0,0,0,0,NN
craicallaic,0.58,0,0.01,0.05,0,0,0,0.35,0,0,N
_SignedbyRie,0.62,0,0,0,0,0,0,0.37,0,0,N
DianaMSharpton,0,0.22,0.11,0.01,0,0.05,0.24,0,0.29,0.07,NN
michaelotter,0,0.08,0,0,0,0,0.72,0,0.1,0.09,NN
nicolesmith_xo,0.63,0.32,0,0,0,0,0.03,0,0.02,0,NN
peachy_keen21,0.33,0,0.61,0,0,0,0,0.02,0.03,0,NN
LuArellanoC,0,0,0.01,0,0.98,0.01,0,0,0,0,NN
rshska,0.79,0.02,0,0,0,0,0.1,0,0.08,0,NN
christinejbr_,0.39,0.02,0.03,0,0,0,0,0.03,0,0.53,NN
JunhuiHanWooSVT,0.36,0,0.31,0.02,0,0,0,0.02,0,0.28,NN
Ashleey_Dallas,0.86,0.01,0.03,0.01,0,0,0,0.02,0,0.06,NN
villarealroxan,0.04,0,0.9,0,0,0,0,0,0,0.07,NN
anaaryhn,0.48,0,0,0.52,0,0,0,0,0,0,NN
chanel_merp,0.69,0.15,0.03,0,0,0,0.09,0.02,0.03,0,NN
EchosPolitique,0,0,0.95,0,0,0,0.03,0,0,0.02,NN
Olivia__Olivia,0.69,0,0,0,0,0,0,0.29,0,0,NN
___YuminDevine,0.3,0,0.59,0,0,0.01,0,0,0,0.09,NN
jav_girl,0,0,1.0,0,0,0,0,0,0,0,NN
pattylawls,0.34,0.54,0,0.11,0,0,0,0,0,0,NN
Big_ThUg31,0.1,0.61,0,0,0,0,0,0.28,0,0,NN
czlivelovelaugh,0.62,0.1,0.01,0.01,0,0,0.01,0,0.2,0.03,NN
razo_nestor,0.08,0,0,0,0.8,0.01,0,0.08,0,0.03,NN
MarjorieDickins,0.02,0,0,0.02,0,0,0.7,0,0.25,0,NN
astrology_day,0.92,0,0,0,0,0,0,0.02,0.06,0,NN
teenytynee_,0.42,0,0,0,0,0,0.09,0.45,0.03,0,N
singladeepak551,0.16,0.02,0,0,0,0.69,0,0,0,0.12,NN
Kayshire_Cat,0.56,0.13,0,0,0,0,0.11,0.16,0.02,0,NN
Phawazz,0.24,0.45,0,0,0,0,0.14,0.13,0.02,0,NN
NathsGamingHD,0.14,0.52,0,0.12,0,0.14,0,0.08,0,0,NN
exim_102,0,0.34,0,0,0,0,0.21,0,0.44,0,NN
docktimus_prime,0.63,0.28,0,0,0,0,0,0.08,0,0,NN
TylerAngelou,0.7,0.02,0,0,0,0,0.07,0.16,0.04,0,NN
CoffeySamantha9,0.81,0.17,0,0,0,0,0,0.02,0,0,NN
Marim0419,0.8,0.01,0,0.02,0,0,0,0.17,0,0,NN
SMOKEUPTOWN,0.01,0.26,0.06,0,0,0,0.06,0.61,0,0,N
red_eyelash,0.28,0.09,0,0.32,0,0,0.11,0,0.12,0.07,NN
ach_ayuneram,0,0,0.01,0.92,0,0.06,0,0,0,0,NN
lena_grace,0.78,0.09,0.06,0,0,0,0.05,0,0.02,0,NN
STEVGDE,0.21,0.54,0,0,0,0,0.03,0.21,0,0,NN
Autumnkylie1026,0.8,0,0,0,0,0,0.04,0.12,0.04,0,NN
EiyzadChibi,0.38,0,0,0.55,0,0,0.05,0.01,0,0,NN
Csereno_67,0.55,0.32,0.02,0,0,0,0.06,0.04,0,0,NN
Suck_myash,0.89,0.02,0,0,0,0,0,0.06,0,0,NN
TutRaygoza,0.02,0.01,0,0,0,0.03,0.6,0.13,0.03,0.17,NN
Soffia0620,0.47,0,0,0,0.49,0,0,0.03,0,0.01,NN
theninesixx,0.43,0.07,0,0,0,0,0,0.48,0,0,N
KoriCatherall,0.37,0,0,0,0,0,0.04,0.57,0.02,0,N
4x4_xtreme,0.32,0.31,0,0,0,0,0.23,0.02,0,0.11,NN
mitchygems,0,0.38,0.02,0,0,0.51,0,0,0,0.08,NN
holleymarvin123,0,0.04,0,0,0,0,0,0.96,0,0,N
CarloosGaarza7,0.28,0.12,0.01,0.12,0.45,0,0,0.02,0,0,NN
Milagrosstello,0.1,0,0,0.09,0.81,0,0,0,0,0,NN
saefrog94,0.09,0.04,0.09,0,0.02,0.08,0.02,0,0,0.65,NN
chizu0611,0,0.23,0.56,0.05,0,0.01,0.05,0,0,0.09,NN
lyssamorgaan,0.99,0,0,0,0,0,0,0.01,0,0,NN
02125gnlb,0,0,0,0,1.0,0,0,0,0,0,NN
essmaxwell,0.77,0.11,0.02,0,0,0,0.03,0,0.04,0,NN
MSP_Traffic,0.09,0.15,0,0.03,0,0,0.72,0.01,0,0,NN
diaspradiptaa,0,0.46,0,0.52,0.01,0,0,0,0,0,NN
yum9D0sos,0.2,0.31,0.01,0,0,0.01,0.32,0.03,0.09,0.01,NN
_MVAN,0,0,0,0,0.96,0,0,0,0,0.04,NN
valerietruewick,0.75,0.04,0.03,0,0,0,0.04,0.1,0.02,0,NN
SamTempleman,0.3,0.56,0,0,0,0,0,0.14,0,0,NN
MadisonUli,0.85,0,0,0,0,0,0.04,0.1,0,0,NN
mathanagopal,0.34,0.14,0.05,0,0,0,0.29,0,0.12,0.06,NN
QuboPass,0,0.12,0,0,0,0.03,0.56,0,0.29,0,NN
Eudogg,0.39,0.51,0,0,0,0,0.05,0.04,0,0,NN
RogerVolcano52,0.16,0,0,0,0,0,0.72,0.01,0.1,0,NN
Whiskey_N_Cigs,0.57,0.23,0,0,0,0,0.09,0.06,0.04,0,NN
jessica___ruiz,0.77,0,0,0,0,0,0,0.22,0.01,0,NN
kdahyunx,0.67,0,0,0,0,0,0,0,0,0.32,NN
kiten16,0.16,0.07,0.13,0.02,0,0,0,0,0,0.62,NN
ursinha123,0.68,0,0,0.02,0.01,0,0.01,0.21,0.03,0.02,NN
tamiaraeleen,0.83,0,0,0,0,0,0,0.17,0,0,NN
mama_sita47,0.97,0.03,0,0,0,0,0,0,0,0,NN
trevor_zmk,0.27,0.12,0,0,0,0,0.03,0.57,0,0,N
Dragger65,0.41,0,0.05,0,0,0.06,0.47,0,0,0,NN
nt9909,0.05,0.05,0.05,0.05,0.05,0.05,0.05,0.55,0.05,0.05,N
DaILLEST_Nick,0.07,0.25,0,0,0,0,0.02,0.66,0,0,N
CBiscuit213,0.24,0.55,0,0,0,0,0.08,0.1,0,0,NN
ShyY0shi,0.14,0.2,0,0,0,0.62,0.02,0,0,0,NN
gabbi_tafoya,0.77,0.05,0,0,0,0,0.01,0.16,0.01,0,NN
lexiiicon,0.85,0.06,0,0,0,0,0.05,0,0.03,0,NN
RueTheDayBand,0,0.58,0.42,0,0,0,0,0,0,0,NN
rus23NIk,0.14,0.53,0,0,0,0.08,0.25,0,0,0,NN
Indriaverillya,0.06,0.26,0.11,0.55,0,0,0,0,0,0.02,NN
jazzy_alejandra,0.98,0,0,0,0,0,0,0.02,0,0,NN
SyuhadaMaarof,0.61,0,0,0.34,0,0,0.04,0,0,0,NN
CPVDAR23,0.16,0.76,0,0,0,0,0,0.07,0,0,NN
TriciaADay,0.2,0.1,0.02,0,0,0,0.35,0,0.32,0,NN
Quinnadad_Jeff,0.91,0.02,0,0,0,0,0,0.06,0,0,NN
AmniiF_,0.66,0,0,0.33,0,0,0,0,0,0,NN
TheFemaleBlack,0.13,0,0,0,0,0,0,0.87,0,0,N
kahlil_glenn,0.47,0.12,0,0,0,0,0.02,0.38,0,0,N
vuhovirulaj,0,0,0,0,0,0,0,0,1.0,0,NN
juicyhewsy,0.83,0.14,0,0,0,0,0,0.03,0,0,NN
KeiradonnachieX,0.74,0.23,0.01,0,0,0,0,0.02,0,0,NN
_brianakelley,0.69,0.06,0,0,0,0,0.02,0.21,0,0,NN
EveningStandard,0.05,0.16,0,0,0,0,0.78,0,0,0,NN
JohaMosquera,0,0,0,0,1.0,0,0,0,0,0,NN
abokado_307,0.03,0.03,0.03,0.7,0.03,0.03,0.03,0.03,0.03,0.03,NN
pummimi,0.53,0,0.07,0,0,0.06,0.05,0,0,0.28,NN
IamStevieAllen,0,0.94,0,0,0,0,0.02,0.03,0,0,NN
_ashleySoWhat,0.55,0,0,0,0,0,0,0.45,0,0,N
BlackDeath6371,0.37,0.05,0.05,0,0,0,0.41,0.06,0.04,0.02,NN
KyleChauvin,0.84,0.15,0,0,0,0,0,0.02,0,0,NN
ins_gaurav,0.19,0.04,0,0,0,0.61,0.02,0,0.07,0.07,NN
1k2,0.61,0.03,0,0,0,0,0,0.35,0,0,N
MaysRiney,0,0,0,0,0.86,0.01,0.11,0,0.02,0,NN
AleeJb2000,0.64,0.08,0.03,0.04,0,0,0,0,0,0.2,NN
HunnyyyDipp,0.56,0,0,0,0,0,0,0.44,0,0,N
Deena_Simon,0.96,0,0,0,0,0,0,0.04,0,0,NN
ellonor,0.29,0.02,0,0,0,0,0,0,0,0.68,NN
ShayminKing,0.42,0.13,0,0.14,0,0,0.01,0.28,0,0,NN
lukymere,0,0,0,0,1.0,0,0,0,0,0,NN
IaIaIander,0,0,0,0,0,0,0,0,0,0.98,NN
wildflowxo,0.85,0,0,0,0,0,0,0.14,0,0,NN
allstarsings,0.05,0.13,0.2,0.05,0,0,0.45,0.09,0.03,0,NN
Benfellows7,0.56,0.38,0,0,0,0,0,0.06,0,0,NN
kecarterr,0.75,0,0.16,0,0,0,0,0.03,0.05,0,NN
atah_ovagob91,0.02,0.02,0.02,0.02,0.02,0.02,0.67,0.17,0.02,0.02,NN
jesusemmanuelMV,0,0,0,0.21,0.79,0,0,0,0,0,NN
GuguJue,0.95,0,0,0.03,0,0,0,0.02,0,0,NN
imalwaysarusher,0.62,0.14,0.03,0,0,0,0,0,0,0.2,NN
beechEdesignz,0.21,0.26,0,0,0,0,0.08,0,0.43,0,NN
IzazagaJr,0.68,0.12,0,0,0,0,0,0.2,0,0,NN
tvxqs_,0.48,0.11,0.07,0.03,0,0,0.01,0.02,0,0.28,NN
la_chica_marcia,0,0,0,0,0.99,0,0,0,0,0,NN
theDRAMAQUEENb,0.91,0,0,0.05,0,0,0,0,0,0.03,NN
petermoore,0.08,0.64,0.02,0,0,0,0.09,0,0.17,0,NN
paulrharvey3,0.22,0.63,0,0.05,0,0.05,0.05,0,0,0,NN
nur_raudah,0.44,0,0,0.5,0,0,0.04,0,0.02,0,NN
elenacenteno3,0.46,0.26,0.01,0,0,0,0,0,0,0.25,NN
rileylovy23,0.24,0.02,0,0.53,0,0.01,0,0.2,0,0,NN
Baileeyylynnn,0.99,0,0,0,0,0,0,0.01,0,0,NN
dazzsb,0.45,0.04,0.03,0,0.04,0,0,0,0,0.44,NN
hawkrae,0.87,0.03,0,0,0,0,0.04,0,0.05,0,NN
Adjoa_alldAy,0.63,0,0,0,0,0,0.02,0.31,0.02,0,NN
_DxmBillingtxn,0.4,0.44,0.01,0,0,0,0.02,0.13,0,0,NN
LetsGoKato,0.16,0.05,0.01,0,0,0,0.31,0,0.45,0.02,NN
_doreli_,0.66,0,0,0,0,0,0,0.34,0,0,N
Jienam941015,0.23,0.01,0.23,0.05,0.03,0.05,0.03,0,0,0.38,NN
neezussays,0.69,0.01,0,0,0,0,0.06,0.21,0.02,0,NN
IfomaOkaye,0,0,0.64,0.01,0,0,0.35,0,0,0,NN
eromerox13,0.63,0.03,0,0,0,0,0,0.33,0,0,NN
maemaeshay,0.9,0,0,0,0,0,0,0.1,0,0,NN
basedemily,0.58,0,0,0,0,0,0,0.4,0,0,N
ChaseEiland,0.2,0.67,0.02,0,0,0,0.09,0,0.01,0,NN
iamChaiiAbesia,0.57,0,0,0.24,0,0.01,0.02,0,0,0.16,NN
shishuworld,0.16,0,0.56,0,0,0,0.09,0,0.19,0.01,NN
julenfernan,0,0.04,0.1,0,0.85,0,0,0.01,0,0,NN
k__K2617,0.33,0,0.42,0,0,0,0,0,0,0.25,NN
iSandraRosado,0,0,0,0,0.95,0,0,0.04,0,0,NN
signpamela,0.88,0.03,0.01,0,0,0,0.04,0,0.03,0,NN
olt160,0,0,0,0,1.0,0,0,0,0,0,NN
Pott_sey72,0.32,0.63,0,0,0,0,0,0.05,0,0,NN
AinsleeValles,0.99,0,0,0,0,0,0,0,0,0,NN
shellanancy_,0.28,0.08,0,0.59,0,0.02,0,0.01,0,0.02,NN
karlylemonroe,0.74,0.05,0.08,0.03,0,0,0,0.05,0,0.03,NN
nawachad,0.06,0.08,0.22,0.05,0.04,0.02,0.07,0,0,0.46,NN
red_empire,0.09,0.59,0,0.07,0,0,0.06,0.12,0,0.05,NN
StewWhitfield,0.14,0.66,0,0,0,0,0.17,0,0.02,0,NN
Punga007,0,0,0,0,0,0,1.0,0,0,0,NN
kahelialfonzhoe,0.87,0,0,0,0,0,0,0.12,0,0,NN
wastevocals,0.79,0.02,0.1,0,0,0,0.01,0.06,0,0.02,NN
marissafierro,0.94,0,0,0,0,0,0,0.06,0,0,NN
kayla_watt13,0.72,0,0,0,0,0,0,0.28,0,0,NN
JennELo,0.83,0.06,0,0,0,0,0,0.11,0,0,NN
emacosc,0.35,0.1,0.03,0,0.15,0,0.03,0.34,0,0,N
sooomanyshrimp,0.34,0.38,0,0,0,0,0.02,0.26,0,0,NN
savitha78,0.58,0,0,0,0,0,0.37,0,0.04,0,NN
s_naioka,0.84,0.01,0,0,0,0,0,0.13,0,0,NN
wanderingmindds,0.74,0.08,0.16,0,0,0,0,0,0,0,NN
tildecauwenb,0.6,0,0,0.33,0,0,0.01,0.06,0,0,NN
WhatsPappening,0.53,0.21,0,0,0,0,0.15,0,0.08,0,NN
Pridenisee33,0,0,0,0,1.0,0,0,0,0,0,NN
numykyferin,0,0,0,0,0,0,0,0,1.0,0,NN
blessedis_me,0.68,0,0,0,0,0,0,0.31,0.02,0,NN
moxyfruvous,0.54,0.2,0,0,0,0,0.11,0.03,0.09,0,NN
emilystlawrence,0.86,0.1,0,0,0,0,0,0.01,0,0.01,NN
ashishk199463,0.55,0,0,0.09,0,0.1,0,0.01,0,0.24,NN
paredesmabel,0,0,0,0,0.95,0,0,0,0.05,0,NN
raellita,0.02,0.02,0,0.07,0.87,0,0,0,0,0.02,NN
HyacinthieHannu,1.0,0,0,0,0,0,0,0,0,0,NN
caparica1975,0,0.11,0.06,0,0.01,0.05,0.74,0,0.02,0,NN
edwinhe70948041,0.53,0.06,0,0,0,0,0.02,0.38,0,0,N
InvGurInd,0,0,0,0,0,0,0.97,0,0.02,0,NN
taylorenke_,0.61,0,0,0,0,0,0,0.39,0,0,N
LawTRICIA,0.32,0.53,0,0,0,0,0.13,0,0.02,0,NN
kaitlinrak,0.84,0.03,0,0,0,0,0,0.1,0.02,0,NN
100k_Trey,0.03,0,0,0,0,0,0,0.96,0,0,N
azfarazhr_,0.66,0,0,0.34,0,0,0,0,0,0,NN
cwmpbb,0.94,0.01,0,0,0,0,0,0.04,0,0,NN
GadgetShopNG,0.13,0.01,0,0,0,0,0.83,0.03,0,0,NN
benmhennilina,0.02,0,0.4,0,0,0,0.5,0,0.07,0,NN
WilliamSeaton10,0.09,0.78,0,0,0,0,0,0.12,0,0,NN
cade_dallwitz1,0.47,0.52,0,0,0,0,0,0,0,0,NN
dead_babyy,0.49,0,0.02,0.19,0.14,0,0,0.06,0,0.09,NN
meanherrera,0.27,0.09,0.01,0,0,0,0.05,0,0,0.55,NN
ShaniandTheCity,0.37,0.37,0.05,0,0,0,0.09,0.04,0.04,0.03,NN
Morse781,0.05,0.33,0,0,0,0,0.02,0.61,0,0,N
Kimmyjustsayinn,0.78,0.02,0,0,0,0,0.04,0.14,0,0,NN
Bangtanojams,0.62,0.02,0.03,0.08,0,0,0,0.09,0,0.15,NN
PantyRadar,0.74,0.08,0.02,0,0,0,0.03,0.1,0.02,0.01,NN
RocioKunath,0,0,0.02,0,0.98,0,0,0,0,0,NN
03855trdb,0,0,0,0,1.0,0,0,0,0,0,NN
miles_hakim,0.69,0.08,0,0,0,0,0,0.24,0,0,NN
kelslynna,0.95,0,0,0,0,0,0.01,0.03,0,0,NN
Dwainvdw,0,0,0,0,0,0,0,0,0,1.0,NN
FirmacionShane,0.7,0,0,0,0,0,0,0,0,0.3,NN
RaeyvenSong,0.6,0.14,0,0,0,0.02,0.13,0,0.06,0.04,NN
jrmnkng,0,0,0,0,0,0,0,0,0,1.0,NN
m_liller,0.79,0.12,0,0,0,0,0,0,0.08,0,NN
thejjbelanger,0.55,0.1,0,0,0,0,0.18,0.09,0.06,0,NN
bieberspige12,0.55,0.14,0.11,0,0,0,0,0.05,0,0.15,NN
Admoretta,0,0,0,0.02,0.94,0,0.04,0,0,0,NN
AJHayez,0.48,0.45,0,0,0,0,0,0.08,0,0,NN
x3_lilChocolate,0.26,0,0,0,0,0,0,0.74,0,0,N
rochaiko,0.67,0,0,0,0,0,0.02,0.29,0,0,NN
TBankxx,0.19,0.44,0,0,0,0,0.08,0.26,0.02,0,NN
lalitweb,0,0.04,0,0,0,0,0.38,0,0.56,0,NN
2CW,0.01,0.96,0,0,0,0,0,0.02,0,0,NN
isaias_pereyra,0,0,0,0,1.0,0,0,0,0,0,NN
AhmadNurRohman,0,0.02,0,0.88,0,0,0.04,0,0.02,0.04,NN
ooccttoo,0.59,0.2,0,0,0,0.03,0.11,0.02,0.05,0,NN
justianahmad,0,0.19,0,0.81,0,0,0,0,0,0,NN
yupitstifftiff,0.69,0,0,0,0,0,0,0.28,0,0.03,NN
_gizzlybear,0.9,0.01,0,0,0,0,0.02,0.06,0,0,NN
katherine_nolem,0.96,0,0,0,0,0,0,0,0,0,NN
BrandonKobe_,0.08,0.61,0,0,0,0,0.03,0.26,0,0,NN
JadeJones009,0.94,0,0,0,0,0,0,0.06,0,0,NN
danisfahreza,0,0.83,0,0.09,0,0,0.04,0.03,0,0,NN
shantrelroberts,0.63,0,0,0,0,0,0,0.37,0,0,N
djgeemix,0.22,0.34,0.42,0,0,0,0,0,0,0,NN
charleyhallx,0.95,0.01,0,0,0,0,0,0.04,0,0,NN
AvritMcCotter,1.0,0,0,0,0,0,0,0,0,0,NN
ewaldh_,0.54,0.12,0,0,0,0,0.06,0.27,0,0,NN
Jana_Lamb,0.57,0.11,0.01,0,0,0,0.1,0,0.21,0,NN
tbhshyma,0.91,0,0,0.08,0,0,0,0,0,0,NN
sayydayy,0.76,0,0,0,0,0,0,0.24,0,0,NN
luklovesgreenb1,0.65,0.2,0,0,0,0,0.06,0.02,0.06,0,NN
04927lktb,0,0,0,0,1.0,0,0,0,0,0,NN
nath_harris7,0.76,0.18,0,0,0,0,0.02,0.04,0,0,NN
xobasura,0.82,0.01,0.05,0,0,0,0.02,0.07,0.02,0,NN
Its_3mmak,0.01,0.01,0.01,0.01,0.01,0.01,0.01,0.9,0.01,0.01,N
AngelitaRam,0,0.13,0.02,0.03,0.59,0.02,0.17,0,0.04,0,NN
TheCPU001,0,0.03,0,0,0,0.92,0.04,0,0,0,NN
Maddlynn13,0.87,0,0.1,0,0,0,0,0,0.02,0,NN
weeeeeeeei_ffrk,0.89,0.01,0.01,0.01,0.01,0.01,0.01,0.01,0.01,0.01,NN
AbbieAdwell,0.97,0.02,0,0,0,0,0,0,0,0,NN
KroarRadio,0,0.11,0.09,0,0,0.03,0,0.04,0.67,0.05,NN
gntran,0.76,0,0.01,0,0,0,0.02,0.2,0,0,NN
mozxa,0.82,0,0,0,0.02,0,0,0.15,0,0,NN
JoshInnes_WIP,0.36,0.35,0,0,0,0,0.04,0.24,0.01,0,NN
iamwizzz,0,0.24,0.09,0.01,0,0.02,0.46,0.17,0,0,NN
DeborahfromDetr,0.81,0.04,0,0,0,0,0.02,0.07,0.03,0.02,NN
Reach4MoJOYRN,0.28,0.21,0,0,0,0,0.12,0,0.37,0,NN
LongLiveB3N,0.46,0.15,0.02,0.01,0,0.02,0.08,0.26,0,0,NN
ChelsTopley,0.7,0.26,0.01,0,0,0,0,0.01,0,0.01,NN
ammarin_eve,0.06,0,0,0.09,0.01,0,0,0,0,0.83,NN
hoosierdaddytdh,0.56,0.3,0,0,0,0,0.07,0,0.06,0,NN
C_mentzer,0.96,0.01,0,0,0,0,0,0.03,0,0,NN
danicyarr,0.67,0.07,0,0,0,0,0.02,0.19,0.03,0.02,NN
DoubleUp_Byrdie,0.74,0.01,0,0,0,0,0,0.24,0,0,NN
trevorjanes23,0.75,0,0,0,0,0.19,0,0,0,0.06,NN
JINACONDA,0.58,0,0.17,0.02,0.01,0.04,0,0,0,0.17,NN
GrownS1mba,0.26,0.11,0,0,0,0,0.07,0.55,0.02,0,N
JoelNavarro9,0,0.05,0,0,0,0.02,0.83,0,0,0.1,NN
Shannonlatoya08,0.41,0,0,0,0,0,0,0.59,0,0,N
maybebecca,0.94,0.01,0,0,0,0,0.02,0,0.02,0,NN
Masta_Blasta47,0.4,0.46,0,0,0,0,0.04,0.09,0,0,NN
EllieHammy,0.82,0.12,0,0.05,0,0,0,0,0,0,NN
aj_emmanuel,0.39,0.03,0,0.4,0,0.07,0,0.11,0,0,NN
ahhh_dee,0.91,0,0,0,0,0,0,0.08,0,0,NN
BVBfansUK_NW,0,0.98,0,0,0,0,0,0,0,0,NN
Crystal_Fishy,0.4,0.2,0.05,0,0,0.01,0.08,0,0.11,0.14,NN
abby2012_abby,0.91,0.08,0,0,0,0,0,0,0.01,0,NN
GabrielaRodasC,0.47,0.03,0.02,0,0.37,0,0.04,0,0.04,0.03,NN
__Junebugg,0.02,0.45,0,0,0,0.02,0,0.51,0,0,N
Miss_Omotesho,0.69,0.13,0.02,0.01,0,0,0.02,0.11,0.01,0,NN
6geauxdess,0.75,0,0,0,0,0,0,0.22,0,0,NN
beatriz_bieber9,0.07,0.15,0,0,0.23,0,0,0,0,0.54,NN
2leftcheeks,0.96,0,0,0,0,0,0.01,0.01,0,0,NN
Gyumoo,0.39,0,0.02,0.39,0.02,0,0,0,0,0.18,NN
ibra_official93,0,0.12,0,0.85,0,0.03,0,0,0,0,NN
AndyWeldon1,0.37,0.49,0,0,0,0,0.11,0,0.02,0,NN
SuperErizzle,0.76,0.14,0,0,0,0,0.05,0,0.03,0,NN
officer_trey,0.29,0.64,0,0,0,0,0,0.05,0,0.01,NN
ScottyPenguin,0,0.06,0,0,0,0.15,0.77,0,0,0,NN
banditcab,0.25,0.19,0,0,0,0,0.52,0.04,0,0,NN
bengillam,0.37,0.29,0,0,0,0,0.31,0,0.01,0,NN
manicalIy,0.77,0,0,0,0,0,0,0.09,0,0.12,NN
OlgaGpe,0.43,0.03,0.03,0.03,0.37,0.03,0.03,0.03,0.03,0.03,NN
blairecap,0.59,0.09,0,0,0,0,0,0.31,0,0,NN
christine_cope,0.13,0.19,0.01,0.17,0,0,0.28,0,0.21,0,NN
RJBoone14,0.38,0.49,0,0,0,0,0,0.13,0,0,NN
LauraSymonxo,0.89,0.1,0,0,0,0,0,0,0,0,NN
Crafterxxx,0.23,0.6,0.03,0,0,0,0.07,0.07,0,0,NN
tekinsahan,0,0,0,0.2,0,0.02,0.77,0,0,0,NN
03051trdc,0,0,0,0,1.0,0,0,0,0,0,NN
irateGinger,0.53,0.41,0,0,0,0.01,0.03,0,0.01,0,NN
animaux__,0.77,0.12,0.03,0.01,0,0,0.02,0.03,0,0,NN
youknowkurt,0,0,0.98,0,0,0,0,0.02,0,0,NN
Nunu_Hope,0.88,0,0,0.05,0,0,0,0.06,0,0,NN
sesamakaltim,0,0.1,0.13,0.43,0.02,0,0,0.23,0,0.1,NN
heyymaisarah,0.81,0,0,0.17,0,0,0,0,0,0.02,NN
michaelaianaki,0.8,0.06,0.03,0,0,0.04,0,0.01,0,0.04,NN
BicPEN_,0.45,0.05,0,0,0,0,0.06,0.4,0,0.01,N
SabriMartinez15,0,0,0,0.37,0.63,0,0,0,0,0,NN
doublex2Dee,0.03,0.13,0,0,0,0,0,0.83,0,0,N
TheOG_PYT,0.66,0,0,0,0,0,0,0.33,0,0,NN
hanalakuzail,0.31,0.36,0.02,0.02,0.02,0.22,0.02,0.02,0.02,0.02,NN
lovelynnapicog,0.17,0,0,0,0.02,0,0,0,0,0.81,NN
filpap,0,0.2,0,0.28,0,0,0,0,0.29,0.2,NN
PRIYANLAKSHMAN,0.21,0,0.73,0,0,0,0,0,0,0.06,NN
Federiko21,0,0.22,0.08,0,0.63,0,0.06,0,0,0,NN
babydani16,0.49,0.46,0,0,0,0,0,0,0,0.05,NN
MusaDembele,0.47,0.2,0,0.03,0,0,0.02,0.25,0,0,NN
Lila_Nadine,0.9,0.07,0,0,0,0,0,0,0,0,NN
j0hnw0lf,0.02,0.96,0,0,0,0,0,0.02,0,0,NN
kanaafa,0.29,0.16,0,0,0,0,0.43,0,0.11,0,NN
AmandaTaylor08,0.19,0.69,0,0.02,0,0,0.1,0,0,0,NN
KaitlynnAjzensz,1.0,0,0,0,0,0,0,0,0,0,NN
SimpleDee_22,0.26,0.24,0,0,0,0,0,0.49,0,0,N
UknoTez,0.43,0,0,0,0,0,0,0.57,0,0,N
umisaeki,0.56,0,0.2,0.02,0.01,0,0,0.07,0,0.14,NN
Rosee_tothetop,0.52,0.15,0,0,0,0,0.03,0.3,0,0,NN
RITSUKO_MGK_AKZ,0,0.11,0,0,0,0,0,0,0.89,0,NN
_Faavi,0.88,0,0,0,0,0,0,0.12,0,0,NN
tracideannn,0.95,0,0,0,0,0,0,0.05,0,0,NN
ClementEmery,0,0,0.98,0,0.02,0,0,0,0,0,NN
trinitytorii,0.68,0,0,0,0,0,0,0.32,0,0,NN
TheHireRightGrl,0,0.04,0,0.04,0,0,0.69,0,0.21,0,NN
Cjrussell6,0,0,0,0,0,0,0,1.0,0,0,N
brblovingdemi,0.49,0.17,0.11,0,0,0.02,0,0.02,0,0.19,NN
DJG1NUCS,0.06,0.14,0.05,0.02,0.72,0,0,0.02,0,0,NN
chilll1d,0.54,0.01,0.4,0,0,0,0,0.03,0,0,NN
GwenSiblot,0,0,1.0,0,0,0,0,0,0,0,NN
fixpart16,0,0,0,0.06,0,0,0.77,0,0,0.16,NN
Joanna_Mitton,0.78,0.14,0.02,0,0,0.01,0.01,0,0.02,0.02,NN
rayanalnoh,0,0,0,0,0.08,0,0.38,0.2,0.33,0,NN
AmandineHln,0,0,1.0,0,0,0,0,0,0,0,NN
camillalewis,0.79,0.14,0,0,0,0,0.05,0,0,0,NN
xHarriett,0.91,0.09,0,0,0,0,0,0,0,0,NN
RatanLang,0,0.04,0,0,0,0,0.94,0,0,0.01,NN
nnnnut_,0.31,0.05,0.15,0.03,0.01,0.06,0,0.02,0,0.37,NN
HeatonJoleen,0.43,0.09,0.12,0,0,0.03,0.31,0.03,0,0,NN
TheyHateTykia,0.12,0,0,0,0,0,0,0.88,0,0,N
PrimatePromo,0,0,0,0.95,0,0.03,0,0,0,0.01,NN
jkshukla87,0.09,0,0.58,0.04,0,0,0.14,0,0,0.14,NN
naterwallace,0.58,0.32,0,0,0,0,0,0.09,0,0,NN
Qtypie018,0.69,0.06,0,0,0,0,0,0.25,0,0,NN
verminmark,0.42,0.43,0,0,0,0,0.08,0.04,0.02,0,NN
syaf106,0.6,0,0,0.4,0,0,0,0,0,0,NN
marv_p,0.43,0.33,0.03,0,0,0,0.12,0,0.06,0.03,NN
elliee_baynham,0.95,0.01,0,0,0,0,0,0,0.01,0,NN
eastersss,0.83,0.08,0.02,0,0,0,0.03,0,0.03,0,NN
ohsolegittt,0.78,0.05,0,0,0,0,0,0.16,0,0,NN
APM3141,0.58,0.04,0,0,0,0,0.24,0.02,0.12,0,NN
nicoleherygers,0.96,0.02,0,0,0,0,0,0.01,0,0,NN
andrewdaaboul,0.21,0.5,0,0,0,0,0.01,0.28,0,0,NN
cabreraelena5,0.75,0.03,0.04,0,0,0,0,0.12,0,0.04,NN
sunitanimbalkar,0.07,0.07,0,0,0,0.65,0.05,0,0.04,0.12,NN
JJMORGAN9122,0.35,0.02,0,0,0,0,0.45,0.09,0.09,0,NN
TBOE99,0.53,0.38,0,0,0,0,0,0.07,0,0,NN
nrlnzhh,0.44,0.24,0.03,0.21,0,0,0.03,0,0.02,0.02,NN
EspinalAngie,0,0,0.06,0,0.93,0,0,0,0,0,NN
SunilAshi,0.15,0.02,0,0,0,0.67,0.02,0,0.1,0.03,NN
the_closerr,0.71,0,0,0,0,0,0,0.29,0,0,NN
elardo_john,0.17,0.07,0,0,0,0,0,0,0,0.76,NN
Elsie_geselsie,0.13,0.11,0.11,0,0,0,0,0,0,0.64,NN
sayir07,0.3,0.22,0,0.27,0,0,0.2,0,0,0.02,NN
MenjoFukushu,0.77,0.02,0,0,0,0.02,0.16,0,0.02,0,NN
josweddingdress,0,0,0,0,0,1.0,0,0,0,0,NN
catarinaiaraujo,0.38,0.02,0,0.06,0.54,0,0,0,0,0,NN
Haileyamanduhhh,0.83,0.01,0,0,0,0,0.01,0.14,0,0,NN
alyssaclandez,0.82,0.08,0.05,0,0,0.01,0,0,0,0.02,NN
trippybella,0.48,0,0.08,0,0,0,0.08,0.32,0.04,0,NN
DykeVanTom,0.18,0.11,0,0,0,0,0.42,0.01,0.27,0,NN
yaboy_jrod,0.11,0.49,0,0,0,0,0,0.38,0,0,N
TvccSoftball,0,0.98,0,0,0,0,0.02,0,0,0,NN
AryaSetiadharma,0.05,0.06,0.02,0.1,0,0,0.48,0,0.28,0,NN
miyu_miyu121,0.05,0.05,0.05,0.05,0.05,0.05,0.05,0.55,0.05,0.05,N
dreayaya_WGP,0.87,0.01,0,0,0,0,0.04,0.06,0.01,0,NN
Hozer12,0.49,0.45,0,0,0,0,0,0.05,0,0,NN
thepx__,0.14,0,0,0.77,0,0,0.04,0,0,0.04,NN
MrHensen1,0.72,0.2,0,0,0,0,0.02,0.05,0,0,NN
BisettiVanessa,0.9,0,0,0,0,0,0,0.08,0,0,NN
UdaipurKiran,0,0,0,0,0,0,1.0,0,0,0,NN
Do_Not_Honk,0.25,0,0,0.02,0,0,0.67,0.01,0.01,0.03,NN
staceyNYCDC,0.4,0.22,0,0,0,0,0.19,0.05,0.14,0,NN
Firsticha_ichul,0.03,0,0.17,0.8,0,0,0,0,0,0,NN
ja4jack,0.91,0.03,0.03,0,0,0,0,0.04,0,0,NN
TeeDotsworld_,0.02,0,0,0,0,0,0,0.97,0,0,N
sadladygalo,0.62,0.1,0,0,0,0,0.08,0.15,0.04,0,NN
Pascacelio,0.5,0.07,0,0.04,0.16,0.01,0.02,0.17,0,0.02,NN
jokeyrhyme,0.24,0.04,0,0,0,0,0.62,0,0.1,0,NN
Vinnie125VIP,0.15,0.52,0,0,0,0,0.03,0.3,0,0,NN
Koroccann,0.55,0,0.05,0,0,0,0,0.29,0,0.11,NN
Tex2WestSeattle,0.41,0.53,0,0,0,0,0.02,0,0.04,0,NN
carlyjophillips,0.92,0.07,0,0,0,0,0,0,0,0,NN
jerome49k,0,0,0.95,0,0.05,0,0,0,0,0,NN
lujop83,0.26,0.72,0,0,0,0,0,0,0,0,NN
ConorTheKing,0.6,0.35,0,0,0,0,0.01,0.04,0,0,NN
domingotrejo1,0.14,0.17,0.22,0,0.44,0.02,0,0,0,0,NN
blranderson,0.95,0.02,0,0,0,0,0,0.02,0,0,NN
doili_tv,0,0,0,0.7,0,0.29,0,0,0,0,NN
KhpalWaziristan,0.12,0,0.04,0.28,0.04,0,0.39,0,0,0.13,NN
AmandaJihan,0.35,0,0,0.65,0,0,0,0,0,0,NN
itweetherGOOD,0.44,0,0,0,0,0,0,0.56,0,0,N
mr_iklan,0,0,0,0,0,0,0,0,0,1.0,NN
MarathiRT,0.03,0.26,0,0,0,0,0.3,0,0.05,0.37,NN
ianacedera,0.68,0.31,0,0,0,0,0,0,0,0,NN
jenconroy___,0.82,0.17,0,0,0,0,0,0,0,0,NN
NeelakshiDon,0.67,0.19,0,0,0,0,0,0,0.02,0.12,NN
AmyWilkes15,0.87,0.1,0,0,0,0,0,0.02,0,0,NN
eft_finance,0,0.06,0,0,0,0,0.93,0,0,0,NN
MACPAT83,0.35,0.49,0,0,0,0,0.03,0.11,0,0,NN
MagazineAlbania,0,0.17,0.57,0.07,0.17,0,0,0,0,0,NN
tastyliam,0.65,0.01,0.29,0,0,0,0,0.02,0,0.03,NN
P_bogan,0.2,0.19,0,0,0,0,0.46,0,0.15,0,NN
Becky__Patten,0.89,0,0,0,0,0,0,0.1,0,0,NN
Hello_jars,0.18,0.67,0.02,0,0,0.01,0,0,0.09,0.03,NN
wildfreckle,0.03,0.57,0,0,0,0,0.12,0,0.25,0.01,NN
becca_hoffman22,0.8,0.18,0,0,0,0,0.02,0,0,0,NN
KaseyWarmington,0.86,0.08,0,0,0,0,0.01,0.02,0.02,0,NN
luisangel201410,0.14,0.03,0.04,0,0.7,0.07,0,0,0,0.02,NN
_nidori,0.68,0.02,0.04,0,0.22,0,0.03,0,0,0,NN
Are_U_Hungry,0.36,0.54,0,0,0,0,0,0.04,0,0.04,NN
TheReelStevie_J,0.14,0.28,0,0.19,0,0,0,0.39,0,0,N
snoopy_vass,0.44,0.33,0.11,0.01,0,0.03,0,0,0,0.08,NN
uhshataa,0.6,0.06,0,0.01,0,0,0.02,0.29,0,0,NN
AlexJimenezDj,0,0.25,0.05,0.07,0.58,0,0,0.04,0,0.01,NN
Fiafifu,0.93,0.02,0,0.03,0,0,0,0,0,0,NN
ivannaezg,0.67,0.05,0.11,0,0.15,0,0,0,0,0,NN
Korinna10,0.74,0.25,0,0,0,0,0,0,0,0,NN
spunppppp,0.49,0,0.12,0,0.04,0,0.03,0,0,0.32,NN
Ugbaad_,0.54,0.02,0,0,0,0,0.11,0.3,0.01,0,NN
mathewflorence3,0.67,0.11,0,0,0,0.12,0.03,0.03,0,0.03,NN
geonews_en,0,0,0,0,0,0,1.0,0,0,0,NN
A_S_Kirschtorte,0.75,0,0,0,0,0.17,0,0,0,0,NN
GcHekk,0.05,0.05,0.05,0.05,0.05,0.05,0.05,0.55,0.05,0.05,N
BerdugoTamy,0,0,0,0,0.99,0,0,0,0,0,NN
faridpier,0.57,0.01,0,0.33,0,0,0.05,0.01,0.02,0,NN
nikotuazon,0.6,0.05,0,0,0,0,0.08,0.25,0.02,0,NN
AsroyyAlcantara,0.14,0.67,0,0.14,0,0,0.02,0.02,0,0,NN
Oceane_35230,0,0,0.99,0,0,0,0,0,0,0,NN
secretmixerx,0.16,0.07,0.54,0,0.05,0,0,0.01,0,0.16,NN
YolandaCruzCruz,0.3,0,0,0,0.69,0,0,0,0,0,NN
sdcmedia,0.05,0.5,0,0,0,0,0.38,0,0,0.04,NN
Paulyne_,0,0,0.98,0,0.02,0,0,0,0,0,NN
iTeshura,0.6,0.21,0,0,0,0,0.08,0,0.09,0,NN
dream_chaser_10,0.33,0.24,0,0,0,0,0.02,0.41,0,0,N
Shaawaaaa,0,0,0.05,0.15,0.7,0,0,0,0,0.11,NN
KSwarringin,0.99,0,0,0,0,0,0,0.01,0,0,NN
15turra,0.53,0.31,0.03,0,0.01,0,0,0,0,0.12,NN
ctrlaubrey,0.88,0,0,0,0,0,0,0.11,0,0,NN
MESSinAZ5,0.36,0,0,0,0,0,0.51,0.04,0.08,0,NN
Hypest_Nikku,0.72,0.18,0,0,0,0.01,0.03,0.04,0,0,NN
jswagsostupid,0.41,0.4,0,0,0,0,0,0.18,0,0,NN
wvrglenn4,0.03,0.66,0.06,0.01,0,0,0.21,0,0.03,0,NN
allenarayne,0.96,0,0,0,0,0,0,0.03,0,0,NN
Haylee_Mccray,0.91,0.03,0,0,0,0,0.04,0,0,0,NN
DuarteS45,0,0,0,0,0.76,0,0,0,0,0.24,NN
inejghvfa,0.74,0.07,0.05,0,0,0,0.06,0,0.08,0,NN
joanna230687,0.35,0.01,0.02,0,0,0,0,0.01,0,0.6,NN
NorburyEva,0.03,0,0,0,0,0.01,0.94,0,0,0,NN
lobakerrr,0.96,0,0,0,0,0,0,0.03,0,0,NN
sanomaru02251,0.02,0.02,0.85,0.02,0.02,0.02,0.02,0.02,0.02,0.02,NN
Emclub7,0.07,0.63,0,0.03,0,0,0.2,0.05,0,0.03,NN
badettecornelia,0.34,0.39,0.01,0,0,0,0.1,0,0.12,0.04,NN
SueHoll09387870,0.05,0.06,0.02,0,0,0.02,0.84,0,0,0,NN
MSfunsize69,0.35,0,0,0,0,0,0,0.65,0,0,N
vakta17,0.4,0.19,0,0,0,0.02,0.39,0,0,0,NN
ohitsmeandy,0.74,0,0,0,0,0,0,0.06,0,0.19,NN
JaclynBradley,0.82,0.13,0,0,0,0,0.05,0,0,0,NN
Lynnielou77,0.63,0.26,0.03,0,0,0.02,0.03,0,0.03,0,NN
dreahelfer,0.11,0.39,0.06,0,0,0,0.18,0,0.27,0,NN
LEXthePEX,0.12,0.85,0,0,0,0,0.01,0,0,0,NN
Brooklynnn_R,0.87,0.05,0,0,0,0,0.03,0.04,0,0,NN
Ale_carl36,0.21,0.15,0,0,0,0,0.63,0,0,0,NN
asdfgkxjd1,0.05,0.05,0.05,0.05,0.05,0.05,0.05,0.55,0.05,0.05,N
lariissaeviana,0.54,0,0,0,0.45,0,0,0.01,0,0,NN
Fututu,0.43,0.18,0.04,0.06,0,0,0.02,0.03,0,0.22,NN
krpn444,0,0.3,0,0.3,0,0.04,0.36,0,0,0,NN
UnkleAce,0.03,0.09,0,0,0,0.73,0.08,0.07,0,0,NN
ukon993301611,0.05,0.05,0.05,0.05,0.05,0.05,0.05,0.55,0.05,0.05,N
Maddawg_Davis,0.89,0,0,0,0,0,0,0.08,0,0,NN
MyLifeIsSRK,0.19,0.33,0,0.01,0,0,0.14,0,0,0.32,NN
RoraBartolomeu,1.0,0,0,0,0,0,0,0,0,0,NN
AmierBitch,0.5,0.05,0.02,0.02,0,0,0.06,0.32,0.02,0.01,NN
Hello_ImKYRA,0.57,0.11,0.06,0,0,0,0,0.26,0,0,NN
shelby_knight36,0.82,0,0,0,0,0,0,0.17,0,0,NN
rpillamaweather,0,0,0,0,0,1.0,0,0,0,0,NN
its_devinnnn,0.78,0,0.1,0,0,0,0,0.07,0.03,0,NN
jamoharvey,0.14,0.84,0,0,0,0,0,0,0.01,0,NN
MrBurnett4,0.44,0.22,0.21,0,0,0,0.01,0.04,0.06,0,NN
0qllisIho6CSKFo,0.05,0.05,0.05,0.05,0.05,0.05,0.05,0.55,0.05,0.05,N
OutlookFromHere,0.29,0,0,0.12,0,0,0,0,0.59,0,NN
akaShelbs,0.7,0.14,0,0,0,0,0.01,0.12,0.03,0,NN
chinedulopez,0.51,0.33,0,0.03,0,0,0.05,0.03,0.03,0.01,NN
angelgrimes36,0.88,0.07,0,0,0,0,0.01,0,0.01,0,NN
hermann_taylor,0.97,0.03,0,0,0,0,0,0,0,0,NN
sreejitsh,0.21,0.13,0,0,0,0,0.61,0,0.02,0.03,NN
Crabb90,0.24,0,0,0,0,0,0.49,0,0.26,0,NN
Le_Tebz,0.26,0.46,0,0,0,0,0.07,0.18,0.01,0,NN
18_27,0.02,0.67,0.11,0,0,0,0.11,0,0.01,0.07,NN
j_aki_8,0.39,0.5,0.06,0,0,0.02,0,0,0,0.03,NN
hijirisawayosio,0.7,0.03,0.03,0.03,0.03,0.03,0.03,0.03,0.03,0.03,NN
smearedeyes,0.74,0.15,0.06,0,0,0,0.04,0,0,0,NN
Nastsukii,0.65,0.15,0.13,0.01,0,0,0,0,0,0.06,NN
sarahllambert,0.92,0.06,0.02,0,0,0,0,0,0,0,NN
AuraPOPofficial,0.26,0.13,0.12,0,0,0.06,0.11,0,0.21,0.11,NN
Aleksandar_zevs,0,0,0.09,0.44,0.4,0.01,0,0.06,0,0,NN
TheRealLumpen,0.4,0.16,0.05,0.02,0,0,0.16,0.1,0.1,0,NN
IngridJCantu,0.85,0,0,0,0,0,0,0.15,0,0,NN
Carlos04185143,0.1,0.37,0.04,0.01,0,0.03,0.31,0.01,0.1,0.03,NN
tatunori513,0.03,0.03,0.03,0.03,0.03,0.03,0.03,0.03,0.7,0.03,NN
SheA1NTKi,0.64,0.02,0,0,0,0,0,0.33,0,0,NN
KatchHQ,0.19,0.33,0.1,0.04,0,0,0.25,0,0.06,0.02,NN
MahoneMaBoy,0.59,0.2,0.01,0,0,0,0,0,0,0.2,NN
therealZackKatz,0.02,0.65,0,0,0,0,0.17,0.16,0,0,NN
kinglamboheat21,0.79,0.02,0,0,0,0,0,0.18,0,0,NN
_Faraz,0.2,0.11,0.02,0,0,0,0.51,0,0.15,0,NN
JawedTweets,0.1,0.03,0,0,0,0,0.86,0,0,0,NN
Nat_xoo,0.77,0,0,0.08,0,0,0,0.15,0,0,NN
JG90210,1.0,0,0,0,0,0,0,0,0,0,NN
ColeBlooded16,0.27,0.36,0,0,0,0,0,0.36,0,0,N
tabatkins,0.45,0.08,0,0,0,0,0.3,0,0.16,0,NN
lydiaflorence_,0.91,0.06,0.01,0,0,0,0,0.01,0,0,NN
therealcandy88,0.4,0.02,0,0,0,0,0,0.57,0,0,N
Jus_Stu,0.17,0.31,0.01,0.04,0,0,0,0.44,0,0.02,N
DaaYusof,0.59,0,0,0.41,0,0,0,0,0,0,NN
luurivero87,0.01,0,0,0,0.98,0,0,0,0,0,NN
choploueh,0.55,0,0.29,0,0,0,0,0.14,0,0.01,NN
nate_gonzales,0.9,0.02,0,0,0,0,0,0.08,0,0,NN
wrestlingnomad,0.07,0.84,0,0,0,0,0.04,0.01,0.04,0,NN
onj_forshort,0.69,0.05,0,0,0,0,0.04,0.21,0.01,0,NN
falnelind,0.56,0,0,0.14,0.04,0,0,0.22,0,0.04,NN
vandalism_fd,0,0,0,0,0,0,0.94,0,0,0,NN
MSheikh313,0.76,0.08,0,0.02,0,0,0.07,0.07,0,0,NN
fuzamanraja,0.14,0.02,0.01,0.04,0,0,0.67,0,0.07,0.04,NN
RenzelMcSilver,0,0.04,0,0,0,0,0,0,0,0.95,NN
_delhiteLdy,0.47,0,0,0.28,0,0,0,0.04,0.13,0.08,NN
isa_abadia,0,0,0.02,0,0.87,0,0.09,0,0.02,0,NN
ritscrazker,0.65,0.01,0,0,0,0,0.25,0.02,0.06,0,NN
SNZ_STRTSIBLING,0.17,0.14,0.03,0.02,0,0.04,0,0.33,0.26,0,NN
_leannn2,0.58,0.04,0,0.06,0,0,0,0.32,0,0,NN
harshrajrox01,0.41,0,0.31,0,0,0,0.13,0.15,0,0,NN
KaranJa23931874,0.02,0.76,0,0,0,0,0.11,0,0.02,0.09,NN
Martoz96,0.82,0.02,0,0,0,0,0.07,0.07,0.01,0,NN
abraughler,0.8,0.08,0,0,0,0,0.07,0,0.04,0,NN
Futch_It37,0.85,0.02,0,0,0,0,0,0.12,0,0,NN
FlorBelieber99,0.08,0,0.02,0,0.86,0,0,0,0,0.04,NN
DrStrangeLove22,0.54,0.07,0,0,0,0,0.21,0,0.17,0,NN
OpulentCouture,0.43,0.28,0.04,0,0,0.03,0.17,0,0.02,0.02,NN
luisb21_,0.83,0.12,0,0,0,0,0,0.04,0,0,NN
3ine_s,0.97,0,0,0.02,0,0,0,0,0,0,NN
_Natykirsch,0,0,0,0,1.0,0,0,0,0,0,NN
jessicachido,0.68,0.07,0,0.02,0,0.02,0,0.02,0,0.19,NN
Jariff_,0.71,0.15,0.01,0,0,0,0.1,0,0.02,0,NN
Maddy_Stricks,0.87,0.06,0,0,0,0,0,0.06,0,0,NN
DNakkoud,0.94,0,0,0,0,0,0,0.06,0,0,NN
sammyflesher,0.47,0.41,0,0,0,0,0.03,0.08,0,0,NN
LaCretiaWomack,0,0.96,0,0,0,0,0,0.04,0,0,NN
Megadethchic,0.5,0.34,0,0,0,0.02,0.08,0.03,0.02,0,NN
WWERickGrimes,0.46,0.13,0,0,0,0.02,0.01,0.36,0,0,N
kopiarap,0,0.26,0,0.71,0,0,0.03,0,0,0,NN
Stockfiendz,0,0,0,0,0.02,0,0,0,0,0.98,NN
ScottHaynesRE,0.23,0.46,0.02,0,0,0,0.24,0,0.03,0.01,NN
TarnationTim,0.14,0.76,0,0,0,0.01,0.03,0.04,0.02,0,NN
Radio_V_L,0,0.05,0.82,0,0,0,0.13,0,0,0,NN
rebeccawoford,0.81,0,0,0,0,0,0,0.19,0,0,NN
SamsungSupport,0.02,0.55,0,0.04,0.07,0,0.3,0,0,0.02,NN
Cecilia_VS_444,0.05,0.05,0.05,0.05,0.05,0.05,0.05,0.55,0.05,0.05,N
mmargot94,0,0,0,0,1.0,0,0,0,0,0,NN
yanovi_,0.68,0.13,0.02,0.01,0,0.01,0.08,0.02,0.02,0.03,NN
sliceofcait,0.54,0.27,0.11,0,0,0.02,0.01,0.01,0.01,0.02,NN
nrppp__,0.93,0.02,0,0,0,0.01,0,0,0,0.05,NN
